command	permissive	policy_name	roles	table_name	using_expr	with_check_expr
ALL	PERMISSIVE	founder_all	authenticated	acceptance_signoff_checklist_r2508	is_founder()	is_founder()
SELECT	PERMISSIVE	account_deletions_select_own	authenticated	account_deletions	(auth.uid() = user_id)	
ALL	PERMISSIVE	founder_all	authenticated	account_equity_kt_items_r2379	is_founder()	is_founder()
ALL	PERMISSIVE	founder_all	authenticated	account_equity_transfers_r2379	is_founder()	is_founder()
ALL	PERMISSIVE	founder_all	authenticated	account_plan_actions_r2683	is_founder()	is_founder()
ALL	PERMISSIVE	founder_all	authenticated	account_plan_initiative_progress_r2603	is_founder()	is_founder()
INSERT	PERMISSIVE	admin_audit_log_insert_self_admin	public	admin_audit_log		((actor_id = auth.uid()) AND is_admin(auth.uid()))
SELECT	PERMISSIVE	admin_audit_log_select_admin	public	admin_audit_log	is_admin(auth.uid())	
ALL	PERMISSIVE	founder_all	authenticated	adoption_help_requests_r2484	is_founder()	is_founder()
ALL	PERMISSIVE	founder_all	authenticated	advisory_board_action_log_r2613	is_founder()	is_founder()
ALL	PERMISSIVE	founder_all	authenticated	advocacy_activities_r2495	is_founder()	is_founder()
ALL	PERMISSIVE	founder_all	authenticated	alignment_recovery_actions_r2641	is_founder()	is_founder()
ALL	PERMISSIVE	amc_admin_escalations_admin_all	authenticated	amc_admin_escalations	(is_admin(auth.uid()) OR is_founder())	(is_admin(auth.uid()) OR is_founder())
SELECT	PERMISSIVE	amc_affidavits_select	authenticated,service_role	amc_affidavits	((hospital_user_id = auth.uid()) OR is_founder())	
ALL	PERMISSIVE	founder_all	authenticated	amc_attach_improvement_actions_r2668	is_founder()	is_founder()
ALL	PERMISSIVE	amc_contracts_admin_all	authenticated	amc_contracts	(is_admin(auth.uid()) OR is_founder())	(is_admin(auth.uid()) OR is_founder())
SELECT	PERMISSIVE	amc_contracts_engineer_assigned	public	amc_contracts	((EXISTS ( SELECT 1 FROM engineers e WHERE ((e.id = amc_contracts.primary_engineer_id) AND (e.user_id = auth.uid())))) OR amc_rotation_includes_user(id, auth.uid()))	
SELECT	PERMISSIVE	amc_contracts_hospital_own	public	amc_contracts	(auth.uid() = hospital_user_id)	
SELECT	PERMISSIVE	amc_rotation_visible_to_party	public	amc_engineer_rotation	((EXISTS ( SELECT 1 FROM engineers e WHERE ((e.id = amc_engineer_rotation.engineer_id) AND (e.user_id = auth.uid())))) OR amc_contract_is_party(amc_contract_id, auth.uid()) OR is_admin(auth.uid()) OR is_founder())	
ALL	PERMISSIVE	founder_all	authenticated	amc_onboarding_handover_signoffs_r2460	is_founder()	is_founder()
ALL	PERMISSIVE	founder_all	authenticated	amc_onboarding_steps_r2460	is_founder()	is_founder()
ALL	PERMISSIVE	amc_payment_orders_admin_all	authenticated	amc_payment_orders	(is_admin(auth.uid()) OR is_founder())	(is_admin(auth.uid()) OR is_founder())
SELECT	PERMISSIVE	amc_payment_orders_hospital_own	public	amc_payment_orders	(EXISTS ( SELECT 1 FROM amc_contracts c WHERE ((c.id = amc_payment_orders.amc_contract_id) AND (c.hospital_user_id = auth.uid()))))	
ALL	PERMISSIVE	amc_payment_pool_admin_all	authenticated	amc_payment_pool	(is_admin(auth.uid()) OR is_founder())	(is_admin(auth.uid()) OR is_founder())
SELECT	PERMISSIVE	amc_payment_pool_engineer_assigned	public	amc_payment_pool	((EXISTS ( SELECT 1 FROM (amc_contracts c JOIN engineers e ON ((e.id = c.primary_engineer_id))) WHERE ((c.id = amc_payment_pool.amc_contract_id) AND (e.user_id = auth.uid())))) OR (EXISTS ( SELECT 1 FROM (amc_engineer_rotation r JOIN engineers e ON ((e.id = r.engineer_id))) WHERE ((r.amc_contract_id = amc_payment_pool.amc_contract_id) AND (e.user_id = auth.uid()) AND (r.active = true)))))	
SELECT	PERMISSIVE	amc_payment_pool_hospital_own	public	amc_payment_pool	(EXISTS ( SELECT 1 FROM amc_contracts c WHERE ((c.id = amc_payment_pool.amc_contract_id) AND (c.hospital_user_id = auth.uid()))))	
ALL	PERMISSIVE	amc_renewal_attempts_admin_all	authenticated	amc_renewal_attempts	(is_admin(auth.uid()) OR is_founder())	(is_admin(auth.uid()) OR is_founder())
SELECT	PERMISSIVE	amc_renewal_attempts_hospital_own	public	amc_renewal_attempts	(EXISTS ( SELECT 1 FROM amc_contracts c WHERE ((c.id = amc_renewal_attempts.amc_contract_id) AND (c.hospital_user_id = auth.uid()))))	
ALL	PERMISSIVE	founder_all	authenticated	amc_renewal_runway_r2428	is_founder()	is_founder()
ALL	PERMISSIVE	amc_sla_breaches_admin_all	authenticated	amc_sla_breaches	(is_admin(auth.uid()) OR is_founder())	(is_admin(auth.uid()) OR is_founder())
SELECT	PERMISSIVE	amc_sla_breaches_engineer_assigned	public	amc_sla_breaches	((EXISTS ( SELECT 1 FROM (repair_jobs rj JOIN engineers e ON ((e.id = rj.engineer_id))) WHERE ((rj.id = amc_sla_breaches.visit_id) AND (e.user_id = auth.uid())))) OR (EXISTS ( SELECT 1 FROM (amc_engineer_rotation r JOIN engineers e ON ((e.id = r.engineer_id))) WHERE ((r.amc_contract_id = amc_sla_breaches.amc_contract_id) AND (r.active = true) AND (e.user_id = auth.uid())))))	
SELECT	PERMISSIVE	amc_sla_breaches_hospital_own	public	amc_sla_breaches	(EXISTS ( SELECT 1 FROM amc_contracts c WHERE ((c.id = amc_sla_breaches.amc_contract_id) AND (c.hospital_user_id = auth.uid()))))	
SELECT	PERMISSIVE	amc_subscription_charges_admin_all	authenticated	amc_subscription_charges	(is_admin(auth.uid()) OR is_founder())	
SELECT	PERMISSIVE	amc_subscription_charges_engineer_party	authenticated	amc_subscription_charges	(EXISTS ( SELECT 1 FROM (amc_engineer_rotation r JOIN engineers e ON ((e.id = r.engineer_id))) WHERE ((r.amc_contract_id = amc_subscription_charges.amc_contract_id) AND (e.user_id = auth.uid()) AND (r.active = true))))	
SELECT	PERMISSIVE	amc_subscription_charges_hospital_own	authenticated	amc_subscription_charges	(EXISTS ( SELECT 1 FROM amc_contracts c WHERE ((c.id = amc_subscription_charges.amc_contract_id) AND (c.hospital_user_id = auth.uid()))))	
SELECT	PERMISSIVE	amc_subscription_tiers_select	anon,authenticated	amc_subscription_tiers	true	
SELECT	PERMISSIVE	amc_subscriptions_admin_all	authenticated	amc_subscriptions	(is_admin(auth.uid()) OR is_founder())	
SELECT	PERMISSIVE	amc_subscriptions_engineer_party	authenticated	amc_subscriptions	(EXISTS ( SELECT 1 FROM (amc_engineer_rotation r JOIN engineers e ON ((e.id = r.engineer_id))) WHERE ((r.amc_contract_id = amc_subscriptions.amc_contract_id) AND (e.user_id = auth.uid()) AND (r.active = true))))	
SELECT	PERMISSIVE	amc_subscriptions_hospital_own	authenticated	amc_subscriptions	(EXISTS ( SELECT 1 FROM amc_contracts c WHERE ((c.id = amc_subscriptions.amc_contract_id) AND (c.hospital_user_id = auth.uid()))))	
ALL	PERMISSIVE	founder_all	authenticated	amc_tier_bump_events_r2208	is_founder()	is_founder()
ALL	PERMISSIVE	founder_all	authenticated	amc_tier_bump_requests_r2208	is_founder()	is_founder()
ALL	PERMISSIVE	founder_all	authenticated	amc_upsell_opportunities_r2436	is_founder()	is_founder()
ALL	PERMISSIVE	founder_all	authenticated	amc_upsell_signals_log_r2436	is_founder()	is_founder()
SELECT	PERMISSIVE	analytics_events_no_read	anon,authenticated	analytics_events	false	
ALL	PERMISSIVE	founder_all	authenticated	anniversary_gesture_impact_ledger_r2762	is_founder()	is_founder()
ALL	PERMISSIVE	founder_all	authenticated	anniversary_milestones_r2805	is_founder()	is_founder()
ALL	PERMISSIVE	founder_all	authenticated	anniversary_stories_r2805	is_founder()	is_founder()
ALL	PERMISSIVE	alp_r3037_founder_all	public	annual_letter_promises_r3037	is_founder()	is_founder()
ALL	PERMISSIVE	founder_all	authenticated	anti_pattern_kill_actions_r2509	is_founder()	is_founder()
ALL	PERMISSIVE	apprentice_milestones_v2_founder_all	authenticated	apprentice_milestones_v2	is_founder()	is_founder()
ALL	PERMISSIVE	apprentice_pairings_v2_founder_all	authenticated	apprentice_pairings_v2	is_founder()	is_founder()
ALL	PERMISSIVE	founder_all	authenticated	arrival_buffer_jobs_r2828	is_founder()	is_founder()
ALL	PERMISSIVE	founder_all	authenticated	arrival_buffer_refine_actions_r2828	is_founder()	is_founder()
ALL	PERMISSIVE	founder_all	authenticated	arrival_window_promises_r2712	is_founder()	is_founder()
ALL	PERMISSIVE	founder_all	authenticated	arrival_window_refinements_r2712	is_founder()	is_founder()
ALL	PERMISSIVE	founder_all	authenticated	asset_tag_compliance_gap_actions_r2835	is_founder()	is_founder()
ALL	PERMISSIVE	founder_all	authenticated	asset_utilization_growth_actions_r2503	is_founder()	is_founder()
SELECT	PERMISSIVE	alc_r2993_select	public	assurance_letter_clauses_r2993	is_founder()	
ALL	PERMISSIVE	founder_all	authenticated	attrition_retention_plans_r2482	is_founder()	is_founder()
ALL	PERMISSIVE	founder_all	authenticated	audit_corrective_actions_r2516	is_founder()	is_founder()
ALL	PERMISSIVE	founder_all	authenticated	backup_engineer_coverage_r2470	is_founder()	is_founder()
ALL	PERMISSIVE	bank_accounts self	public	bank_accounts	((auth.uid() = user_id) OR is_admin(auth.uid()))	((auth.uid() = user_id) OR is_admin(auth.uid()))
SELECT	PERMISSIVE	r3039_audits_founder_select	public	bath_lift_hydraulic_audits_r3039	is_founder()	
SELECT	PERMISSIVE	r3039_wo_founder_select	public	bath_lift_remediation_workorders_r3039	is_founder()	
SELECT	PERMISSIVE	r3002_insp_founder_read	public	bath_lift_sling_inspections_r3002	is_founder()	
SELECT	PERMISSIVE	r3002_repl_founder_read	public	bath_lift_sling_replacements_r3002	is_founder()	
ALL	PERMISSIVE	founder_all	authenticated	bb_uptime_interventions_r2791	is_founder()	is_founder()
SELECT	PERMISSIVE	btld_r3072_founder_select	public	bedside_tablet_lock_discipline_r3072	is_founder()	
ALL	PERMISSIVE	founder_all	authenticated	bet_evidence_log_r2433	is_founder()	is_founder()
ALL	PERMISSIVE	founder_all	authenticated	bet_learnings_r2681	is_founder()	is_founder()
ALL	PERMISSIVE	founder_all	authenticated	bet_reweight_events_r2737	is_founder()	is_founder()
ALL	PERMISSIVE	founder_all	authenticated	bilingual_handover_sessions_r2876	is_founder()	is_founder()
ALL	PERMISSIVE	founder_all	authenticated	billing_correction_actions_r2604	is_founder()	is_founder()
ALL	PERMISSIVE	founder_all	authenticated	billing_dispute_root_cause_kills_r2439	is_founder()	is_founder()
ALL	PERMISSIVE	founder_all	authenticated	blood_bank_refrigerator_uptime_r2791	is_founder()	is_founder()
ALL	PERMISSIVE	founder_all	authenticated	board_action_items_r2857	is_founder()	is_founder()
ALL	PERMISSIVE	bai_r3081_founder_all	public	board_advisor_action_items_r3081	is_founder()	is_founder()
SELECT	PERMISSIVE	bai_r3081_founder_select	public	board_advisor_action_items_r3081	is_founder()	
ALL	PERMISSIVE	boh_r3081_founder_all	public	board_advisor_office_hours_r3081	is_founder()	is_founder()
SELECT	PERMISSIVE	boh_r3081_founder_select	public	board_advisor_office_hours_r3081	is_founder()	
ALL	PERMISSIVE	founder_all	authenticated	board_deck_archive_r2801	is_founder()	is_founder()
ALL	PERMISSIVE	founder_all	authenticated	board_deck_followup_log_r2801	is_founder()	is_founder()
ALL	PERMISSIVE	founder_all	authenticated	board_deck_hard_question_drills_r2861	is_founder()	is_founder()
ALL	PERMISSIVE	founder_all	authenticated	board_deck_questions_r2501	is_founder()	is_founder()
ALL	PERMISSIVE	founder_all	authenticated	board_deck_rehearsal_sessions_r2861	is_founder()	is_founder()
ALL	PERMISSIVE	founder_all	authenticated	board_engagement_follow_ups_r2559	is_founder()	is_founder()
ALL	PERMISSIVE	founder_all	authenticated	board_meeting_actions_r2453	is_founder()	is_founder()
ALL	PERMISSIVE	founder_all	authenticated	board_meetings_r2453	is_founder()	is_founder()
ALL	PERMISSIVE	founder_all	authenticated	board_meetings_r2857	is_founder()	is_founder()
ALL	PERMISSIVE	board_observer_founder_only	authenticated	board_observer_onboarding	is_founder()	is_founder()
ALL	PERMISSIVE	board_observer_log_founder_only	authenticated	board_observer_step_log	is_founder()	is_founder()
ALL	PERMISSIVE	founder_all	public	board_pack_finalize_log_r2285	is_founder()	is_founder()
ALL	PERMISSIVE	founder_all	public	board_pack_metrics_r2285	is_founder()	is_founder()
ALL	PERMISSIVE	claims_r2889_founder_all	authenticated	board_pack_narrative_claims_r2889	is_founder()	is_founder()
ALL	PERMISSIVE	founder_all	authenticated	board_pack_section_quality_r2481	is_founder()	is_founder()
ALL	PERMISSIVE	founder_all	authenticated	board_pre_meeting_outcomes_r2645	is_founder()	is_founder()
ALL	PERMISSIVE	founder_all	authenticated	board_prep_checklist_evidence_r2749	is_founder()	is_founder()
ALL	PERMISSIVE	founder_all	authenticated	board_prep_checklist_items_r2749	is_founder()	is_founder()
SELECT	PERMISSIVE	bonded_parts_dispatch_select	authenticated,service_role	bonded_parts_dispatch	((engineer_user_id = auth.uid()) OR (EXISTS ( SELECT 1 FROM repair_jobs rj WHERE ((rj.id = bonded_parts_dispatch.repair_job_id) AND (rj.hospital_user_id = auth.uid())))) OR is_founder())	
SELECT	PERMISSIVE	bonded_parts_install_event_select	authenticated,service_role	bonded_parts_install_event	((scanned_by = auth.uid()) OR (hospital_user_id = auth.uid()) OR is_founder())	
SELECT	PERMISSIVE	bonded_parts_intake_select	authenticated,service_role	bonded_parts_intake	is_founder()	
SELECT	PERMISSIVE	bonded_parts_suppliers_select	authenticated,service_role	bonded_parts_suppliers	true	
ALL	PERMISSIVE	founder_all	authenticated	brand_equity_campaigns_r2781	is_founder()	is_founder()
ALL	PERMISSIVE	founder_all	authenticated	brand_equity_segments_r2781	is_founder()	is_founder()
ALL	PERMISSIVE	founder_all	authenticated	bridge_funding_asks_r2725	is_founder()	is_founder()
ALL	PERMISSIVE	founder_all	authenticated	bridge_funding_wires_r2725	is_founder()	is_founder()
ALL	PERMISSIVE	founder_all	authenticated	buddy_program_outcomes_r2662	is_founder()	is_founder()
ALL	PERMISSIVE	founder_all	authenticated	budget_cycle_decision_log_r2556	is_founder()	is_founder()
ALL	PERMISSIVE	founder_all	authenticated	budget_cycle_refill_actions_r2696	is_founder()	is_founder()
ALL	PERMISSIVE	founder_all	authenticated	bug_report_quality_scores_r2514	is_founder()	is_founder()
ALL	PERMISSIVE	founder_all	authenticated	bulk_pricing_decision_log_r2588	is_founder()	is_founder()
ALL	PERMISSIVE	founder_all	authenticated	bundle_amc_renewal_refine_plays_r2856	is_founder()	is_founder()
ALL	PERMISSIVE	founder_all	authenticated	bundle_attach_log_r2611	is_founder()	is_founder()
SELECT	PERMISSIVE	burn_unit_disinfection_findings_r3087_founder_select	authenticated	burn_unit_disinfection_findings_r3087	is_founder()	
SELECT	PERMISSIVE	burn_unit_tub_calibrations_r3087_founder_select	authenticated	burn_unit_tub_calibrations_r3087	is_founder()	
ALL	PERMISSIVE	founder_all	authenticated	burnout_interventions_r2430	is_founder()	is_founder()
INSERT	PERMISSIVE	buyer_kyc_insert_own	authenticated	buyer_kyc_verifications		((user_id = auth.uid()) AND (status = 'pending'::text))
SELECT	PERMISSIVE	buyer_kyc_select_own	authenticated	buyer_kyc_verifications	(user_id = auth.uid())	
ALL	PERMISSIVE	founder_all	authenticated	c_suite_intro_outcomes_r2475	is_founder()	is_founder()
ALL	PERMISSIVE	founder_all	authenticated	c_suite_meeting_outcomes_r2595	is_founder()	is_founder()
ALL	PERMISSIVE	founder_all	authenticated	c_suite_tone_adjustment_actions_r2599	is_founder()	is_founder()
ALL	PERMISSIVE	founder_all	authenticated	cab_contributions_r2717	is_founder()	is_founder()
ALL	PERMISSIVE	founder_all	authenticated	cab_members_r2717	is_founder()	is_founder()
SELECT	PERMISSIVE	cab_outputs_r3041_founder_select	public	cab_quarterly_outputs_r3041	is_founder()	
SELECT	PERMISSIVE	r2956_audits_founder	authenticated	cafeteria_hygiene_audits_r2956	is_founder()	
SELECT	PERMISSIVE	r2956_findings_founder	authenticated	cafeteria_hygiene_findings_r2956	is_founder()	
ALL	PERMISSIVE	calib_records org access	public	calibration_records	((EXISTS ( SELECT 1 FROM equipment eq WHERE ((eq.id = calibration_records.equipment_id) AND is_org_member(auth.uid(), eq.organization_id)))) OR is_admin(auth.uid()))	((EXISTS ( SELECT 1 FROM equipment eq WHERE ((eq.id = calibration_records.equipment_id) AND is_org_member(auth.uid(), eq.organization_id)))) OR is_admin(auth.uid()))
INSERT	PERMISSIVE	calib_svc org insert	public	calibration_services		is_org_member(auth.uid(), organization_id)
SELECT	PERMISSIVE	calib_svc parties read	public	calibration_services	(is_org_member(auth.uid(), organization_id) OR is_org_member(auth.uid(), service_provider_id) OR (EXISTS ( SELECT 1 FROM engineers e WHERE ((e.id = calibration_services.engineer_id) AND (e.user_id = auth.uid())))) OR is_admin(auth.uid()))	
UPDATE	PERMISSIVE	calib_svc parties update	public	calibration_services	(is_org_member(auth.uid(), organization_id) OR is_org_member(auth.uid(), service_provider_id) OR (EXISTS ( SELECT 1 FROM engineers e WHERE ((e.id = calibration_services.engineer_id) AND (e.user_id = auth.uid())))) OR is_admin(auth.uid()))	(is_org_member(auth.uid(), organization_id) OR is_org_member(auth.uid(), service_provider_id) OR (EXISTS ( SELECT 1 FROM engineers e WHERE ((e.id = calibration_services.engineer_id) AND (e.user_id = auth.uid())))) OR is_admin(auth.uid()))
ALL	PERMISSIVE	cbc_r3024_founder_all	authenticated	call_bell_cable_checks_r3024	is_founder()	is_founder()
ALL	PERMISSIVE	cbms_r3024_founder_all	authenticated	call_bell_monthly_summary_r3024	is_founder()	is_founder()
ALL	PERMISSIVE	founder_all	authenticated	callback_elimination_action_r2732	is_founder()	is_founder()
ALL	PERMISSIVE	founder_all	authenticated	callback_loose_ends_resolution_r2522	is_founder()	is_founder()
ALL	PERMISSIVE	founder_all	authenticated	callout_fatigue_metrics_r2467	is_founder()	is_founder()
ALL	PERMISSIVE	founder_all	authenticated	cap_table_dilution_events_r2529	is_founder()	is_founder()
ALL	PERMISSIVE	founder_all_cap_snap_r1685	public	cap_table_quarterly_snapshots_r1685	is_founder()	is_founder()
ALL	PERMISSIVE	cap_table_scenario_lines_v2_founder	authenticated	cap_table_scenario_lines_v2	is_founder()	is_founder()
ALL	PERMISSIVE	founder_all	authenticated	cap_table_scenarios_r2421	is_founder()	is_founder()
ALL	PERMISSIVE	cap_table_scenarios_v2_founder	authenticated	cap_table_scenarios_v2	is_founder()	is_founder()
ALL	PERMISSIVE	founder_all_sh_snap_r1685	public	cap_table_shareholder_snapshots_r1685	is_founder()	is_founder()
ALL	PERMISSIVE	cap_table_v3_events_founder_only	authenticated	cap_table_v3_events	is_founder()	is_founder()
ALL	PERMISSIVE	cap_table_v3_holdings_founder_only	authenticated	cap_table_v3_holdings	is_founder()	is_founder()
SELECT	PERMISSIVE	cre_r2986_founder_select	authenticated	capsule_route_events_r2986	is_founder()	
ALL	PERMISSIVE	founder_all	authenticated	care_package_followup_actions_r2638	is_founder()	is_founder()
DELETE	PERMISSIVE	cart_items owner delete	authenticated	cart_items	(auth.uid() = user_id)	
INSERT	PERMISSIVE	cart_items owner insert	authenticated	cart_items		(auth.uid() = user_id)
SELECT	PERMISSIVE	cart_items owner select	authenticated	cart_items	(auth.uid() = user_id)	
UPDATE	PERMISSIVE	cart_items owner update	authenticated	cart_items	(auth.uid() = user_id)	(auth.uid() = user_id)
SELECT	PERMISSIVE	cash_survey_select_admin	public	cash_survey_responses	(is_admin(auth.uid()) OR is_founder())	
SELECT	PERMISSIVE	cash_survey_select_hospital	public	cash_survey_responses	(auth.uid() = hospital_user_id)	
SELECT	PERMISSIVE	catalog_brands_public_read	anon,authenticated	catalog_brands	true	
SELECT	PERMISSIVE	catalog_devices_public_read	anon,authenticated	catalog_devices	true	
SELECT	PERMISSIVE	catalog_ref_public_read	anon,authenticated	catalog_reference_items	true	
ALL	PERMISSIVE	founder_all	authenticated	celebration_engagement_outcomes_r2646	is_founder()	is_founder()
SELECT	PERMISSIVE	r3034_log_founder_read	authenticated	centrifuge_bearing_replacement_log_r3034	is_founder()	
SELECT	PERMISSIVE	r3034_audits_founder_read	authenticated	centrifuge_imbalance_audits_r3034	is_founder()	
ALL	PERMISSIVE	founder_all	authenticated	cfo_pitch_pipeline_r2535	is_founder()	is_founder()
ALL	PERMISSIVE	founder_all	authenticated	chain_account_plans_r2683	is_founder()	is_founder()
ALL	PERMISSIVE	founder_all	authenticated	chain_amc_renewal_funnel_r2587	is_founder()	is_founder()
ALL	PERMISSIVE	founder_all	authenticated	chain_amendment_revisions_r2423	is_founder()	is_founder()
ALL	PERMISSIVE	founder_all	authenticated	chain_asset_utilization_r2503	is_founder()	is_founder()
ALL	PERMISSIVE	founder_all	authenticated	chain_attribution_touchpoints_r2847	is_founder()	is_founder()
ALL	PERMISSIVE	founder_all	authenticated	chain_bid_competitor_analysis_r2515	is_founder()	is_founder()
ALL	PERMISSIVE	founder_all	authenticated	chain_bids_r2515	is_founder()	is_founder()
ALL	PERMISSIVE	founder_all	authenticated	chain_billing_disputes_r2439	is_founder()	is_founder()
ALL	PERMISSIVE	founder_all	authenticated	chain_board_engagements_r2559	is_founder()	is_founder()
ALL	PERMISSIVE	founder_all	authenticated	chain_board_resolutions_r2615	is_founder()	is_founder()
ALL	PERMISSIVE	founder_all	authenticated	chain_board_trustee_relations_r2579	is_founder()	is_founder()
ALL	PERMISSIVE	founder_all	authenticated	chain_c_suite_communication_style_r2599	is_founder()	is_founder()
ALL	PERMISSIVE	founder_all	authenticated	chain_c_suite_intros_r2475	is_founder()	is_founder()
ALL	PERMISSIVE	founder_all	authenticated	chain_c_suite_meeting_cadence_r2595	is_founder()	is_founder()
ALL	PERMISSIVE	founder_all	authenticated	chain_capacity_headroom_opportunities_r2807	is_founder()	is_founder()
ALL	PERMISSIVE	founder_all	authenticated	chain_cfo_budget_cycles_r2535	is_founder()	is_founder()
ALL	PERMISSIVE	founder_all	authenticated	chain_churn_risk_scores_r2327	is_founder()	is_founder()
ALL	PERMISSIVE	founder_all	authenticated	chain_clinical_outcome_link_r2643	is_founder()	is_founder()
ALL	PERMISSIVE	founder_all	authenticated	chain_clinical_workflow_bottlenecks_r2803	is_founder()	is_founder()
ALL	PERMISSIVE	founder_all	authenticated	chain_clinician_training_outcomes_r2763	is_founder()	is_founder()
ALL	PERMISSIVE	founder_all	authenticated	chain_clinician_training_sessions_r2763	is_founder()	is_founder()
ALL	PERMISSIVE	founder_all	authenticated	chain_co_marketing_deals_r2487	is_founder()	is_founder()
ALL	PERMISSIVE	founder_all	authenticated	chain_collateral_usage_r2507	is_founder()	is_founder()
ALL	PERMISSIVE	founder_all	authenticated	chain_consolidation_pressure_r2647	is_founder()	is_founder()
ALL	PERMISSIVE	founder_all	authenticated	chain_contract_amendments_r2423	is_founder()	is_founder()
ALL	PERMISSIVE	founder_all	authenticated	chain_cosign_cycles_r2811	is_founder()	is_founder()
ALL	PERMISSIVE	founder_all	authenticated	chain_coverage_action_plans_r2455	is_founder()	is_founder()
ALL	PERMISSIVE	founder_all	authenticated	chain_cross_sell_bundles_r2611	is_founder()	is_founder()
ALL	PERMISSIVE	founder_all	authenticated	chain_cs_playbook_runs_r2483	is_founder()	is_founder()
ALL	PERMISSIVE	founder_all	authenticated	chain_customer_advocates_r2495	is_founder()	is_founder()
ALL	PERMISSIVE	founder_all	authenticated	chain_customer_success_stories_r2607	is_founder()	is_founder()
ALL	PERMISSIVE	cdmr_r2371_founder_all	authenticated	chain_decision_maker_rotations_r2371	is_founder()	is_founder()
ALL	PERMISSIVE	founder_all	authenticated	chain_decision_makers_r2435	is_founder()	is_founder()
ALL	PERMISSIVE	founder_all	authenticated	chain_decommission_assets_r2771	is_founder()	is_founder()
ALL	PERMISSIVE	founder_all	authenticated	chain_decommission_quarterly_rollup_r2771	is_founder()	is_founder()
ALL	PERMISSIVE	founder_all	authenticated	chain_dso_snapshots_r2468	is_founder()	is_founder()
ALL	PERMISSIVE	founder_all	authenticated	chain_emergency_deployments_r2591	is_founder()	is_founder()
ALL	PERMISSIVE	founder_all	authenticated	chain_equipment_decommissions_r2571	is_founder()	is_founder()
ALL	PERMISSIVE	founder_all	authenticated	chain_equipment_insurance_policies_r2823	is_founder()	is_founder()
ALL	PERMISSIVE	founder_all	authenticated	chain_equipment_investment_pipeline_r2639	is_founder()	is_founder()
ALL	PERMISSIVE	founder_all	authenticated	chain_equipment_master_quality_r2523	is_founder()	is_founder()
ALL	PERMISSIVE	founder_all	authenticated	chain_equipment_shift_utilization_r2499	is_founder()	is_founder()
ALL	PERMISSIVE	founder_all	authenticated	chain_equipment_uptime_r2431	is_founder()	is_founder()
ALL	PERMISSIVE	founder_all	authenticated	chain_exec_event_attendance_r2635	is_founder()	is_founder()
ALL	PERMISSIVE	founder_all_chain_exec_sponsor_touches_r2355	authenticated	chain_exec_sponsor_touches_r2355	is_founder()	is_founder()
ALL	PERMISSIVE	founder_all_chain_exec_sponsors_r2355	authenticated	chain_exec_sponsors_r2355	is_founder()	is_founder()
ALL	PERMISSIVE	cea_r2299_founder_all	authenticated	chain_expansion_activity_r2299	is_founder()	is_founder()
ALL	PERMISSIVE	ces_r2299_founder_all	authenticated	chain_expansion_sites_r2299	is_founder()	is_founder()
ALL	PERMISSIVE	founder_all	authenticated	chain_finance_counterparts_r2491	is_founder()	is_founder()
ALL	PERMISSIVE	founder_all	authenticated	chain_fleet_cohorts_r2839	is_founder()	is_founder()
ALL	PERMISSIVE	founder_all	authenticated	chain_fleet_renewal_roadmap_r2623	is_founder()	is_founder()
ALL	PERMISSIVE	founder_all	authenticated	chain_fleet_spare_reorder_outcomes_r2863	is_founder()	is_founder()
ALL	PERMISSIVE	founder_all	authenticated	chain_fleet_spare_stock_position_r2863	is_founder()	is_founder()
ALL	PERMISSIVE	founder_all	authenticated	chain_handover_quality_r2555	is_founder()	is_founder()
ALL	PERMISSIVE	founder_all	authenticated	chain_health_intervention_plans_r2447	is_founder()	is_founder()
ALL	PERMISSIVE	founder_all	authenticated	chain_health_snapshots_r2447	is_founder()	is_founder()
ALL	PERMISSIVE	founder_all	authenticated	chain_implementation_burndown_snapshots_r2459	is_founder()	is_founder()
ALL	PERMISSIVE	founder_all	authenticated	chain_implementation_milestones_r2459	is_founder()	is_founder()
ALL	PERMISSIVE	founder_all	authenticated	chain_installed_base_loyalty_r2667	is_founder()	is_founder()
ALL	PERMISSIVE	founder_all	authenticated	chain_installed_base_r2575	is_founder()	is_founder()
ALL	PERMISSIVE	founder_all	authenticated	chain_insurance_claim_history_r2823	is_founder()	is_founder()
ALL	PERMISSIVE	founder_all	authenticated	chain_key_account_quarterly_strategy_r2547	is_founder()	is_founder()
ALL	PERMISSIVE	founder_all	authenticated	chain_loaner_pool_inventory_r2879	is_founder()	is_founder()
ALL	PERMISSIVE	founder_all	authenticated	chain_loaner_utilization_events_r2879	is_founder()	is_founder()
ALL	PERMISSIVE	founder_all	authenticated	chain_loyalty_bond_actions_r2631	is_founder()	is_founder()
ALL	PERMISSIVE	founder_all	authenticated	chain_ma_actions_r2767	is_founder()	is_founder()
ALL	PERMISSIVE	founder_all	authenticated	chain_ma_events_r2767	is_founder()	is_founder()
ALL	PERMISSIVE	founder_all	authenticated	chain_ma_signals_r2531	is_founder()	is_founder()
ALL	PERMISSIVE	founder_all	authenticated	chain_modality_interventions_r2843	is_founder()	is_founder()
ALL	PERMISSIVE	founder_all	authenticated	chain_modality_uptime_r2843	is_founder()	is_founder()
ALL	PERMISSIVE	founder_all	authenticated	chain_monsoon_audit_actions_r2875	is_founder()	is_founder()
ALL	PERMISSIVE	founder_all	authenticated	chain_monsoon_audit_assets_r2875	is_founder()	is_founder()
ALL	PERMISSIVE	founder_all	authenticated	chain_multi_year_contracts_r2619	is_founder()	is_founder()
ALL	PERMISSIVE	founder_all	authenticated	chain_nps_revenue_actions_r2315	is_founder()	is_founder()
ALL	PERMISSIVE	founder_all	authenticated	chain_nps_revenue_snapshots_r2315	is_founder()	is_founder()
ALL	PERMISSIVE	chain_oem_pref_founder_all_r2343	authenticated	chain_oem_preferences_r2343	is_founder()	is_founder()
ALL	PERMISSIVE	founder_all	authenticated	chain_onboarding_arr_at_stake_r2443	is_founder()	is_founder()
ALL	PERMISSIVE	founder_all	authenticated	chain_onboarding_tasks_r2443	is_founder()	is_founder()
ALL	PERMISSIVE	founder_all	authenticated	chain_pharmacy_spend_r2543	is_founder()	is_founder()
ALL	PERMISSIVE	founder_all	authenticated	chain_pricing_experiments_r2479	is_founder()	is_founder()
ALL	PERMISSIVE	founder_all	authenticated	chain_pricing_power_tests_r2627	is_founder()	is_founder()
ALL	PERMISSIVE	founder_all	authenticated	chain_procurement_bottlenecks_r2427	is_founder()	is_founder()
ALL	PERMISSIVE	founder_all	authenticated	chain_procurement_decisions_r2847	is_founder()	is_founder()
ALL	PERMISSIVE	founder_all	authenticated	chain_procurement_leaders_r2519	is_founder()	is_founder()
ALL	PERMISSIVE	founder_all	authenticated	chain_procurement_policy_versions_r2539	is_founder()	is_founder()
ALL	PERMISSIVE	founder_all	authenticated	chain_procurement_pos_r2427	is_founder()	is_founder()
ALL	PERMISSIVE	founder_all	authenticated	chain_procurement_velocity_r2655	is_founder()	is_founder()
ALL	PERMISSIVE	founder_all	authenticated	chain_protocol_outcome_logs_r2739	is_founder()	is_founder()
ALL	PERMISSIVE	founder_all	authenticated	chain_protocol_recommendations_r2739	is_founder()	is_founder()
ALL	PERMISSIVE	founder_all	authenticated	chain_qbr_action_items_r2415	is_founder()	is_founder()
ALL	PERMISSIVE	founder_all	authenticated	chain_qbr_meetings_r2415	is_founder()	is_founder()
ALL	PERMISSIVE	founder_all	authenticated	chain_quarterly_account_plans_r2603	is_founder()	is_founder()
ALL	PERMISSIVE	founder_all	authenticated	chain_quarterly_bed_uplift_r2723	is_founder()	is_founder()
ALL	PERMISSIVE	founder_all	authenticated	chain_quarterly_capacity_snapshots_r2807	is_founder()	is_founder()
ALL	PERMISSIVE	founder_all	authenticated	chain_quarterly_refresh_pipeline_r2563	is_founder()	is_founder()
ALL	PERMISSIVE	founder_all	authenticated	chain_quote_to_cash_cycles_r2468	is_founder()	is_founder()
ALL	PERMISSIVE	founder_all	authenticated	chain_rebate_ledger_r2527	is_founder()	is_founder()
ALL	PERMISSIVE	founder_all	authenticated	chain_recurring_issues_r2463	is_founder()	is_founder()
ALL	PERMISSIVE	founder_all	authenticated	chain_rejuvenation_runs_r2839	is_founder()	is_founder()
ALL	PERMISSIVE	founder_all	authenticated	chain_relationship_touchpoints_r2435	is_founder()	is_founder()
ALL	PERMISSIVE	founder_all	authenticated	chain_renewal_arr_snapshots_r2411	is_founder()	is_founder()
ALL	PERMISSIVE	founder_all	authenticated	chain_renewal_conversations_r2411	is_founder()	is_founder()
ALL	PERMISSIVE	founder_all	authenticated	chain_renewal_risk_radar_r2659	is_founder()	is_founder()
ALL	PERMISSIVE	founder_all	authenticated	chain_revenue_leakage_r2651	is_founder()	is_founder()
ALL	PERMISSIVE	founder_all	authenticated	chain_rfp_competitor_intel_r2451	is_founder()	is_founder()
ALL	PERMISSIVE	founder_all	authenticated	chain_rfp_cycles_r2403	is_founder()	is_founder()
ALL	PERMISSIVE	founder_all	authenticated	chain_rfp_debriefs_r2551	is_founder()	is_founder()
ALL	PERMISSIVE	founder_all	authenticated	chain_rfp_stage_events_r2403	is_founder()	is_founder()
ALL	PERMISSIVE	founder_all	authenticated	chain_rfps_r2451	is_founder()	is_founder()
ALL	PERMISSIVE	founder_all	authenticated	chain_rollout_arr_snapshots_r2419	is_founder()	is_founder()
ALL	PERMISSIVE	founder_all	authenticated	chain_rollout_sites_r2419	is_founder()	is_founder()
ALL	PERMISSIVE	crap_r2371_founder_all	authenticated	chain_rotation_action_plans_r2371	is_founder()	is_founder()
ALL	PERMISSIVE	csbe_r2375_founder_all	authenticated	chain_sla_breach_events_r2375	is_founder()	is_founder()
ALL	PERMISSIVE	csbn_r2375_founder_all	authenticated	chain_sla_breach_negotiations_r2375	is_founder()	is_founder()
ALL	PERMISSIVE	founder_all	authenticated	chain_sla_credits_owed_r2431	is_founder()	is_founder()
ALL	PERMISSIVE	p_r2979_l_founder	authenticated	chain_sparepart_sourcing_lines_r2979	is_founder()	is_founder()
ALL	PERMISSIVE	p_r2979_q_founder	authenticated	chain_sparepart_sourcing_quarters_r2979	is_founder()	is_founder()
ALL	PERMISSIVE	founder_all	authenticated	chain_stakeholder_coverage_r2455	is_founder()	is_founder()
ALL	PERMISSIVE	founder_all	authenticated	chain_stakeholder_events_r2511	is_founder()	is_founder()
ALL	PERMISSIVE	founder_all	authenticated	chain_unboarding_signals_r2327	is_founder()	is_founder()
ALL	PERMISSIVE	founder_all	authenticated	chain_uplift_storyboard_r2723	is_founder()	is_founder()
ALL	PERMISSIVE	founder_all	authenticated	chain_vendor_comarketing_campaigns_r2827	is_founder()	is_founder()
ALL	PERMISSIVE	founder_all	authenticated	chain_vendor_comarketing_leads_r2827	is_founder()	is_founder()
ALL	PERMISSIVE	founder_all	authenticated	chain_vendor_comparison_r2567	is_founder()	is_founder()
ALL	PERMISSIVE	founder_all	authenticated	chain_vendor_consolidation_r2671	is_founder()	is_founder()
ALL	PERMISSIVE	founder_all	authenticated	chain_vendor_cost_benchmark_r2663	is_founder()	is_founder()
ALL	PERMISSIVE	founder_all	authenticated	chain_vendor_switch_pressure_r2583	is_founder()	is_founder()
ALL	PERMISSIVE	founder_all	authenticated	chain_vip_tiers_r2471	is_founder()	is_founder()
ALL	PERMISSIVE	founder_all	authenticated	chain_workflow_outcome_scorecard_r2803	is_founder()	is_founder()
ALL	PERMISSIVE	founder_all	authenticated	chain_xsell_opportunities_r2691	is_founder()	is_founder()
ALL	PERMISSIVE	founder_all	authenticated	chain_xsell_pursuits_r2691	is_founder()	is_founder()
ALL	PERMISSIVE	founder_all	authenticated	changeover_monthly_impact_r2772	is_founder()	is_founder()
SELECT	PERMISSIVE	pol_r3046_actions_select	public	charger_remediation_actions_r3046	is_founder()	
INSERT	PERMISSIVE	chat_conv participants insert	public	chat_conversations		(auth.uid() = ANY (participant_user_ids))
SELECT	PERMISSIVE	chat_conv participants read	public	chat_conversations	((auth.uid() = ANY (participant_user_ids)) OR is_admin(auth.uid()))	
UPDATE	PERMISSIVE	chat_conv participants update	public	chat_conversations	(auth.uid() = ANY (participant_user_ids))	(auth.uid() = ANY (participant_user_ids))
SELECT	PERMISSIVE	chat_moderation_admin_select	authenticated	chat_message_moderation_events	(is_admin(auth.uid()) OR is_founder())	
SELECT	PERMISSIVE	Chat participants can view	public	chat_messages	(conversation_id IN ( SELECT chat_conversations.id FROM chat_conversations WHERE (auth.uid() = ANY (chat_conversations.participant_user_ids))))	
INSERT	PERMISSIVE	Participants can send messages	public	chat_messages		(auth.uid() = sender_user_id)
UPDATE	PERMISSIVE	chat_msg recipient can mark read	public	chat_messages	((auth.uid() <> sender_user_id) AND (conversation_id IN ( SELECT chat_conversations.id FROM chat_conversations WHERE (auth.uid() = ANY (chat_conversations.participant_user_ids)))))	((auth.uid() <> sender_user_id) AND (conversation_id IN ( SELECT chat_conversations.id FROM chat_conversations WHERE (auth.uid() = ANY (chat_conversations.participant_user_ids)))))
ALL	PERMISSIVE	founder_all	authenticated	clarity_recovery_actions_r2649	is_founder()	is_founder()
ALL	PERMISSIVE	founder_all	authenticated	cleaning_protocol_gap_actions_r2748	is_founder()	is_founder()
ALL	PERMISSIVE	founder_all	authenticated	cleanup_protocol_logs_r2804	is_founder()	is_founder()
ALL	PERMISSIVE	founder_all	authenticated	cleanup_refine_actions_r2804	is_founder()	is_founder()
ALL	PERMISSIVE	founder_all	authenticated	clinical_outcome_proof_log_r2643	is_founder()	is_founder()
ALL	PERMISSIVE	founder_all	authenticated	clone_pipeline_actions_r2617	is_founder()	is_founder()
ALL	PERMISSIVE	founder_all	authenticated	co_marketing_lead_attributions_r2487	is_founder()	is_founder()
ALL	PERMISSIVE	founder_all	authenticated	coaching_succession_outcomes_r2605	is_founder()	is_founder()
ALL	PERMISSIVE	cbde_r3088_founder_all	public	code_blue_drill_equipment_r3088	is_founder()	is_founder()
ALL	PERMISSIVE	cbd_r3088_founder_all	public	code_blue_drill_events_r3088	is_founder()	is_founder()
SELECT	PERMISSIVE	code_red_dispatch_events_select	authenticated,service_role	code_red_dispatch_events	((engineer_user_id = auth.uid()) OR (EXISTS ( SELECT 1 FROM code_red_requests r WHERE ((r.id = code_red_dispatch_events.code_red_id) AND (r.hospital_user_id = auth.uid())))) OR is_founder())	
ALL	PERMISSIVE	crerm_v2_founder_only	public	code_red_engineer_response_metrics_v2	is_founder()	is_founder()
ALL	PERMISSIVE	crest_v2_founder_only	public	code_red_engineer_sla_targets_v2	is_founder()	is_founder()
SELECT	PERMISSIVE	code_red_requests_select	authenticated,service_role	code_red_requests	((hospital_user_id = auth.uid()) OR (accepted_engineer_user_id = auth.uid()) OR is_founder() OR (EXISTS ( SELECT 1 FROM code_red_dispatch_events e WHERE ((e.code_red_id = code_red_requests.id) AND (e.engineer_user_id = auth.uid())))))	
ALL	PERMISSIVE	founder_all	authenticated	cofounder_action_items_r2557	is_founder()	is_founder()
ALL	PERMISSIVE	founder_all	authenticated	cofounder_alignment_resolutions_r2729	is_founder()	is_founder()
ALL	PERMISSIVE	founder_all	authenticated	cofounder_energy_topics_r2729	is_founder()	is_founder()
ALL	PERMISSIVE	founder_all	authenticated	cohort_retention_recovery_actions_r2593	is_founder()	is_founder()
SELECT	PERMISSIVE	ccaf_r2994_founder	public	cold_chain_audit_findings_r2994	is_founder()	
SELECT	PERMISSIVE	ccav_r2994_founder	public	cold_chain_audit_visits_r2994	is_founder()	
ALL	PERMISSIVE	founder_all	authenticated	collateral_engagement_log_r2507	is_founder()	is_founder()
SELECT	PERMISSIVE	collusion_flags_select	authenticated,service_role	collusion_flags	is_founder()	
ALL	PERMISSIVE	founder_all	authenticated	competitor_moves_r2413	is_founder()	is_founder()
ALL	PERMISSIVE	cpo_founder_all	authenticated	competitor_pricing_observations	is_founder()	is_founder()
ALL	PERMISSIVE	cps_founder_all	authenticated	competitor_pricing_segments	is_founder()	is_founder()
ALL	PERMISSIVE	founder_all	authenticated	competitor_weekly_digest_r2413	is_founder()	is_founder()
ALL	PERMISSIVE	compliance org access	public	compliance_audits	(is_org_member(auth.uid(), organization_id) OR is_admin(auth.uid()))	(is_org_member(auth.uid(), organization_id) OR is_admin(auth.uid()))
ALL	PERMISSIVE	founder_all	authenticated	concentration_diversification_outcomes_r2600	is_founder()	is_founder()
SELECT	PERMISSIVE	r3029_act_sel	public	conference_booth_activities_r3029	is_founder()	
SELECT	PERMISSIVE	r3029_sp_sel	public	conference_sponsorships_r3029	is_founder()	
ALL	PERMISSIVE	founder_all	authenticated	conflict_repair_followups_r2582	is_founder()	is_founder()
SELECT	PERMISSIVE	consent_log_select	authenticated,service_role	consent_log	((user_id = auth.uid()) OR is_founder())	
ALL	PERMISSIVE	founder_all	authenticated	consolidation_counter_actions_r2647	is_founder()	is_founder()
ALL	PERMISSIVE	founder_all	authenticated	consolidation_vendor_lines_r2671	is_founder()	is_founder()
ALL	PERMISSIVE	founder_all	authenticated	contact_touch_events_r2525	is_founder()	is_founder()
ALL	PERMISSIVE	founder_all	authenticated	content_publishing_log_r2553	is_founder()	is_founder()
INSERT	PERMISSIVE	content_reports_insert_own	authenticated	content_reports		(reporter_user_id = auth.uid())
SELECT	PERMISSIVE	content_reports_select_own	authenticated	content_reports	(reporter_user_id = auth.uid())	
ALL	PERMISSIVE	founder_all	authenticated	contract_amendment_approvals_r2213	is_founder()	is_founder()
ALL	PERMISSIVE	founder_all	authenticated	contract_amendments_r2213	is_founder()	is_founder()
ALL	PERMISSIVE	founder_all	authenticated	cosign_request_events_r2811	is_founder()	is_founder()
ALL	PERMISSIVE	founder_all	authenticated	cost_benchmark_actions_r2663	is_founder()	is_founder()
ALL	PERMISSIVE	founder_all	authenticated	courier_outlier_actions_r2570	is_founder()	is_founder()
ALL	PERMISSIVE	course_modules admin write	public	course_modules	is_admin(auth.uid())	is_admin(auth.uid())
SELECT	PERMISSIVE	course_modules enrolled read	public	course_modules	((EXISTS ( SELECT 1 FROM enrollments e WHERE ((e.course_id = course_modules.course_id) AND (e.user_id = auth.uid())))) OR (EXISTS ( SELECT 1 FROM courses c WHERE ((c.id = course_modules.course_id) AND (c.is_published = true)))) OR is_admin(auth.uid()))	
SELECT	PERMISSIVE	Courses are public	public	courses	true	
ALL	PERMISSIVE	courses admin write	public	courses	is_admin(auth.uid())	is_admin(auth.uid())
SELECT	PERMISSIVE	courses public read	public	courses	((is_published = true) OR is_admin(auth.uid()))	
SELECT	PERMISSIVE	founder_read_crf_r3009	public	coverage_risk_findings_r3009	is_founder()	
ALL	PERMISSIVE	founder_all	authenticated	craft_promote_actions_r2714	is_founder()	is_founder()
ALL	PERMISSIVE	founder_all	authenticated	craft_showcase_entries_r2714	is_founder()	is_founder()
SELECT	PERMISSIVE	cca_r2962_sel	public	crash_cart_audits_r2962	is_founder()	
SELECT	PERMISSIVE	r3064_lock_founder	public	crash_cart_lock_audits_r3064	is_founder()	
SELECT	PERMISSIVE	ccr_r2962_sel	public	crash_cart_remediation_r2962	is_founder()	
SELECT	PERMISSIVE	r3064_restock_founder	public	crash_cart_restock_events_r3064	is_founder()	
SELECT	PERMISSIVE	cron_tick_runs_founder_read	authenticated	cron_tick_runs	is_founder()	
SELECT	PERMISSIVE	cb_findings_founder_r3089	public	cross_border_compliance_findings_r3089	is_founder()	
ALL	PERMISSIVE	founder_all	authenticated	cross_customer_practice_metrics_r2832	is_founder()	is_founder()
ALL	PERMISSIVE	founder_all	authenticated	cross_customer_practice_shares_r2832	is_founder()	is_founder()
ALL	PERMISSIVE	founder_all_decisions_r2365	authenticated	cross_functional_sync_decisions_r2365	is_founder()	is_founder()
ALL	PERMISSIVE	founder_all_syncs_r2365	authenticated	cross_functional_syncs_r2365	is_founder()	is_founder()
ALL	PERMISSIVE	founder_all	authenticated	cross_sell_outcomes_r2624	is_founder()	is_founder()
ALL	PERMISSIVE	founder_all	authenticated	cs_kb_article_reads_r2252	is_founder()	is_founder()
ALL	PERMISSIVE	founder_all	authenticated	cs_kb_articles_r2252	is_founder()	is_founder()
ALL	PERMISSIVE	founder_all	authenticated	csat_recovery_actions_r2464	is_founder()	is_founder()
SELECT	PERMISSIVE	ct_burnin_founder_r3078	authenticated	ct_tube_burnin_cycles_r3078	is_founder()	
SELECT	PERMISSIVE	ct_heat_founder_r3078	authenticated	ct_tube_heat_audits_r3078	is_founder()	
ALL	PERMISSIVE	culture_deck_sig_assign_founder_all	authenticated	culture_deck_signature_assignments	is_founder()	is_founder()
ALL	PERMISSIVE	culture_deck_sig_followup_founder_all	authenticated	culture_deck_signature_followups	is_founder()	is_founder()
SELECT	PERMISSIVE	curtain_incidents_r2954_founder_select	authenticated	curtain_discipline_incidents_r2954	is_founder()	
SELECT	PERMISSIVE	cab_members_r3041_founder_select	public	customer_advisory_board_members_r3041	is_founder()	
ALL	PERMISSIVE	founder_all	authenticated	customer_after_hours_incidents_r2788	is_founder()	is_founder()
ALL	PERMISSIVE	founder_all	authenticated	customer_amc_attach_r2668	is_founder()	is_founder()
ALL	PERMISSIVE	founder_all	authenticated	customer_amc_plan_catalog_r2236	is_founder()	is_founder()
ALL	PERMISSIVE	founder_all	authenticated	customer_amc_upsell_signals_r2236	is_founder()	is_founder()
ALL	PERMISSIVE	founder_all	authenticated	customer_arrival_courtesy_actions_r2752	is_founder()	is_founder()
ALL	PERMISSIVE	founder_all	authenticated	customer_arrival_courtesy_visits_r2752	is_founder()	is_founder()
ALL	PERMISSIVE	founder_all	authenticated	customer_billing_anomalies_r2604	is_founder()	is_founder()
ALL	PERMISSIVE	founder_all	authenticated	customer_billing_disputes_r2260	is_founder()	is_founder()
SELECT	PERMISSIVE	pol_bmw_coach_r2980_sel	authenticated	customer_bmw_color_coaching_sessions_r2980	is_founder()	
SELECT	PERMISSIVE	pol_bmw_audit_r2980_sel	authenticated	customer_bmw_disposal_audits_r2980	is_founder()	
ALL	PERMISSIVE	founder_all	authenticated	customer_bulk_pricing_r2588	is_founder()	is_founder()
ALL	PERMISSIVE	founder_all	authenticated	customer_checklist_refine_actions_r2740	is_founder()	is_founder()
ALL	PERMISSIVE	founder_all	authenticated	customer_churn_actions_r2233	is_founder()	is_founder()
ALL	PERMISSIVE	founder_all	authenticated	customer_churn_signals_r2233	is_founder()	is_founder()
ALL	PERMISSIVE	founder_all	authenticated	customer_clinical_outcomes_r2448	is_founder()	is_founder()
ALL	PERMISSIVE	founder_all	authenticated	customer_clinical_staff_changeovers_r2772	is_founder()	is_founder()
ALL	PERMISSIVE	ccsor_r2312_founder_all	authenticated	customer_cross_sell_opportunity_r2312	is_founder()	is_founder()
ALL	PERMISSIVE	founder_all	authenticated	customer_cross_sell_pipeline_r2624	is_founder()	is_founder()
ALL	PERMISSIVE	ccspl_r2312_founder_all	authenticated	customer_cross_sell_play_log_r2312	is_founder()	is_founder()
ALL	PERMISSIVE	founder_all	authenticated	customer_csat_drops_r2464	is_founder()	is_founder()
ALL	PERMISSIVE	founder_all	authenticated	customer_data_export_revenue_r2616	is_founder()	is_founder()
ALL	PERMISSIVE	cda_r2400_founder_all	authenticated	customer_dispute_aging_r2400	is_founder()	is_founder()
ALL	PERMISSIVE	cdca_r2400_founder_all	authenticated	customer_dispute_collection_actions_r2400	is_founder()	is_founder()
ALL	PERMISSIVE	founder_all	authenticated	customer_dispute_satisfaction_r2260	is_founder()	is_founder()
ALL	PERMISSIVE	customer_downtime_episodes_r2348_founder_all	authenticated	customer_downtime_episodes_r2348	is_founder()	is_founder()
ALL	PERMISSIVE	customer_downtime_prevention_learnings_r2348_founder_all	authenticated	customer_downtime_prevention_learnings_r2348	is_founder()	is_founder()
ALL	PERMISSIVE	founder_all	authenticated	customer_emergency_incidents_r2496	is_founder()	is_founder()
ALL	PERMISSIVE	founder_all	authenticated	customer_engagement_pulse_r2648	is_founder()	is_founder()
ALL	PERMISSIVE	ces_actions_r2308_founder_all	authenticated	customer_engagement_score_actions_r2308	is_founder()	is_founder()
ALL	PERMISSIVE	ces_r2308_founder_all	authenticated	customer_engagement_score_r2308	is_founder()	is_founder()
ALL	PERMISSIVE	founder_all	authenticated	customer_engineer_bundle_amc_r2856	is_founder()	is_founder()
SELECT	PERMISSIVE	pa_select_r2972	authenticated	customer_engineer_patch_lag_actions_r2972	is_founder()	
SELECT	PERMISSIVE	pl_select_r2972	authenticated	customer_engineer_patch_lag_snapshots_r2972	is_founder()	
SELECT	PERMISSIVE	qra_r2968_sel	public	customer_engineer_qr_scan_audit_actions_r2968	is_founder()	
SELECT	PERMISSIVE	qrc_r2968_sel	public	customer_engineer_qr_scan_compliance_r2968	is_founder()	
ALL	PERMISSIVE	founder_all	authenticated	customer_engineer_recurring_callback_r2732	is_founder()	is_founder()
ALL	PERMISSIVE	founder_all	authenticated	customer_engineer_transfer_log_r2796	is_founder()	is_founder()
ALL	PERMISSIVE	founder_all	authenticated	customer_engineer_transfer_region_stats_r2796	is_founder()	is_founder()
ALL	PERMISSIVE	founder_all	authenticated	customer_eol_economics_r2632	is_founder()	is_founder()
ALL	PERMISSIVE	founder_all	authenticated	customer_equipment_roi_decisions_r2676	is_founder()	is_founder()
ALL	PERMISSIVE	founder_all	authenticated	customer_equipment_roi_records_r2676	is_founder()	is_founder()
ALL	PERMISSIVE	founder_all	authenticated	customer_equipment_util_benchmark_r2700	is_founder()	is_founder()
ALL	PERMISSIVE	founder_all	authenticated	customer_equipment_warranties_r2488	is_founder()	is_founder()
ALL	PERMISSIVE	founder_all	authenticated	customer_escrow_holdbacks_r2224	is_founder()	is_founder()
ALL	PERMISSIVE	founder_all	authenticated	customer_escrow_release_events_r2224	is_founder()	is_founder()
ALL	PERMISSIVE	founder_all	authenticated	customer_expansion_events_r2228	is_founder()	is_founder()
ALL	PERMISSIVE	founder_all	authenticated	customer_expansion_playbooks_r2228	is_founder()	is_founder()
ALL	PERMISSIVE	founder_all	authenticated	customer_feature_requests_r2456	is_founder()	is_founder()
ALL	PERMISSIVE	founder_all	authenticated	customer_feedback_items_r2432	is_founder()	is_founder()
ALL	PERMISSIVE	founder_all	authenticated	customer_feedback_loop_actions_r2324	is_founder()	is_founder()
ALL	PERMISSIVE	founder_all	authenticated	customer_feedback_loop_entries_r2324	is_founder()	is_founder()
ALL	PERMISSIVE	founder_all	authenticated	customer_festival_demand_r2572	is_founder()	is_founder()
ALL	PERMISSIVE	founder_all	authenticated	customer_first_value_metrics_r2512	is_founder()	is_founder()
ALL	PERMISSIVE	founder_all	authenticated	customer_handover_confidence_r2792	is_founder()	is_founder()
ALL	PERMISSIVE	founder_all	authenticated	customer_handover_sessions_r2864	is_founder()	is_founder()
ALL	PERMISSIVE	founder_all	authenticated	customer_implementation_debt_r2660	is_founder()	is_founder()
ALL	PERMISSIVE	founder_all	authenticated	customer_incident_postmortems_r2548	is_founder()	is_founder()
ALL	PERMISSIVE	founder_all	authenticated	customer_industry_sla_compliance_r2364	is_founder()	is_founder()
ALL	PERMISSIVE	founder_all	authenticated	customer_industry_sla_targets_r2364	is_founder()	is_founder()
ALL	PERMISSIVE	founder_all	authenticated	customer_journey_stages_r2360	is_founder()	is_founder()
ALL	PERMISSIVE	founder_all	authenticated	customer_journey_transitions_r2360	is_founder()	is_founder()
ALL	PERMISSIVE	founder_all	authenticated	customer_language_match_r2724	is_founder()	is_founder()
ALL	PERMISSIVE	founder_all	authenticated	customer_language_switch_action_r2724	is_founder()	is_founder()
ALL	PERMISSIVE	founder_all	authenticated	customer_loaner_inventory_r2720	is_founder()	is_founder()
ALL	PERMISSIVE	founder_all	authenticated	customer_loaner_requests_r2720	is_founder()	is_founder()
ALL	PERMISSIVE	founder_all	authenticated	customer_loyalty_event_attendance_r2560	is_founder()	is_founder()
ALL	PERMISSIVE	founder_all	authenticated	customer_loyalty_redemptions_r2524	is_founder()	is_founder()
ALL	PERMISSIVE	founder_all	authenticated	customer_loyalty_status_r2492	is_founder()	is_founder()
ALL	PERMISSIVE	founder_all	authenticated	customer_loyalty_tier_track_r2644	is_founder()	is_founder()
ALL	PERMISSIVE	founder_all	authenticated	customer_mbrs_r2469	is_founder()	is_founder()
ALL	PERMISSIVE	founder_all	authenticated	customer_monthly_arrival_buffer_cause_summary_r2840	is_founder()	is_founder()
ALL	PERMISSIVE	founder_all	authenticated	customer_monthly_arrival_ratings_r2760	is_founder()	is_founder()
ALL	PERMISSIVE	founder_all	authenticated	customer_monthly_engineer_arrival_buffer_cause_attribution_r284	is_founder()	is_founder()
SELECT	PERMISSIVE	r2928_estimate_founder_read	authenticated	customer_monthly_engineer_estimate_range_r2928	is_founder()	
ALL	PERMISSIVE	founder_all	authenticated	customer_monthly_engineer_on_site_time_causes_r2852	is_founder()	is_founder()
ALL	PERMISSIVE	founder_all	authenticated	customer_monthly_engineer_on_site_time_jobs_r2852	is_founder()	is_founder()
SELECT	PERMISSIVE	cmepc_r2964_sel	public	customer_monthly_engineer_photo_coverage_r2964	is_founder()	
SELECT	PERMISSIVE	cmepqa_r2964_sel	public	customer_monthly_engineer_photo_quality_audit_r2964	is_founder()	
ALL	PERMISSIVE	founder_all	authenticated	customer_monthly_engineer_rotation_r2688	is_founder()	is_founder()
SELECT	PERMISSIVE	r2928_alerts_founder_read	authenticated	customer_monthly_estimate_accuracy_alerts_r2928	is_founder()	
ALL	PERMISSIVE	founder_all	authenticated	customer_monthly_handover_documents_r2824	is_founder()	is_founder()
ALL	PERMISSIVE	founder_all	authenticated	customer_monthly_pulse_surveys_r2576	is_founder()	is_founder()
ALL	PERMISSIVE	founder_all	authenticated	customer_monthly_uptime_credits_r2568	is_founder()	is_founder()
SELECT	PERMISSIVE	pol_xsell_offers_r2932_select	public	customer_monthly_xsell_offers_r2932	is_founder()	
ALL	PERMISSIVE	founder_all	authenticated	customer_multi_site_rollouts_r2336	is_founder()	is_founder()
ALL	PERMISSIVE	founder_all	authenticated	customer_multi_site_status_r2336	is_founder()	is_founder()
ALL	PERMISSIVE	founder_all	authenticated	customer_noise_vibration_complaints_r2716	is_founder()	is_founder()
ALL	PERMISSIVE	founder_all	authenticated	customer_noise_vibration_monthly_trend_r2716	is_founder()	is_founder()
ALL	PERMISSIVE	founder_all	authenticated	customer_nps_conversion_r2628	is_founder()	is_founder()
ALL	PERMISSIVE	npsfu_r2340_founder_all	authenticated	customer_nps_followup_conversion_r2340	is_founder()	is_founder()
ALL	PERMISSIVE	founder_all	authenticated	customer_nps_followups_r2216	is_founder()	is_founder()
ALL	PERMISSIVE	npsfu_pb_r2340_founder_all	authenticated	customer_nps_intervention_playbook_r2340	is_founder()	is_founder()
ALL	PERMISSIVE	founder_all	authenticated	customer_nps_surveys_r2216	is_founder()	is_founder()
ALL	PERMISSIVE	founder_all	authenticated	customer_on_time_payments_r2640	is_founder()	is_founder()
ALL	PERMISSIVE	founder_all_coc_r2396	authenticated	customer_onboarding_checklists_r2396	is_founder()	is_founder()
ALL	PERMISSIVE	founder_all	authenticated	customer_onboarding_feedback_waves_r2520	is_founder()	is_founder()
ALL	PERMISSIVE	founder_all_coi_r2396	authenticated	customer_onboarding_items_r2396	is_founder()	is_founder()
ALL	PERMISSIVE	founder_all	authenticated	customer_onboarding_journeys_r2240	is_founder()	is_founder()
ALL	PERMISSIVE	founder_all	authenticated	customer_onboarding_milestone_events_r2240	is_founder()	is_founder()
ALL	PERMISSIVE	founder_all	authenticated	customer_onboarding_photos_r2552	is_founder()	is_founder()
ALL	PERMISSIVE	founder_all	authenticated	customer_onboarding_stuck_points_r2544	is_founder()	is_founder()
ALL	PERMISSIVE	founder_all	authenticated	customer_onboarding_surveys_r2500	is_founder()	is_founder()
ALL	PERMISSIVE	founder_all	authenticated	customer_pain_points_r2476	is_founder()	is_founder()
ALL	PERMISSIVE	cpmp_r2276_founder_all	authenticated	customer_payment_mode_preferences_r2276	is_founder()	is_founder()
ALL	PERMISSIVE	cpms_r2276_founder_all	authenticated	customer_payment_mode_switches_r2276	is_founder()	is_founder()
ALL	PERMISSIVE	founder_all_cpaf_r2292	authenticated	customer_policy_audit_findings_r2292	is_founder()	is_founder()
ALL	PERMISSIVE	founder_all	authenticated	customer_pre_visit_checklists_r2740	is_founder()	is_founder()
ALL	PERMISSIVE	founder_all_cpoe_r2372	authenticated	customer_pricing_override_events_r2372	is_founder()	is_founder()
ALL	PERMISSIVE	founder_all_cpo_r2372	authenticated	customer_pricing_overrides_r2372	is_founder()	is_founder()
ALL	PERMISSIVE	founder_all	authenticated	customer_product_adoption_r2484	is_founder()	is_founder()
ALL	PERMISSIVE	founder_all	authenticated	customer_qbr_stakeholder_attendance_r2532	is_founder()	is_founder()
ALL	PERMISSIVE	founder_all	authenticated	customer_quarterly_audits_r2516	is_founder()	is_founder()
ALL	PERMISSIVE	founder_all	authenticated	customer_quarterly_budget_asks_r2556	is_founder()	is_founder()
ALL	PERMISSIVE	founder_all	authenticated	customer_quarterly_budget_cycles_r2696	is_founder()	is_founder()
ALL	PERMISSIVE	founder_all	authenticated	customer_quarterly_clinical_outcome_attribution_r2708	is_founder()	is_founder()
ALL	PERMISSIVE	founder_all	authenticated	customer_quarterly_outcome_rollup_r2708	is_founder()	is_founder()
ALL	PERMISSIVE	founder_all	authenticated	customer_quarterly_trend_r2592	is_founder()	is_founder()
ALL	PERMISSIVE	founder_all	authenticated	customer_quarterly_utilization_r2580	is_founder()	is_founder()
ALL	PERMISSIVE	founder_all	authenticated	customer_quote_funnel_r2728	is_founder()	is_founder()
ALL	PERMISSIVE	crc_r2264_founder_all	authenticated	customer_reengagement_campaigns_r2264	is_founder()	is_founder()
ALL	PERMISSIVE	founder_all	authenticated	customer_reference_calls_r2220	is_founder()	is_founder()
ALL	PERMISSIVE	founder_all	authenticated	customer_reference_calls_r2480	is_founder()	is_founder()
SELECT	PERMISSIVE	crl_r3049_founder_select	public	customer_reference_library_r3049	is_founder()	
ALL	PERMISSIVE	founder_all	authenticated	customer_reference_requests_r2220	is_founder()	is_founder()
ALL	PERMISSIVE	founder_all_crbp_r2288	authenticated	customer_referral_bonus_payouts_r2288	is_founder()	is_founder()
ALL	PERMISSIVE	founder_all_crl_r2288	authenticated	customer_referral_links_r2288	is_founder()	is_founder()
ALL	PERMISSIVE	founder_all	authenticated	customer_relationship_temperature_r2652	is_founder()	is_founder()
ALL	PERMISSIVE	founder_all_audit_r2320	authenticated	customer_renewal_discount_audit_r2320	is_founder()	is_founder()
ALL	PERMISSIVE	founder_all_reqs_r2320	authenticated	customer_renewal_discount_requests_r2320	is_founder()	is_founder()
ALL	PERMISSIVE	founder_all	authenticated	customer_renewal_discounts_r2536	is_founder()	is_founder()
ALL	PERMISSIVE	founder_all	authenticated	customer_renewal_nudge_actions_r2200	is_founder()	is_founder()
ALL	PERMISSIVE	founder_all	authenticated	customer_renewal_nudges_r2200	is_founder()	is_founder()
ALL	PERMISSIVE	founder_all	authenticated	customer_renewal_objection_attempts_r2356	is_founder()	is_founder()
ALL	PERMISSIVE	founder_all	authenticated	customer_renewal_objections_r2356	is_founder()	is_founder()
ALL	PERMISSIVE	founder_all_customer_renewal_predictions_r2332	authenticated	customer_renewal_predictions_r2332	is_founder()	is_founder()
ALL	PERMISSIVE	founder_all	authenticated	customer_renewal_prep_packs_r2504	is_founder()	is_founder()
ALL	PERMISSIVE	founder_all	authenticated	customer_replacement_incentives_r2608	is_founder()	is_founder()
ALL	PERMISSIVE	founder_all	authenticated	customer_revenue_concentration_r2600	is_founder()	is_founder()
ALL	PERMISSIVE	founder_all	authenticated	customer_revenue_mix_shift_signals_r2268	is_founder()	is_founder()
ALL	PERMISSIVE	founder_all	authenticated	customer_revenue_mix_snapshots_r2268	is_founder()	is_founder()
ALL	PERMISSIVE	founder_all	authenticated	customer_revenue_quality_r2636	is_founder()	is_founder()
ALL	PERMISSIVE	founder_all_crs_r2292	authenticated	customer_revenue_streams_r2292	is_founder()	is_founder()
ALL	PERMISSIVE	founder_all	authenticated	customer_second_opinion_requests_r2808	is_founder()	is_founder()
ALL	PERMISSIVE	founder_all_breach_r2248	authenticated	customer_service_breach_log_r2248	is_founder()	is_founder()
ALL	PERMISSIVE	founder_all_cs_sla_cause_r2316	authenticated	customer_service_sla_breach_causes_r2316	is_founder()	is_founder()
ALL	PERMISSIVE	founder_all_cs_sla_tix_r2316	authenticated	customer_service_sla_tickets_r2316	is_founder()	is_founder()
ALL	PERMISSIVE	founder_all_tickets_r2248	authenticated	customer_service_tickets_r2248	is_founder()	is_founder()
ALL	PERMISSIVE	founder_all	authenticated	customer_site_equipment_inventory_r2764	is_founder()	is_founder()
ALL	PERMISSIVE	founder_all	authenticated	customer_spare_parts_burn_snapshots_r2672	is_founder()	is_founder()
ALL	PERMISSIVE	founder_all	authenticated	customer_spare_parts_corrective_actions_r2672	is_founder()	is_founder()
ALL	PERMISSIVE	founder_all	authenticated	customer_stickiness_r2656	is_founder()	is_founder()
ALL	PERMISSIVE	founder_all	authenticated	customer_uptime_30d_r2612	is_founder()	is_founder()
ALL	PERMISSIVE	founder_all	authenticated	customer_utilization_grade_r2664	is_founder()	is_founder()
ALL	PERMISSIVE	founder_all	authenticated	customer_voc_feedback_items_r2280	is_founder()	is_founder()
ALL	PERMISSIVE	founder_all	authenticated	customer_voc_theme_alerts_r2280	is_founder()	is_founder()
ALL	PERMISSIVE	founder_all	authenticated	customer_warranty_renewals_r2620	is_founder()	is_founder()
ALL	PERMISSIVE	cwa_r2264_founder_all	authenticated	customer_weekly_activity_r2264	is_founder()	is_founder()
SELECT	PERMISSIVE	pol_xsell_events_r2932_select	public	customer_xsell_acceptance_events_r2932	is_founder()	
ALL	PERMISSIVE	founder_all	authenticated	customer_yearly_replacement_budget_r2596	is_founder()	is_founder()
ALL	PERMISSIVE	founder_all	authenticated	cybersecurity_remediation_plans_r2540	is_founder()	is_founder()
ALL	PERMISSIVE	founder_all	authenticated	daily_numbers_blast_opens_r2249	is_founder()	is_founder()
ALL	PERMISSIVE	founder_all	authenticated	daily_numbers_blasts_r2249	is_founder()	is_founder()
ALL	PERMISSIVE	founder_all	authenticated	data_bridge_revenue_log_r2564	is_founder()	is_founder()
ALL	PERMISSIVE	founder_all	authenticated	data_export_renewal_log_r2616	is_founder()	is_founder()
ALL	PERMISSIVE	founder_all	authenticated	data_room_refresh_actions_r2609	is_founder()	is_founder()
ALL	PERMISSIVE	founder_all	authenticated	debrief_playbook_updates_r2551	is_founder()	is_founder()
ALL	PERMISSIVE	founder_all	authenticated	debt_close_actions_r2660	is_founder()	is_founder()
ALL	PERMISSIVE	founder_all	authenticated	decision_review_sessions_r2466	is_founder()	is_founder()
ALL	PERMISSIVE	founder_all	authenticated	decommission_compliance_log_r2571	is_founder()	is_founder()
ALL	PERMISSIVE	founder_all	authenticated	deep_work_commitment_devices_r2537	is_founder()	is_founder()
ALL	PERMISSIVE	defib_compliance_incidents_r3047_founder_all	authenticated	defib_compliance_incidents_r3047	is_founder()	is_founder()
ALL	PERMISSIVE	defib_self_test_cycles_r3047_founder_all	authenticated	defib_self_test_cycles_r3047	is_founder()	is_founder()
ALL	PERMISSIVE	deflection_kb_articles_r2256_founder_all	authenticated	deflection_kb_articles_r2256	is_founder()	is_founder()
ALL	PERMISSIVE	deflection_tickets_r2256_founder_all	authenticated	deflection_tickets_r2256	is_founder()	is_founder()
ALL	PERMISSIVE	dental_bonded_suppliers_founder_only	authenticated	dental_bonded_parts_suppliers	is_founder()	is_founder()
ALL	PERMISSIVE	dental_pilot_clinics_founder_only	authenticated	dental_pilot_clinics	is_founder()	is_founder()
ALL	PERMISSIVE	founder_all	authenticated	deprecation_actions_r2692	is_founder()	is_founder()
ALL	PERMISSIVE	founder_all	authenticated	deprecation_warnings_r2692	is_founder()	is_founder()
ALL	PERMISSIVE	founder_all	authenticated	depth_curve_assessments_r2534	is_founder()	is_founder()
ALL	PERMISSIVE	founder_all	authenticated	design_system_quarter_components_r2813	is_founder()	is_founder()
ALL	PERMISSIVE	founder_all	authenticated	design_system_quarter_tokens_r2813	is_founder()	is_founder()
SELECT	PERMISSIVE	device_integrity_checks_select_own	authenticated	device_integrity_checks	(user_id = auth.uid())	
ALL	PERMISSIVE	users manage own device tokens	public	device_tokens	(auth.uid() = user_id)	(auth.uid() = user_id)
ALL	PERMISSIVE	digest_eng_events_founder_only	authenticated	digest_engagement_events	is_founder()	is_founder()
ALL	PERMISSIVE	digest_send_log_founder_only	authenticated	digest_send_log	is_founder()	is_founder()
ALL	PERMISSIVE	discount_authority_breach_r3127_founder_all	public	discount_authority_breach_r3127	is_founder()	is_founder()
ALL	PERMISSIVE	founder_all	authenticated	discount_decision_log_r2536	is_founder()	is_founder()
ALL	PERMISSIVE	founder_all	authenticated	discovery_call_followups_r2677	is_founder()	is_founder()
ALL	PERMISSIVE	founder_all	authenticated	discovery_calls_r2677	is_founder()	is_founder()
SELECT	PERMISSIVE	dispute_evidence_packs_select	authenticated,service_role	dispute_evidence_packs	((filed_by_user_id = auth.uid()) OR (EXISTS ( SELECT 1 FROM repair_jobs rj WHERE ((rj.id = dispute_evidence_packs.repair_job_id) AND (rj.hospital_user_id = auth.uid())))) OR is_founder())	
UPDATE	PERMISSIVE	disputes admin update	public	disputes	(is_admin(auth.uid()) OR (auth.uid() = raised_by_user_id))	(is_admin(auth.uid()) OR (auth.uid() = raised_by_user_id))
SELECT	PERMISSIVE	disputes parties read	public	disputes	((auth.uid() = raised_by_user_id) OR (auth.uid() = against_user_id) OR is_admin(auth.uid()))	
INSERT	PERMISSIVE	disputes raiser insert	public	disputes		(auth.uid() = raised_by_user_id)
SELECT	PERMISSIVE	dpdp_grievance_events_select	authenticated,service_role	dpdp_grievance_events	(EXISTS ( SELECT 1 FROM dpdp_grievances g WHERE ((g.id = dpdp_grievance_events.grievance_id) AND ((g.filed_by_user_id = auth.uid()) OR is_founder()))))	
ALL	PERMISSIVE	dpdp_grievance_officers_no_direct	public	dpdp_grievance_officers	false	
ALL	PERMISSIVE	dpdp_grievance_routing_no_direct	public	dpdp_grievance_routing	false	
SELECT	PERMISSIVE	dpdp_grievances_select	authenticated,service_role	dpdp_grievances	((filed_by_user_id = auth.uid()) OR is_founder())	
ALL	PERMISSIVE	dlsa_r3023_founder_all	authenticated	drug_library_sync_audit_r3023	is_founder()	is_founder()
SELECT	PERMISSIVE	dsr_reports_select	authenticated,service_role	dsr_reports	((hospital_user_id = auth.uid()) OR (engineer_user_id = auth.uid()) OR is_founder())	
SELECT	PERMISSIVE	duplicate_account_flags_select	authenticated,service_role	duplicate_account_flags	is_founder()	
SELECT	PERMISSIVE	r3080_findings_founder_read	public	ecg_color_code_findings_r3080	is_founder()	
SELECT	PERMISSIVE	r3080_audits_founder_read	public	ecg_lead_wire_continuity_audits_r3080	is_founder()	
ALL	PERMISSIVE	founder_all	authenticated	emergency_followup_actions_r2591	is_founder()	is_founder()
ALL	PERMISSIVE	founder_all	authenticated	emergency_kit_item_consumption_r2774	is_founder()	is_founder()
SELECT	PERMISSIVE	eba_founder_r2974	authenticated	emergency_lighting_battery_audits_r2974	is_founder()	
ALL	PERMISSIVE	founder_all	authenticated	emergency_runbook_lessons_r2496	is_founder()	is_founder()
ALL	PERMISSIVE	founder_all_corr_r2497	authenticated	emotion_decision_correlations_r2497	is_founder()	is_founder()
ALL	PERMISSIVE	r3031_cab_founder_all	authenticated	endoscope_drying_cabinets_r3031	is_founder()	is_founder()
ALL	PERMISSIVE	r3031_find_founder_all	authenticated	endoscope_drying_findings_r3031	is_founder()	is_founder()
SELECT	PERMISSIVE	cycles_r3003_founder_select	authenticated	endoscopy_disinfector_cycles_r3003	is_founder()	
SELECT	PERMISSIVE	findings_r3003_founder_select	authenticated	endoscopy_disinfector_spike_findings_r3003	is_founder()	
ALL	PERMISSIVE	founder_all	authenticated	energy_allocation_corrections_r2549	is_founder()	is_founder()
ALL	PERMISSIVE	founder_all	authenticated	energy_pattern_insights_r2493	is_founder()	is_founder()
ALL	PERMISSIVE	founder_all	authenticated	engagement_action_outcomes_r2648	is_founder()	is_founder()
ALL	PERMISSIVE	r2060_awards_founder	authenticated	engineer_2000_excellence_awards_r2060	is_founder()	is_founder()
ALL	PERMISSIVE	founder_all_eng_milestone_r2000	authenticated	engineer_2000_milestone_recognition_r2000	is_founder()	is_founder()
ALL	PERMISSIVE	founder_all_badges_r2100	authenticated	engineer_2100_mastery_badges_r2100	is_founder()	is_founder()
ALL	PERMISSIVE	founder_all_awards_r2180	authenticated	engineer_2200_milestone_awards_r2180	is_founder()	is_founder()
ALL	PERMISSIVE	founder_only_e360_perf_cycles	authenticated	engineer_360_perf_review_cycles	is_founder()	is_founder()
ALL	PERMISSIVE	founder_only_e360_perf_responses	authenticated	engineer_360_perf_review_responses	is_founder()	is_founder()
ALL	PERMISSIVE	founder_all	authenticated	engineer_360_reviews_r2530	is_founder()	is_founder()
ALL	PERMISSIVE	founder_all_eng_800_recog_r2188	authenticated	engineer_800_star_recognition_r2188	is_founder()	is_founder()
ALL	PERMISSIVE	founder_all_actions_r1976	authenticated	engineer_acceptance_action_log_r1976	is_founder()	is_founder()
ALL	PERMISSIVE	eai_founder_all	authenticated	engineer_accident_incidents	is_founder()	is_founder()
ALL	PERMISSIVE	founder_all	authenticated	engineer_after_hours_coverage_r2788	is_founder()	is_founder()
SELECT	PERMISSIVE	pipeline_audits_r3066_founder_select	authenticated	engineer_anesthesia_pipeline_audits_r3066	is_founder()	
ALL	PERMISSIVE	founder_all_reviews_r1956	authenticated	engineer_annual_reviews_r1956	is_founder()	is_founder()
ALL	PERMISSIVE	founder_all_eacr_r2322	authenticated	engineer_app_crash_reports_r2322	is_founder()	is_founder()
ALL	PERMISSIVE	founder_all_eact_r2322	authenticated	engineer_app_crash_triage_r2322	is_founder()	is_founder()
ALL	PERMISSIVE	eng_offline_conflicts_founder_all	authenticated	engineer_app_offline_conflicts	is_founder()	is_founder()
SELECT	PERMISSIVE	eng_offline_conflicts_self_select	authenticated	engineer_app_offline_conflicts	(EXISTS ( SELECT 1 FROM engineer_app_offline_events e WHERE ((e.id = engineer_app_offline_conflicts.offline_event_id) AND (e.engineer_user_id = auth.uid()))))	
INSERT	PERMISSIVE	eng_offline_events_self_insert	authenticated	engineer_app_offline_events		(engineer_user_id = auth.uid())
SELECT	PERMISSIVE	eng_offline_events_self_or_founder	authenticated	engineer_app_offline_events	((engineer_user_id = auth.uid()) OR is_founder())	
SELECT	PERMISSIVE	eng_sync_sessions_self_or_founder	authenticated	engineer_app_sync_sessions	((engineer_user_id = auth.uid()) OR is_founder())	
ALL	PERMISSIVE	eng_sync_sessions_self_write	authenticated	engineer_app_sync_sessions	(engineer_user_id = auth.uid())	(engineer_user_id = auth.uid())
ALL	PERMISSIVE	founder_all_pairs_r2068	authenticated	engineer_apprentice_mentorship_r2068	is_founder()	is_founder()
ALL	PERMISSIVE	engineer_apprentice_milestones_r1760_founder_all	authenticated	engineer_apprentice_milestones_r1760	is_founder()	is_founder()
ALL	PERMISSIVE	engineer_apprentices_r1760_founder_all	authenticated	engineer_apprentices_r1760	is_founder()	is_founder()
ALL	PERMISSIVE	founder_all	authenticated	engineer_arrival_promise_refinement_r2800	is_founder()	is_founder()
ALL	PERMISSIVE	founder_all	authenticated	engineer_arrival_window_precision_r2800	is_founder()	is_founder()
SELECT	PERMISSIVE	engineer_attendance_select	authenticated,service_role	engineer_attendance	((engineer_user_id = auth.uid()) OR (hospital_user_id = auth.uid()) OR is_founder())	
ALL	PERMISSIVE	founder_all	authenticated	engineer_attendance_consequences_r2678	is_founder()	is_founder()
ALL	PERMISSIVE	eai_v2_founder_all	authenticated	engineer_attrition_interventions_v2	is_founder()	is_founder()
ALL	PERMISSIVE	eas_v2_founder_all	authenticated	engineer_attrition_scores_v2	is_founder()	is_founder()
ALL	PERMISSIVE	founder_all	authenticated	engineer_attrition_signals_r2482	is_founder()	is_founder()
ALL	PERMISSIVE	founder_all_eaal_r2044	authenticated	engineer_audit_action_log_r2044	is_founder()	is_founder()
ALL	PERMISSIVE	engineer_audit_compliance_no_direct	public	engineer_audit_compliance	false	
ALL	PERMISSIVE	r2060_actions_founder	authenticated	engineer_award_action_log_r2060	is_founder()	is_founder()
ALL	PERMISSIVE	founder_all_actions_r2180	authenticated	engineer_award_action_log_r2180	is_founder()	is_founder()
ALL	PERMISSIVE	founder_all_actions_r2100	authenticated	engineer_badge_action_log_r2100	is_founder()	is_founder()
SELECT	PERMISSIVE	founder_all_audits_r3050	public	engineer_bed_mattress_audits_r3050	is_founder()	
SELECT	PERMISSIVE	founder_all_readings_r3050	public	engineer_bed_mattress_sensor_readings_r3050	is_founder()	
ALL	PERMISSIVE	bench_action_r2008_founder	authenticated	engineer_bench_action_log_r2008	is_founder()	is_founder()
ALL	PERMISSIVE	p_velocity_founder_r2132	authenticated	engineer_bench_hire_velocity_r2132	is_founder()	is_founder()
ALL	PERMISSIVE	founder_all	authenticated	engineer_bench_redeploy_actions_r2734	is_founder()	is_founder()
ALL	PERMISSIVE	founder_all	authenticated	engineer_bench_stage_events_r2826	is_founder()	is_founder()
ALL	PERMISSIVE	bench_actions_r1792_founder	authenticated	engineer_bench_strength_actions_r1792	is_founder()	is_founder()
ALL	PERMISSIVE	bench_strength_r1792_founder	authenticated	engineer_bench_strength_per_category_r1792	is_founder()	is_founder()
ALL	PERMISSIVE	bench_strength_r2008_founder	authenticated	engineer_bench_strength_r2008	is_founder()	is_founder()
SELECT	PERMISSIVE	founder_read_eb_r3009	public	engineer_bench_strength_r3009	is_founder()	
ALL	PERMISSIVE	founder_all	authenticated	engineer_bench_utilization_r2734	is_founder()	is_founder()
ALL	PERMISSIVE	founder_all	authenticated	engineer_billable_utilization_r2218	is_founder()	is_founder()
SELECT	PERMISSIVE	bw_founder_r3042	authenticated	engineer_bonesaw_blade_wear_r3042	is_founder()	
ALL	PERMISSIVE	founder_all_ebal_r1984	authenticated	engineer_bonus_action_log_r1984	is_founder()	is_founder()
ALL	PERMISSIVE	founder_all_ebal_r2192	authenticated	engineer_bonus_action_log_r2192	is_founder()	is_founder()
ALL	PERMISSIVE	founder_all	authenticated	engineer_borrow_scorecard_r2868	is_founder()	is_founder()
ALL	PERMISSIVE	p_ebca_r1800_founder	authenticated	engineer_brand_certification_attempts_r1800	is_founder()	is_founder()
ALL	PERMISSIVE	p_ebf_r1800_founder	authenticated	engineer_brand_familiarity_r1800	is_founder()	is_founder()
ALL	PERMISSIVE	founder_all	authenticated	engineer_bug_reports_r2514	is_founder()	is_founder()
ALL	PERMISSIVE	burnout_interventions_r1664_founder_all	authenticated	engineer_burnout_interventions_r1664	is_founder()	is_founder()
ALL	PERMISSIVE	burnout_signals_r1664_founder_all	authenticated	engineer_burnout_signals_r1664	is_founder()	is_founder()
ALL	PERMISSIVE	founder_all	authenticated	engineer_burnout_signals_r2430	is_founder()	is_founder()
ALL	PERMISSIVE	founder_all	authenticated	engineer_bus_factor_coverage_r2798	is_founder()	is_founder()
ALL	PERMISSIVE	founder_all	authenticated	engineer_cadence_rollup_r2862	is_founder()	is_founder()
ALL	PERMISSIVE	founder_all_eng_cal_conflicts_r1784	authenticated	engineer_calendar_conflicts_r1784	is_founder()	is_founder()
ALL	PERMISSIVE	founder_all_eng_cal_events_r1784	authenticated	engineer_calendar_events_r1784	is_founder()	is_founder()
ALL	PERMISSIVE	founder_all_action_log_r2128	authenticated	engineer_calibration_action_log_r2128	is_founder()	is_founder()
ALL	PERMISSIVE	calib_audit_r1832_founder_all	authenticated	engineer_calibration_audit_log_r1832	is_founder()	is_founder()
ALL	PERMISSIVE	eca_r2270_founder_all	authenticated	engineer_call_attempts_r2270	is_founder()	is_founder()
ALL	PERMISSIVE	founder_all	authenticated	engineer_callback_records_r2814	is_founder()	is_founder()
ALL	PERMISSIVE	founder_all	authenticated	engineer_callback_recoveries_r2386	is_founder()	is_founder()
ALL	PERMISSIVE	founder_all	authenticated	engineer_callback_tier_learning_r2782	is_founder()	is_founder()
ALL	PERMISSIVE	founder_all	authenticated	engineer_callouts_r2467	is_founder()	is_founder()
ALL	PERMISSIVE	r1936_remedy_founder	authenticated	engineer_cancellation_remedy_log_r1936	is_founder()	is_founder()
ALL	PERMISSIVE	founder_all	authenticated	engineer_care_packages_r2638	is_founder()	is_founder()
ALL	PERMISSIVE	p_career_plans_r1980_founder	authenticated	engineer_career_dev_plans_r1980	is_founder()	is_founder()
ALL	PERMISSIVE	p_career_ms_r1980_founder	authenticated	engineer_career_milestone_log_r1980	is_founder()	is_founder()
ALL	PERMISSIVE	founder_all_career_milestones_r1692	authenticated	engineer_career_milestones_r1692	is_founder()	is_founder()
ALL	PERMISSIVE	founder_all_career_paths_r1692	authenticated	engineer_career_paths_r1692	is_founder()	is_founder()
ALL	PERMISSIVE	founder_only_career_rungs	authenticated	engineer_career_rungs	is_founder()	is_founder()
SELECT	PERMISSIVE	ecr_engineer_self_read	authenticated	engineer_cashout_requests	((engineer_user_id = auth.uid()) OR is_founder())	
ALL	PERMISSIVE	ecr_founder_all	authenticated	engineer_cashout_requests	is_founder()	is_founder()
ALL	PERMISSIVE	founder_all	authenticated	engineer_celebration_outcome_r2830	is_founder()	is_founder()
ALL	PERMISSIVE	founder_all	authenticated	engineer_celebrations_r2646	is_founder()	is_founder()
ALL	PERMISSIVE	founder_only_eng_cert_rem_v2	authenticated	engineer_cert_reminders_v2	is_founder()	is_founder()
ALL	PERMISSIVE	founder_all_action_log_r2024	authenticated	engineer_cert_renewal_action_log_r2024	is_founder()	is_founder()
ALL	PERMISSIVE	ecrl_founder_all	authenticated	engineer_cert_renewal_log	is_founder()	is_founder()
ALL	PERMISSIVE	ecrq_r1680_founder_all	authenticated	engineer_cert_renewal_queue_r1680	is_founder()	is_founder()
ALL	PERMISSIVE	founder_all_actions_r2124	authenticated	engineer_certification_action_log_r2124	is_founder()	is_founder()
SELECT	PERMISSIVE	eng_cert_attempts_engineer_own	authenticated	engineer_certification_attempts	(engineer_user_id = auth.uid())	
ALL	PERMISSIVE	eng_cert_attempts_founder_all	authenticated	engineer_certification_attempts	is_founder()	is_founder()
SELECT	PERMISSIVE	eng_cert_exams_authenticated_read	authenticated	engineer_certification_exams	(status = 'active'::text)	
ALL	PERMISSIVE	eng_cert_exams_founder_all	authenticated	engineer_certification_exams	is_founder()	is_founder()
SELECT	PERMISSIVE	engineer_certification_progress_select	authenticated	engineer_certification_progress	((engineer_user_id = auth.uid()) OR is_founder())	
ALL	PERMISSIVE	founder_all_renewal_r2024	authenticated	engineer_certification_renewal_r2024	is_founder()	is_founder()
SELECT	PERMISSIVE	engineer_certification_tiers_select	anon,authenticated	engineer_certification_tiers	true	
ALL	PERMISSIVE	founder_only_eng_certs_v2	authenticated	engineer_certifications_v2	is_founder()	is_founder()
ALL	PERMISSIVE	p_engineer_ces_friction_actions_founder_only	authenticated	engineer_ces_friction_actions	is_founder()	is_founder()
ALL	PERMISSIVE	p_engineer_ces_responses_founder_only	authenticated	engineer_ces_responses	is_founder()	is_founder()
ALL	PERMISSIVE	p_ecc_r1892_founder_all	authenticated	engineer_checklist_completions_r1892	is_founder()	is_founder()
ALL	PERMISSIVE	founder_all	authenticated	engineer_checklist_outcome_audit_r2838	is_founder()	is_founder()
ALL	PERMISSIVE	eng_city_avail_thr_founder_all	authenticated	engineer_city_availability_thresholds	is_founder()	is_founder()
ALL	PERMISSIVE	founder_all	authenticated	engineer_coaching_area_benchmarks_r2670	is_founder()	is_founder()
ALL	PERMISSIVE	founder_all_ecml_r2148	authenticated	engineer_coaching_milestone_log_r2148	is_founder()	is_founder()
ALL	PERMISSIVE	founder_all	authenticated	engineer_coaching_notes_r2205	is_founder()	is_founder()
ALL	PERMISSIVE	eco_r2298_founder_all	authenticated	engineer_coaching_outcomes_r2298	is_founder()	is_founder()
SELECT	PERMISSIVE	founder_read_ecd_r3013	public	engineer_cohort_promotion_loop_decisions_r3013	is_founder()	
SELECT	PERMISSIVE	founder_read_eca_r3013	public	engineer_cohort_retention_loop_audit_r3013	is_founder()	
ALL	PERMISSIVE	founder_all	authenticated	engineer_collection_conversion_r2844	is_founder()	is_founder()
ALL	PERMISSIVE	founder_all	authenticated	engineer_collection_invoices_r2844	is_founder()	is_founder()
ALL	PERMISSIVE	founder_all_eccl_r1948	authenticated	engineer_comm_coaching_log_r1948	is_founder()	is_founder()
ALL	PERMISSIVE	founder_all_ectu_r2294	authenticated	engineer_comm_template_usage_r2294	is_founder()	is_founder()
ALL	PERMISSIVE	founder_all_ect_r2294	authenticated	engineer_comm_templates_r2294	is_founder()	is_founder()
ALL	PERMISSIVE	founder_only_ecc	authenticated	engineer_commute_claims	is_founder()	is_founder()
ALL	PERMISSIVE	founder_only_eccap	authenticated	engineer_commute_monthly_caps	is_founder()	is_founder()
ALL	PERMISSIVE	founder_all_ect_r2302	authenticated	engineer_competency_tests_r2302	is_founder()	is_founder()
ALL	PERMISSIVE	founder_all	authenticated	engineer_complaint_resolution_streak_r2758	is_founder()	is_founder()
ALL	PERMISSIVE	founder_all	authenticated	engineer_complaint_streak_events_r2758	is_founder()	is_founder()
ALL	PERMISSIVE	founder_all_responses_r1928	authenticated	engineer_compliment_response_log_r1928	is_founder()	is_founder()
ALL	PERMISSIVE	founder_all_eng_comp_resp_r1724	authenticated	engineer_compliment_responses_r1724	is_founder()	is_founder()
ALL	PERMISSIVE	founder_all_eng_comp_r1724	authenticated	engineer_compliments_r1724	is_founder()	is_founder()
ALL	PERMISSIVE	founder_all_ecrl_r1920	authenticated	engineer_conflict_resolution_log_r1920	is_founder()	is_founder()
ALL	PERMISSIVE	founder_all_ecrs_r1764	authenticated	engineer_conflict_resolution_steps_r1764	is_founder()	is_founder()
ALL	PERMISSIVE	founder_all	authenticated	engineer_conflicts_r2582	is_founder()	is_founder()
ALL	PERMISSIVE	founder_all	authenticated	engineer_continuity_churn_events_r2388	is_founder()	is_founder()
ALL	PERMISSIVE	founder_all	authenticated	engineer_continuity_hospital_snapshots_r2388	is_founder()	is_founder()
ALL	PERMISSIVE	founder_all_actions_r2020	authenticated	engineer_coverage_action_log_r2020	is_founder()	is_founder()
ALL	PERMISSIVE	founder_all	authenticated	engineer_cross_region_rotations_r2694	is_founder()	is_founder()
ALL	PERMISSIVE	founder_all_xtrain_assess_r1752	authenticated	engineer_cross_train_assessments_r1752	is_founder()	is_founder()
ALL	PERMISSIVE	founder_all_xtrain_assign_r1752	authenticated	engineer_cross_train_assignments_r1752	is_founder()	is_founder()
ALL	PERMISSIVE	founder_all	authenticated	engineer_cross_train_plan_r2798	is_founder()	is_founder()
ALL	PERMISSIVE	founder_all	authenticated	engineer_cross_training_matrix_r2470	is_founder()	is_founder()
ALL	PERMISSIVE	founder_all_r1912_roadmap	authenticated	engineer_cross_training_roadmap_r1912	is_founder()	is_founder()
SELECT	PERMISSIVE	ecvstqs_r3025_founder	public	engineer_cross_vertical_skill_transfer_quarterly_summaries_r302	is_founder()	
SELECT	PERMISSIVE	ecvst_r3025_founder	public	engineer_cross_vertical_skill_transfers_r3025	is_founder()	
ALL	PERMISSIVE	founder_all_xzone_alerts_r2406	authenticated	engineer_cross_zone_fatigue_alerts_r2406	is_founder()	is_founder()
ALL	PERMISSIVE	founder_all_xzone_fillins_r2406	authenticated	engineer_cross_zone_fillins_r2406	is_founder()	is_founder()
ALL	PERMISSIVE	engineer_csat_action_log_r1968_founder	authenticated	engineer_csat_action_log_r1968	is_founder()	is_founder()
ALL	PERMISSIVE	engineer_csat_scores_r1968_founder	authenticated	engineer_csat_scores_r1968	is_founder()	is_founder()
SELECT	PERMISSIVE	curtain_audits_r2954_founder_select	authenticated	engineer_curtain_audits_r2954	is_founder()	
ALL	PERMISSIVE	founder_all_anniv_r2394	authenticated	engineer_customer_anniversaries_r2394	is_founder()	is_founder()
ALL	PERMISSIVE	founder_all_gifts_r2394	authenticated	engineer_customer_anniversary_gifts_r2394	is_founder()	is_founder()
ALL	PERMISSIVE	founder_all	authenticated	engineer_customer_anniversary_milestones_r2762	is_founder()	is_founder()
ALL	PERMISSIVE	founder_all	authenticated	engineer_customer_callbacks_r2386	is_founder()	is_founder()
ALL	PERMISSIVE	founder_all_eccc_r1948	authenticated	engineer_customer_comm_coaching_r1948	is_founder()	is_founder()
ALL	PERMISSIVE	founder_all_compliments_r1928	authenticated	engineer_customer_compliments_r1928	is_founder()	is_founder()
ALL	PERMISSIVE	founder_all_ecc_r1764	authenticated	engineer_customer_conflicts_r1764	is_founder()	is_founder()
ALL	PERMISSIVE	founder_all	authenticated	engineer_customer_equipment_checklist_r2838	is_founder()	is_founder()
ALL	PERMISSIVE	p_ecfm_r1988_founder	authenticated	engineer_customer_feedback_memory_r1988	is_founder()	is_founder()
ALL	PERMISSIVE	founder_all_handoffs_r2378	authenticated	engineer_customer_handoffs_r2378	is_founder()	is_founder()
ALL	PERMISSIVE	founder_all	authenticated	engineer_customer_handoffs_r2610	is_founder()	is_founder()
ALL	PERMISSIVE	founder_all	authenticated	engineer_customer_milestone_r2830	is_founder()	is_founder()
ALL	PERMISSIVE	founder_all	authenticated	engineer_customer_mood_r2658	is_founder()	is_founder()
ALL	PERMISSIVE	founder_all	authenticated	engineer_customer_nps_actions_r2682	is_founder()	is_founder()
ALL	PERMISSIVE	founder_all	authenticated	engineer_customer_nps_scores_r2682	is_founder()	is_founder()
ALL	PERMISSIVE	founder_all	authenticated	engineer_customer_onboarding_r2630	is_founder()	is_founder()
ALL	PERMISSIVE	founder_all_praise_wall_r2108	authenticated	engineer_customer_praise_wall_r2108	is_founder()	is_founder()
ALL	PERMISSIVE	founder_all	authenticated	engineer_customer_pulse_surveys_r2634	is_founder()	is_founder()
ALL	PERMISSIVE	founder_all	authenticated	engineer_customer_rapport_r2542	is_founder()	is_founder()
ALL	PERMISSIVE	founder_all_ecrt_r2028	authenticated	engineer_customer_reaction_tracker_r2028	is_founder()	is_founder()
ALL	PERMISSIVE	founder_all	authenticated	engineer_customer_recommendations_r2818	is_founder()	is_founder()
ALL	PERMISSIVE	founder_all_engineer_customer_audit_r2370	authenticated	engineer_customer_relationship_audit_r2370	is_founder()	is_founder()
ALL	PERMISSIVE	founder_all_engineer_customer_strength_r2370	authenticated	engineer_customer_relationship_scores_r2370	is_founder()	is_founder()
ALL	PERMISSIVE	founder_all_retention_r2040	authenticated	engineer_customer_retention_score_r2040	is_founder()	is_founder()
ALL	PERMISSIVE	founder_all_subs_r1776	authenticated	engineer_customer_spotlight_submissions_r1776	is_founder()	is_founder()
ALL	PERMISSIVE	founder_all_stories_r2088	authenticated	engineer_customer_story_capture_r2088	is_founder()	is_founder()
ALL	PERMISSIVE	engineer_customer_tip_tracker_r2012_founder_all	public	engineer_customer_tip_tracker_r2012	is_founder()	is_founder()
ALL	PERMISSIVE	founder_all_trust_r2072	authenticated	engineer_customer_trust_score_r2072	is_founder()	is_founder()
ALL	PERMISSIVE	founder_all	authenticated	engineer_customer_trust_temperature_r2722	is_founder()	is_founder()
ALL	PERMISSIVE	founder_all_ecvpl_r2164	authenticated	engineer_customer_visit_photo_log_r2164	is_founder()	is_founder()
ALL	PERMISSIVE	founder_all_ecvs_r1992	authenticated	engineer_customer_visit_surveys_r1992	is_founder()	is_founder()
ALL	PERMISSIVE	founder_all	authenticated	engineer_customer_warmth_signals_r2854	is_founder()	is_founder()
ALL	PERMISSIVE	founder_all_edal_r1772	authenticated	engineer_damage_appeal_log_r1772	is_founder()	is_founder()
ALL	PERMISSIVE	founder_all_edc_r1772	authenticated	engineer_damage_compensations_r1772	is_founder()	is_founder()
ALL	PERMISSIVE	founder_all_edrn_r1704	authenticated	engineer_damage_review_notes_r1704	is_founder()	is_founder()
ALL	PERMISSIVE	p_edp_r1748_founder	authenticated	engineer_decline_patterns_r1748	is_founder()	is_founder()
SELECT	PERMISSIVE	tests_r3082_select	public	engineer_defib_self_test_cycles_r3082	is_founder()	
SELECT	PERMISSIVE	pads_r3082_select	public	engineer_defib_trainer_pads_r3082	is_founder()	
ALL	PERMISSIVE	founder_all_action_log_r2116	authenticated	engineer_deployment_action_log_r2116	is_founder()	is_founder()
ALL	PERMISSIVE	founder_all_actions_r2080	authenticated	engineer_distribution_action_log_r2080	is_founder()	is_founder()
ALL	PERMISSIVE	dca_r2960_founder_all	authenticated	engineer_dress_code_audits_r2960	is_founder()	is_founder()
ALL	PERMISSIVE	edvl_r2278_founder_all	authenticated	engineer_driver_vehicle_log_r2278	is_founder()	is_founder()
ALL	PERMISSIVE	founder_all_earn_action_r2036	authenticated	engineer_earning_action_log_r2036	is_founder()	is_founder()
ALL	PERMISSIVE	founder_all_earn_traj_r2036	authenticated	engineer_earning_trajectory_r2036	is_founder()	is_founder()
ALL	PERMISSIVE	founder_all	authenticated	engineer_emergency_kits_r2774	is_founder()	is_founder()
ALL	PERMISSIVE	founder_all_eqact_r1940	authenticated	engineer_equipment_action_log_r1940	is_founder()	is_founder()
ALL	PERMISSIVE	calib_sched_r1832_founder_all	authenticated	engineer_equipment_calibration_schedules_r1832	is_founder()	is_founder()
ALL	PERMISSIVE	founder_all_certs_r2124	authenticated	engineer_equipment_certifications_r2124	is_founder()	is_founder()
ALL	PERMISSIVE	eec_r1680_founder_all	authenticated	engineer_equipment_certs_r1680	is_founder()	is_founder()
ALL	PERMISSIVE	founder_all_eed_r1704	authenticated	engineer_equipment_damage_r1704	is_founder()	is_founder()
ALL	PERMISSIVE	founder_all_eeer1740	authenticated	engineer_equipment_expertise_r1740	is_founder()	is_founder()
ALL	PERMISSIVE	founder_all_field_tests_r1884	authenticated	engineer_equipment_field_tests_r1884	is_founder()	is_founder()
ALL	PERMISSIVE	founder_all_loans_r1736	authenticated	engineer_equipment_loans_r1736	is_founder()	is_founder()
ALL	PERMISSIVE	founder_all_events_r1828	authenticated	engineer_equipment_loss_events_r1828	is_founder()	is_founder()
ALL	PERMISSIVE	founder_all_actions_r1828	authenticated	engineer_equipment_loss_prevention_actions_r1828	is_founder()	is_founder()
ALL	PERMISSIVE	founder_all_eem_r1816	authenticated	engineer_equipment_manuals_r1816	is_founder()	is_founder()
ALL	PERMISSIVE	eer_r1860_founder_all	authenticated	engineer_equipment_recalls_r1860	is_founder()	is_founder()
ALL	PERMISSIVE	founder_all_eq_roi_r1888	authenticated	engineer_equipment_roi_r1888	is_founder()	is_founder()
ALL	PERMISSIVE	founder_all_spec_r1916	authenticated	engineer_equipment_specialization_r1916	is_founder()	is_founder()
ALL	PERMISSIVE	founder_all_eqwear_r1940	authenticated	engineer_equipment_wear_tracker_r1940	is_founder()	is_founder()
ALL	PERMISSIVE	eew_r2298_founder_all	authenticated	engineer_escalation_watchlist_r2298	is_founder()	is_founder()
ALL	PERMISSIVE	founder_all_esc_r2374	authenticated	engineer_escalations_r2374	is_founder()	is_founder()
ALL	PERMISSIVE	p_eec_r1812_founder	authenticated	engineer_expense_claims_r1812	is_founder()	is_founder()
ALL	PERMISSIVE	p_eerl_r1812_founder	authenticated	engineer_expense_review_log_r1812	is_founder()	is_founder()
ALL	PERMISSIVE	founder_all_eegar1740	authenticated	engineer_expertise_gap_actions_r1740	is_founder()	is_founder()
ALL	PERMISSIVE	eec_founder_all	authenticated	engineer_external_certifications	is_founder()	is_founder()
ALL	PERMISSIVE	founder_all_err_action_log_r2168	authenticated	engineer_failure_action_log_r2168	is_founder()	is_founder()
ALL	PERMISSIVE	efrl_r1900_founder_all	authenticated	engineer_failure_response_log_r1900	is_founder()	is_founder()
ALL	PERMISSIVE	p_efr_r1880_founder	authenticated	engineer_familiarity_refresh_r1880	is_founder()	is_founder()
ALL	PERMISSIVE	founder_all	authenticated	engineer_fatigue_cycles_r2538	is_founder()	is_founder()
ALL	PERMISSIVE	founder_all	authenticated	engineer_feature_adoption_r2562	is_founder()	is_founder()
ALL	PERMISSIVE	founder_all	authenticated	engineer_feature_usage_r2738	is_founder()	is_founder()
ALL	PERMISSIVE	p_efal_r1988_founder	authenticated	engineer_feedback_action_log_r1988	is_founder()	is_founder()
ALL	PERMISSIVE	founder_all	authenticated	engineer_feedback_actions_r2342	is_founder()	is_founder()
ALL	PERMISSIVE	founder_all	authenticated	engineer_feedback_entries_r2205	is_founder()	is_founder()
ALL	PERMISSIVE	founder_all	authenticated	engineer_feedback_loop_events_r2810	is_founder()	is_founder()
ALL	PERMISSIVE	founder_all	authenticated	engineer_feedback_signals_r2342	is_founder()	is_founder()
ALL	PERMISSIVE	founder_all_hours_r2096	authenticated	engineer_field_earned_hours_r2096	is_founder()	is_founder()
ALL	PERMISSIVE	efef_r1900_founder_all	authenticated	engineer_field_equipment_failures_r1900	is_founder()	is_founder()
ALL	PERMISSIVE	efk_end_r1872_founder_all	authenticated	engineer_field_knowledge_endorsements_r1872	is_founder()	is_founder()
ALL	PERMISSIVE	efk_r1872_founder_all	authenticated	engineer_field_knowledge_r1872	is_founder()	is_founder()
ALL	PERMISSIVE	founder_all_drill_obs_r1876	authenticated	engineer_field_safety_drill_observations_r1876	is_founder()	is_founder()
ALL	PERMISSIVE	founder_all_drills_r1876	authenticated	engineer_field_safety_drills_r1876	is_founder()	is_founder()
SELECT	PERMISSIVE	efsmr_engineer_own	authenticated	engineer_field_service_module_runs	(engineer_user_id = auth.uid())	
ALL	PERMISSIVE	efsmr_founder_all	authenticated	engineer_field_service_module_runs	is_founder()	is_founder()
SELECT	PERMISSIVE	efsm_engineer_read_active	authenticated	engineer_field_service_modules	(is_active = true)	
ALL	PERMISSIVE	efsm_founder_all	authenticated	engineer_field_service_modules	is_founder()	is_founder()
ALL	PERMISSIVE	founder_all_field_test_obs_r1884	authenticated	engineer_field_test_observations_r1884	is_founder()	is_founder()
ALL	PERMISSIVE	founder_only_field_test_outcomes	authenticated	engineer_field_test_outcomes	is_founder()	is_founder()
ALL	PERMISSIVE	founder_only_field_tests	authenticated	engineer_field_tests	is_founder()	is_founder()
ALL	PERMISSIVE	founder_all	authenticated	engineer_financial_wellness_r2598	is_founder()	is_founder()
ALL	PERMISSIVE	efjo_founder_only	authenticated	engineer_first_job_onboarding	is_founder()	is_founder()
ALL	PERMISSIVE	efjr_founder_only	authenticated	engineer_first_job_reviews	is_founder()	is_founder()
INSERT	PERMISSIVE	eft_engineer_own_insert	authenticated	engineer_fleet_trips		(engineer_user_id = auth.uid())
SELECT	PERMISSIVE	eft_engineer_own_read	authenticated	engineer_fleet_trips	(engineer_user_id = auth.uid())	
ALL	PERMISSIVE	eft_founder_all	authenticated	engineer_fleet_trips	is_founder()	is_founder()
SELECT	PERMISSIVE	efv_engineer_own_read	authenticated	engineer_fleet_vehicles	(engineer_user_id = auth.uid())	
ALL	PERMISSIVE	efv_founder_all	authenticated	engineer_fleet_vehicles	is_founder()	is_founder()
ALL	PERMISSIVE	founder_all	authenticated	engineer_followup_cadence_r2770	is_founder()	is_founder()
ALL	PERMISSIVE	founder_all	authenticated	engineer_followup_outcome_r2770	is_founder()	is_founder()
ALL	PERMISSIVE	p_reaction_founder_r2076	authenticated	engineer_forum_reaction_log_r2076	is_founder()	is_founder()
ALL	PERMISSIVE	r3069_disc_founder_all	authenticated	engineer_founder_health_disclosures_r3069	is_founder()	is_founder()
ALL	PERMISSIVE	r3069_int_founder_all	authenticated	engineer_founder_health_interventions_r3069	is_founder()	is_founder()
ALL	PERMISSIVE	egrl_r1908_founder_all	authenticated	engineer_gap_remediation_log_r1908	is_founder()	is_founder()
SELECT	PERMISSIVE	p_cells_r2949	authenticated	engineer_geo_coverage_cells_r2949	is_founder()	
SELECT	PERMISSIVE	p_actions_r2949	authenticated	engineer_geo_gap_actions_r2949	is_founder()	
ALL	PERMISSIVE	founder_all_coverage_r2020	authenticated	engineer_geographic_coverage_map_r2020	is_founder()	is_founder()
ALL	PERMISSIVE	founder_all	authenticated	engineer_handoff_events_r2776	is_founder()	is_founder()
ALL	PERMISSIVE	founder_all	authenticated	engineer_handoff_events_r2854	is_founder()	is_founder()
ALL	PERMISSIVE	founder_all	authenticated	engineer_handoff_gaps_r2674	is_founder()	is_founder()
ALL	PERMISSIVE	founder_all	authenticated	engineer_handoff_photo_scores_r2746	is_founder()	is_founder()
ALL	PERMISSIVE	founder_all	authenticated	engineer_handoff_redo_actions_r2746	is_founder()	is_founder()
ALL	PERMISSIVE	founder_all_signals_r2378	authenticated	engineer_handoff_signals_r2378	is_founder()	is_founder()
ALL	PERMISSIVE	founder_all	authenticated	engineer_handover_ack_emoji_events_r2858	is_founder()	is_founder()
ALL	PERMISSIVE	founder_all	authenticated	engineer_handover_ack_emoji_rollups_r2858	is_founder()	is_founder()
ALL	PERMISSIVE	founder_all	authenticated	engineer_handover_audits_r2390	is_founder()	is_founder()
ALL	PERMISSIVE	founder_all	authenticated	engineer_handover_events_r2842	is_founder()	is_founder()
ALL	PERMISSIVE	founder_all	authenticated	engineer_handover_monsoon_log_r2870	is_founder()	is_founder()
ALL	PERMISSIVE	founder_all	authenticated	engineer_handover_monthly_rollup_r2882	is_founder()	is_founder()
ALL	PERMISSIVE	founder_all	authenticated	engineer_handover_photo_findings_r2390	is_founder()	is_founder()
ALL	PERMISSIVE	founder_all	authenticated	engineer_handover_quiet_hours_scorecard_r2878	is_founder()	is_founder()
ALL	PERMISSIVE	founder_all	authenticated	engineer_handover_shoes_protocol_r2882	is_founder()	is_founder()
ALL	PERMISSIVE	founder_all	authenticated	engineer_handover_verdict_rollup_r2834	is_founder()	is_founder()
ALL	PERMISSIVE	founder_all	authenticated	engineer_handover_witnesses_r2842	is_founder()	is_founder()
SELECT	PERMISSIVE	hw_ip_founder_select_r3001	authenticated	engineer_hardware_ip_assets_r3001	is_founder()	
ALL	PERMISSIVE	ehic_r1836_founder	authenticated	engineer_health_insurance_claims_r1836	is_founder()	is_founder()
ALL	PERMISSIVE	ehin_r1836_founder	authenticated	engineer_health_insurance_notes_r1836	is_founder()	is_founder()
ALL	PERMISSIVE	p_action_log_founder_r2132	authenticated	engineer_hire_velocity_action_log_r2132	is_founder()	is_founder()
ALL	PERMISSIVE	eht_r2254_founder_all	authenticated	engineer_hiring_targets_r2254	is_founder()	is_founder()
SELECT	PERMISSIVE	founder_read_find_r2990	public	engineer_hoist_strap_findings_r2990	is_founder()	
SELECT	PERMISSIVE	founder_read_insp_r2990	public	engineer_hoist_strap_inspections_r2990	is_founder()	
ALL	PERMISSIVE	affinity_actions_founder_all	authenticated	engineer_hospital_affinity_actions_r1896	is_founder()	is_founder()
ALL	PERMISSIVE	affinity_founder_all	authenticated	engineer_hospital_affinity_r1896	is_founder()	is_founder()
ALL	PERMISSIVE	p_ehvl_r2016_founder	authenticated	engineer_hospital_visit_logger_r2016	is_founder()	is_founder()
ALL	PERMISSIVE	founder_all_engineer_hourly_rate_card_r1852	authenticated	engineer_hourly_rate_card_r1852	is_founder()	is_founder()
ALL	PERMISSIVE	founder_all_actions_r2096	authenticated	engineer_hours_action_log_r2096	is_founder()	is_founder()
ALL	PERMISSIVE	eial_r1964_founder_all	authenticated	engineer_idle_action_log_r1964	is_founder()	is_founder()
ALL	PERMISSIVE	eitt_r1964_founder_all	authenticated	engineer_idle_time_tracker_r1964	is_founder()	is_founder()
ALL	PERMISSIVE	founder_all	authenticated	engineer_incentive_payouts_r2422	is_founder()	is_founder()
ALL	PERMISSIVE	engineer_innovation_action_log_r2056_founder_all	authenticated	engineer_innovation_action_log_r2056	is_founder()	is_founder()
ALL	PERMISSIVE	engineer_innovation_ideation_r2056_founder_all	authenticated	engineer_innovation_ideation_r2056	is_founder()	is_founder()
ALL	PERMISSIVE	founder_all_eir_r1708	authenticated	engineer_innovation_reviews_r1708	is_founder()	is_founder()
ALL	PERMISSIVE	founder_all_eis_r1708	authenticated	engineer_innovation_submissions_r1708	is_founder()	is_founder()
ALL	PERMISSIVE	founder_all_eial_r1960	authenticated	engineer_insurance_action_log_r1960	is_founder()	is_founder()
ALL	PERMISSIVE	founder_all_eiw_r1960	authenticated	engineer_insurance_welfare_r1960	is_founder()	is_founder()
ALL	PERMISSIVE	founder_all_latency_r1976	authenticated	engineer_job_acceptance_latency_r1976	is_founder()	is_founder()
ALL	PERMISSIVE	r1936_causes_founder	authenticated	engineer_job_cancellation_causes_r1936	is_founder()	is_founder()
ALL	PERMISSIVE	founder_all	authenticated	engineer_job_cancellation_recovery_r2880	is_founder()	is_founder()
ALL	PERMISSIVE	p_ejd_r1748_founder	authenticated	engineer_job_declines_r1748	is_founder()	is_founder()
ALL	PERMISSIVE	founder_all	authenticated	engineer_job_handoffs_r2674	is_founder()	is_founder()
ALL	PERMISSIVE	founder_all	authenticated	engineer_job_photo_audits_r2494	is_founder()	is_founder()
ALL	PERMISSIVE	founder_all_ejr_r1756	authenticated	engineer_job_reschedules_r1756	is_founder()	is_founder()
ALL	PERMISSIVE	kaizen_log_r2366_founder_all	authenticated	engineer_kaizen_log_r2366	is_founder()	is_founder()
ALL	PERMISSIVE	founder_all	authenticated	engineer_kb_articles_r2446	is_founder()	is_founder()
ALL	PERMISSIVE	founder_all	authenticated	engineer_kb_articles_r2754	is_founder()	is_founder()
ALL	PERMISSIVE	founder_all	authenticated	engineer_kb_topic_rollup_r2754	is_founder()	is_founder()
ALL	PERMISSIVE	eka_r2310_founder_all	authenticated	engineer_kit_audits_r2310	is_founder()	is_founder()
ALL	PERMISSIVE	ekri_r2310_founder_all	authenticated	engineer_kit_required_items_r2310	is_founder()	is_founder()
ALL	PERMISSIVE	ekg_r1908_founder_all	authenticated	engineer_knowledge_gaps_r1908	is_founder()	is_founder()
ALL	PERMISSIVE	p_forum_founder_r2076	authenticated	engineer_knowledge_sharing_forum_r2076	is_founder()	is_founder()
ALL	PERMISSIVE	founder_all_cards_r1804	authenticated	engineer_kpi_cards_r1804	is_founder()	is_founder()
ALL	PERMISSIVE	founder_all_feedback_r1804	authenticated	engineer_kpi_grade_feedback_r1804	is_founder()	is_founder()
ALL	PERMISSIVE	founder_all	authenticated	engineer_kt_sessions_r2518	is_founder()	is_founder()
SELECT	PERMISSIVE	engineer_kyc_renewals_select	authenticated,service_role	engineer_kyc_renewals	((engineer_user_id = auth.uid()) OR is_founder())	
ALL	PERMISSIVE	founder_all	authenticated	engineer_ladder_promotion_events_r2234	is_founder()	is_founder()
ALL	PERMISSIVE	founder_all	authenticated	engineer_ladder_snapshots_r2234	is_founder()	is_founder()
ALL	PERMISSIVE	founder_all	authenticated	engineer_language_coaching_sessions_r2550	is_founder()	is_founder()
ALL	PERMISSIVE	founder_all	authenticated	engineer_language_fluency_r2490	is_founder()	is_founder()
ALL	PERMISSIVE	founder_all	authenticated	engineer_language_scorecard_r2876	is_founder()	is_founder()
ALL	PERMISSIVE	founder_all_interventions_r1848	authenticated	engineer_late_arrival_interventions_r1848	is_founder()	is_founder()
ALL	PERMISSIVE	founder_all_patterns_r1848	authenticated	engineer_late_arrival_patterns_r1848	is_founder()	is_founder()
ALL	PERMISSIVE	founder_all	authenticated	engineer_late_night_calls_r2402	is_founder()	is_founder()
ALL	PERMISSIVE	founder_all	authenticated	engineer_late_night_scorecards_r2402	is_founder()	is_founder()
ALL	PERMISSIVE	engineer_learning_paths_founder_only	authenticated	engineer_learning_paths	is_founder()	is_founder()
ALL	PERMISSIVE	engineer_learning_progress_founder_only	authenticated	engineer_learning_progress	is_founder()	is_founder()
SELECT	PERMISSIVE	elb_engineer_self	authenticated	engineer_leave_balances	((engineer_user_id = auth.uid()) OR is_founder())	
ALL	PERMISSIVE	elb_founder_all	authenticated	engineer_leave_balances	is_founder()	is_founder()
ALL	PERMISSIVE	founder_all	authenticated	engineer_leave_balances_r2266	is_founder()	is_founder()
ALL	PERMISSIVE	engineer_leave_calendar_founder_all	authenticated	engineer_leave_calendar	is_founder()	is_founder()
INSERT	PERMISSIVE	elr_engineer_insert	authenticated	engineer_leave_requests		(engineer_user_id = auth.uid())
SELECT	PERMISSIVE	elr_engineer_self	authenticated	engineer_leave_requests	((engineer_user_id = auth.uid()) OR is_founder())	
ALL	PERMISSIVE	elr_founder_all	authenticated	engineer_leave_requests	is_founder()	is_founder()
ALL	PERMISSIVE	founder_all	authenticated	engineer_leave_requests_r2266	is_founder()	is_founder()
ALL	PERMISSIVE	founder_all_ltv_r2140	authenticated	engineer_lifetime_value_tracker_r2140	is_founder()	is_founder()
ALL	PERMISSIVE	founder_all_returns_r1736	authenticated	engineer_loan_return_log_r1736	is_founder()	is_founder()
ALL	PERMISSIVE	founder_all_loanout_inv_r1788	authenticated	engineer_loanout_bank_inventory_r1788	is_founder()	is_founder()
ALL	PERMISSIVE	founder_all_loanout_chk_r1788	authenticated	engineer_loanout_checkouts_r1788	is_founder()	is_founder()
ALL	PERMISSIVE	founder_all_eltsk_r1844	authenticated	engineer_long_tail_skills_r1844	is_founder()	is_founder()
ALL	PERMISSIVE	founder_all	authenticated	engineer_loyalty_bonuses_r2650	is_founder()	is_founder()
ALL	PERMISSIVE	eng_loyalty_r1996_founder_all	authenticated	engineer_loyalty_program_r1996	is_founder()	is_founder()
ALL	PERMISSIVE	eng_loyalty_reward_r1996_founder_all	authenticated	engineer_loyalty_reward_log_r1996	is_founder()	is_founder()
ALL	PERMISSIVE	founder_all_ltv_action_r2140	authenticated	engineer_ltv_action_log_r2140	is_founder()	is_founder()
ALL	PERMISSIVE	founder_all_emal_r1816	authenticated	engineer_manual_access_log_r1816	is_founder()	is_founder()
ALL	PERMISSIVE	r2998_audits_founder_all	authenticated	engineer_manual_library_audits_r2998	is_founder()	is_founder()
ALL	PERMISSIVE	r2998_gaps_founder_all	authenticated	engineer_manual_library_gaps_r2998	is_founder()	is_founder()
ALL	PERMISSIVE	founder_all_emcl_r1924	authenticated	engineer_mentor_checkin_log_r1924	is_founder()	is_founder()
ALL	PERMISSIVE	founder_all	authenticated	engineer_mentor_checkins_r2258	is_founder()	is_founder()
ALL	PERMISSIVE	emh_r1840_founder_all	authenticated	engineer_mentor_hours_r1840	is_founder()	is_founder()
ALL	PERMISSIVE	founder_all_emn_r1924	authenticated	engineer_mentor_network_r1924	is_founder()	is_founder()
ALL	PERMISSIVE	founder_all	authenticated	engineer_mentor_pairs_r2258	is_founder()	is_founder()
ALL	PERMISSIVE	emsl_r1840_founder_all	authenticated	engineer_mentor_session_log_r1840	is_founder()	is_founder()
ALL	PERMISSIVE	founder_all_checkins_r1672	authenticated	engineer_mentorship_checkins_r1672	is_founder()	is_founder()
ALL	PERMISSIVE	founder_all_meetings_r2068	authenticated	engineer_mentorship_meeting_log_r2068	is_founder()	is_founder()
ALL	PERMISSIVE	founder_all_pairs_r1672	authenticated	engineer_mentorship_pairs_r1672	is_founder()	is_founder()
ALL	PERMISSIVE	founder_all	authenticated	engineer_mileage_actions_r2206	is_founder()	is_founder()
ALL	PERMISSIVE	founder_all	authenticated	engineer_mileage_logs_r2206	is_founder()	is_founder()
ALL	PERMISSIVE	founder_all	authenticated	engineer_mileage_monthly_caps_r2474	is_founder()	is_founder()
ALL	PERMISSIVE	founder_all	authenticated	engineer_mileage_trips_r2474	is_founder()	is_founder()
ALL	PERMISSIVE	founder_all_eng_celebration_r2000	authenticated	engineer_milestone_celebration_log_r2000	is_founder()	is_founder()
ALL	PERMISSIVE	emcf_r2270_founder_all	authenticated	engineer_missed_call_followups_r2270	is_founder()	is_founder()
ALL	PERMISSIVE	emc_r2250_founder_all	authenticated	engineer_modality_certifications_r2250	is_founder()	is_founder()
ALL	PERMISSIVE	emc_r1796_founder	authenticated	engineer_module_completions_r1796	is_founder()	is_founder()
ALL	PERMISSIVE	founder_all	authenticated	engineer_monsoon_refinement_r2870	is_founder()	is_founder()
ALL	PERMISSIVE	founder_all	authenticated	engineer_monthly_attendance_r2678	is_founder()	is_founder()
ALL	PERMISSIVE	founder_all	authenticated	engineer_monthly_callback_cases_r2782	is_founder()	is_founder()
ALL	PERMISSIVE	founder_all	authenticated	engineer_monthly_cancel_summary_r2880	is_founder()	is_founder()
ALL	PERMISSIVE	founder_all	authenticated	engineer_monthly_coaching_sessions_r2670	is_founder()	is_founder()
ALL	PERMISSIVE	founder_all	authenticated	engineer_monthly_customer_handover_final_mile_checklist_r2834	is_founder()	is_founder()
ALL	PERMISSIVE	founder_all	authenticated	engineer_monthly_feedback_loop_r2810	is_founder()	is_founder()
ALL	PERMISSIVE	founder_all	authenticated	engineer_monthly_handover_time_of_day_slots_r2866	is_founder()	is_founder()
ALL	PERMISSIVE	founder_all	authenticated	engineer_monthly_job_narrative_engagement_r2850	is_founder()	is_founder()
ALL	PERMISSIVE	founder_all	authenticated	engineer_monthly_job_narrative_stories_r2850	is_founder()	is_founder()
ALL	PERMISSIVE	founder_all	authenticated	engineer_monthly_job_prep_stages_r2826	is_founder()	is_founder()
ALL	PERMISSIVE	founder_all	authenticated	engineer_monthly_job_rejections_r2786	is_founder()	is_founder()
ALL	PERMISSIVE	founder_all	authenticated	engineer_monthly_mentee_pairings_r2730	is_founder()	is_founder()
ALL	PERMISSIVE	founder_all	authenticated	engineer_monthly_narrative_publish_r2862	is_founder()	is_founder()
ALL	PERMISSIVE	founder_all	authenticated	engineer_monthly_pattern_rollup_r2760	is_founder()	is_founder()
ALL	PERMISSIVE	founder_all	authenticated	engineer_monthly_recovery_narratives_r2874	is_founder()	is_founder()
ALL	PERMISSIVE	founder_all	authenticated	engineer_monthly_recovery_pulse_r2874	is_founder()	is_founder()
ALL	PERMISSIVE	founder_all	authenticated	engineer_monthly_rejection_policy_log_r2786	is_founder()	is_founder()
ALL	PERMISSIVE	engineer_monthly_rft_r2906_founder_all	authenticated	engineer_monthly_rft_r2906	is_founder()	is_founder()
ALL	PERMISSIVE	founder_all	authenticated	engineer_monthly_score_card_r2846	is_founder()	is_founder()
ALL	PERMISSIVE	founder_all_deployment_r2116	authenticated	engineer_multi_hospital_deployment_r2116	is_founder()	is_founder()
ALL	PERMISSIVE	founder_all_workload_r2048	authenticated	engineer_multi_tenancy_workload_r2048	is_founder()	is_founder()
ALL	PERMISSIVE	founder_all	authenticated	engineer_near_misses_r2558	is_founder()	is_founder()
SELECT	PERMISSIVE	enhd_r2984_founder	public	engineer_network_hygiene_discipline_r2984	is_founder()	
ALL	PERMISSIVE	engineer_night_shift_approval_queue_founder	authenticated	engineer_night_shift_approval_queue	is_founder()	is_founder()
ALL	PERMISSIVE	founder_all	authenticated	engineer_night_shift_logs_r2222	is_founder()	is_founder()
ALL	PERMISSIVE	p_eng_night_optin_founder	authenticated	engineer_night_shift_optins	is_founder()	is_founder()
ALL	PERMISSIVE	founder_all	authenticated	engineer_night_shift_reconciliation_r2222	is_founder()	is_founder()
ALL	PERMISSIVE	p_eng_night_roster_founder	authenticated	engineer_night_shift_roster	is_founder()	is_founder()
ALL	PERMISSIVE	engineer_night_shift_shifts_founder	authenticated	engineer_night_shift_shifts	is_founder()	is_founder()
ALL	PERMISSIVE	founder_all	authenticated	engineer_night_shifts_r2442	is_founder()	is_founder()
ALL	PERMISSIVE	p_eoja_r1820_founder	authenticated	engineer_off_job_activities_r1820	is_founder()	is_founder()
ALL	PERMISSIVE	p_eojs_r1820_founder	authenticated	engineer_off_job_summary_r1820	is_founder()	is_founder()
ALL	PERMISSIVE	founder_all_outcomes_r1696	authenticated	engineer_offsite_visit_outcomes_r1696	is_founder()	is_founder()
ALL	PERMISSIVE	founder_all_visits_r1696	authenticated	engineer_offsite_visits_r1696	is_founder()	is_founder()
ALL	PERMISSIVE	founder_all	authenticated	engineer_on_call_handovers_r2594	is_founder()	is_founder()
ALL	PERMISSIVE	founder_all	authenticated	engineer_on_call_rotation_r2702	is_founder()	is_founder()
ALL	PERMISSIVE	founder_all	authenticated	engineer_on_call_shifts_r2848	is_founder()	is_founder()
ALL	PERMISSIVE	founder_all	authenticated	engineer_on_job_coaching_r2554	is_founder()	is_founder()
ALL	PERMISSIVE	founder_all_action_log_r2172	authenticated	engineer_onboarding_action_log_r2172	is_founder()	is_founder()
ALL	PERMISSIVE	founder_all	authenticated	engineer_onboarding_buddies_r2662	is_founder()	is_founder()
ALL	PERMISSIVE	founder_all	authenticated	engineer_onboarding_milestones_r2418	is_founder()	is_founder()
ALL	PERMISSIVE	founder_all_pacing_r2172	authenticated	engineer_onboarding_pacing_r2172	is_founder()	is_founder()
ALL	PERMISSIVE	p_oncall_callouts_r1744_founder	authenticated	engineer_oncall_call_outs_r1744	is_founder()	is_founder()
ALL	PERMISSIVE	founder_all	authenticated	engineer_oncall_refine_actions_r2848	is_founder()	is_founder()
ALL	PERMISSIVE	p_oncall_rot_r1744_founder	authenticated	engineer_oncall_rotations_r1744	is_founder()	is_founder()
SELECT	PERMISSIVE	oss_founder_read_r3021	public	engineer_oss_contributions_r3021	is_founder()	
INSERT	PERMISSIVE	p2p_bids_insert	authenticated	engineer_p2p_parts_bids		(bidder_engineer_user_id = auth.uid())
SELECT	PERMISSIVE	p2p_bids_select	authenticated	engineer_p2p_parts_bids	((bidder_engineer_user_id = auth.uid()) OR (listing_id IN ( SELECT engineer_p2p_parts_listings.id FROM engineer_p2p_parts_listings WHERE (engineer_p2p_parts_listings.seller_engineer_user_id = auth.uid()))) OR is_founder())	
INSERT	PERMISSIVE	p2p_listings_seller_insert	authenticated	engineer_p2p_parts_listings		(seller_engineer_user_id = auth.uid())
SELECT	PERMISSIVE	p2p_listings_seller_select	authenticated	engineer_p2p_parts_listings	((seller_engineer_user_id = auth.uid()) OR (listing_status = 'active'::text) OR is_founder())	
UPDATE	PERMISSIVE	p2p_listings_seller_update	authenticated	engineer_p2p_parts_listings	((seller_engineer_user_id = auth.uid()) OR is_founder())	((seller_engineer_user_id = auth.uid()) OR is_founder())
SELECT	PERMISSIVE	p2p_txn_select	authenticated	engineer_p2p_parts_transactions	((seller_engineer_user_id = auth.uid()) OR (buyer_engineer_user_id = auth.uid()) OR is_founder())	
ALL	PERMISSIVE	founder_all	authenticated	engineer_pairing_skill_breakdown_r2730	is_founder()	is_founder()
ALL	PERMISSIVE	founder_all	authenticated	engineer_part_knowledge_r2606	is_founder()	is_founder()
ALL	PERMISSIVE	founder_all_log_r2156	authenticated	engineer_parts_action_log_r2156	is_founder()	is_founder()
ALL	PERMISSIVE	founder_all	authenticated	engineer_pay_equity_actions_r2282	is_founder()	is_founder()
ALL	PERMISSIVE	founder_all	authenticated	engineer_pay_equity_snapshots_r2282	is_founder()	is_founder()
ALL	PERMISSIVE	epde_founder_all	authenticated	engineer_payout_dispute_events	is_founder()	is_founder()
ALL	PERMISSIVE	epd_founder_all	authenticated	engineer_payout_disputes	is_founder()	is_founder()
SELECT	PERMISSIVE	epm_select_admin	authenticated	engineer_payout_methods	is_admin(auth.uid())	
SELECT	PERMISSIVE	epm_select_self	authenticated	engineer_payout_methods	(user_id = auth.uid())	
SELECT	PERMISSIVE	ep_select_admin	authenticated	engineer_payouts	is_admin(auth.uid())	
SELECT	PERMISSIVE	ep_select_engineer	authenticated	engineer_payouts	(engineer_user_id = auth.uid())	
SELECT	PERMISSIVE	epae_select_founder	authenticated	engineer_payouts_admin_events	is_founder()	
ALL	PERMISSIVE	founder_all	authenticated	engineer_pdp_goals_r2478	is_founder()	is_founder()
ALL	PERMISSIVE	founder_all	authenticated	engineer_pdp_milestones_r2478	is_founder()	is_founder()
ALL	PERMISSIVE	founder_all_ecc_r2148	authenticated	engineer_performance_coaching_cycle_r2148	is_founder()	is_founder()
ALL	PERMISSIVE	founder_all_scorecard_r2032	public	engineer_performance_scorecard_r2032	is_founder()	is_founder()
ALL	PERMISSIVE	founder_all_epal_r2164	authenticated	engineer_photo_action_log_r2164	is_founder()	is_founder()
ALL	PERMISSIVE	founder_all	authenticated	engineer_photo_ai_scores_r2666	is_founder()	is_founder()
ALL	PERMISSIVE	founder_all	authenticated	engineer_photo_archive_r2586	is_founder()	is_founder()
ALL	PERMISSIVE	founder_all	authenticated	engineer_photo_feedback_r2614	is_founder()	is_founder()
ALL	PERMISSIVE	founder_all_epqs_r2346	authenticated	engineer_photo_quality_scores_r2346	is_founder()	is_founder()
ALL	PERMISSIVE	founder_all	authenticated	engineer_photo_redaction_audit_r2790	is_founder()	is_founder()
ALL	PERMISSIVE	founder_all_eprn_r2346	authenticated	engineer_photo_retake_nudges_r2346	is_founder()	is_founder()
ALL	PERMISSIVE	founder_all	authenticated	engineer_photo_share_consent_r2790	is_founder()	is_founder()
ALL	PERMISSIVE	founder_all	authenticated	engineer_photo_shares_r2510	is_founder()	is_founder()
ALL	PERMISSIVE	founder_all	authenticated	engineer_photo_walkthrough_coaching_log_r2226	is_founder()	is_founder()
ALL	PERMISSIVE	founder_all	authenticated	engineer_photo_walkthrough_submissions_r2226	is_founder()	is_founder()
ALL	PERMISSIVE	founder_all	authenticated	engineer_pick_error_training_r2382	is_founder()	is_founder()
ALL	PERMISSIVE	founder_all	authenticated	engineer_pick_errors_r2382	is_founder()	is_founder()
ALL	PERMISSIVE	engineer_pip_check_ins_r1856_founder	authenticated	engineer_pip_check_ins_r1856	is_founder()	is_founder()
ALL	PERMISSIVE	founder_all_milestones_r1952	authenticated	engineer_pip_milestone_log_r1952	is_founder()	is_founder()
ALL	PERMISSIVE	founder_all_plans_r1952	authenticated	engineer_pip_plans_r1952	is_founder()	is_founder()
ALL	PERMISSIVE	engineer_pips_r1856_founder	authenticated	engineer_pips_r1856	is_founder()	is_founder()
ALL	PERMISSIVE	founder_all	authenticated	engineer_post_visit_callbacks_r2522	is_founder()	is_founder()
ALL	PERMISSIVE	founder_all_ins_r2374	authenticated	engineer_postmortem_insights_r2374	is_founder()	is_founder()
ALL	PERMISSIVE	founder_all	authenticated	engineer_ppe_issuances_r2462	is_founder()	is_founder()
ALL	PERMISSIVE	founder_all_praise_actions_r2108	authenticated	engineer_praise_action_log_r2108	is_founder()	is_founder()
ALL	PERMISSIVE	founder_all	authenticated	engineer_praise_events_r2438	is_founder()	is_founder()
ALL	PERMISSIVE	p_epsc_r1892_founder_all	authenticated	engineer_pre_service_checklists_r1892	is_founder()	is_founder()
ALL	PERMISSIVE	founder_all	authenticated	engineer_prediction_miss_aggregates_r2726	is_founder()	is_founder()
ALL	PERMISSIVE	founder_all	authenticated	engineer_presence_monthly_r2776	is_founder()	is_founder()
SELECT	PERMISSIVE	pol_briefings_r2950	public	engineer_previsit_risk_briefings_r2950	is_founder()	
SELECT	PERMISSIVE	pol_outcomes_r2950	public	engineer_previsit_risk_outcomes_r2950	is_founder()	
ALL	PERMISSIVE	founder_all_eprn_r1688	authenticated	engineer_productivity_review_notes_r1688	is_founder()	is_founder()
ALL	PERMISSIVE	founder_all_eps_r1688	authenticated	engineer_productivity_scores_r1688	is_founder()	is_founder()
ALL	PERMISSIVE	founder_all	authenticated	engineer_promote_actions_r2818	is_founder()	is_founder()
ALL	PERMISSIVE	founder_all_action_log_r2104	authenticated	engineer_promotion_action_log_r2104	is_founder()	is_founder()
ALL	PERMISSIVE	founder_all_approval_log_r1780	authenticated	engineer_promotion_approval_log_r1780	is_founder()	is_founder()
ALL	PERMISSIVE	engineer_promotion_candidates_founder_only	authenticated	engineer_promotion_candidates	is_founder()	is_founder()
ALL	PERMISSIVE	founder_all	authenticated	engineer_promotion_ceremonies_r2546	is_founder()	is_founder()
ALL	PERMISSIVE	engineer_promotion_decisions_founder_only	authenticated	engineer_promotion_decisions	is_founder()	is_founder()
ALL	PERMISSIVE	founder_all_pipeline_r2104	authenticated	engineer_promotion_pipeline_r2104	is_founder()	is_founder()
ALL	PERMISSIVE	founder_all_proposals_r1780	authenticated	engineer_promotion_proposals_r1780	is_founder()	is_founder()
SELECT	PERMISSIVE	speak_founder_read_r3021	public	engineer_public_speaking_r3021	is_founder()	
SELECT	PERMISSIVE	pulseox_findings_founder_r3038	authenticated	engineer_pulseox_audit_findings_r3038	is_founder()	
SELECT	PERMISSIVE	pulseox_audits_founder_r3038	authenticated	engineer_pulseox_cable_audits_r3038	is_founder()	
ALL	PERMISSIVE	qip_v2_milestone_r2184_founder_all	authenticated	engineer_qip_v2_milestone_log_r2184	is_founder()	is_founder()
ALL	PERMISSIVE	founder_all_eqa_r2044	authenticated	engineer_quality_audit_r2044	is_founder()	is_founder()
ALL	PERMISSIVE	founder_all_eqbc_r2192	authenticated	engineer_quality_bonus_calculator_r2192	is_founder()	is_founder()
ALL	PERMISSIVE	qip_v2_r2184_founder_all	authenticated	engineer_quality_improvement_plan_v2_r2184	is_founder()	is_founder()
ALL	PERMISSIVE	p_founder_all_plan_r2160	authenticated	engineer_quality_recovery_plan_r2160	is_founder()	is_founder()
ALL	PERMISSIVE	founder_all_eqb_r1984	authenticated	engineer_quarter_bonus_r1984	is_founder()	is_founder()
ALL	PERMISSIVE	founder_all	authenticated	engineer_quiet_hours_breach_incidents_r2878	is_founder()	is_founder()
ALL	PERMISSIVE	founder_all	authenticated	engineer_quote_invoice_variance_r2836	is_founder()	is_founder()
ALL	PERMISSIVE	founder_all	authenticated	engineer_quote_velocity_r2872	is_founder()	is_founder()
ALL	PERMISSIVE	founder_all	authenticated	engineer_ramp_metrics_r2418	is_founder()	is_founder()
ALL	PERMISSIVE	founder_all_r2112_actions	authenticated	engineer_ranking_action_log_r2112	is_founder()	is_founder()
ALL	PERMISSIVE	founder_all_rapport_coach_r2334	authenticated	engineer_rapport_coaching_log_r2334	is_founder()	is_founder()
ALL	PERMISSIVE	founder_all_rapport_pulse_r2334	authenticated	engineer_rapport_pulse_r2334	is_founder()	is_founder()
ALL	PERMISSIVE	founder_all_engineer_rate_card_change_log_r1852	authenticated	engineer_rate_card_change_log_r1852	is_founder()	is_founder()
ALL	PERMISSIVE	rd_projects_founder_only	authenticated	engineer_rd_projects	is_founder()	is_founder()
ALL	PERMISSIVE	rd_validations_founder_only	authenticated	engineer_rd_validations	is_founder()	is_founder()
ALL	PERMISSIVE	founder_all_eral_r2028	authenticated	engineer_reaction_action_log_r2028	is_founder()	is_founder()
ALL	PERMISSIVE	founder_all_r2314_reassign	authenticated	engineer_reassignments_r2314	is_founder()	is_founder()
ALL	PERMISSIVE	founder_all	authenticated	engineer_recall_readiness_r2750	is_founder()	is_founder()
ALL	PERMISSIVE	errl_r1860_founder_all	authenticated	engineer_recall_response_log_r1860	is_founder()	is_founder()
ALL	PERMISSIVE	founder_all_eng_recog_action_r2188	authenticated	engineer_recognition_action_log_r2188	is_founder()	is_founder()
ALL	PERMISSIVE	founder_all	authenticated	engineer_recognition_nominations_r2231	is_founder()	is_founder()
ALL	PERMISSIVE	founder_all	authenticated	engineer_recognition_selections_r2231	is_founder()	is_founder()
ALL	PERMISSIVE	p_founder_all_milestone_r2160	authenticated	engineer_recovery_milestone_log_r2160	is_founder()	is_founder()
SELECT	PERMISSIVE	findings_r2989_founder_select	authenticated	engineer_recruiting_audit_findings_r2989	is_founder()	
SELECT	PERMISSIVE	bonuses_r2989_founder_select	authenticated	engineer_recruiting_referral_bonuses_r2989	is_founder()	
SELECT	PERMISSIVE	engineer_referrals_select	authenticated	engineer_referrals	((referrer_user_id = auth.uid()) OR (referee_user_id = auth.uid()) OR is_founder())	
ALL	PERMISSIVE	p_era_r1880_founder	authenticated	engineer_refresh_actions_r1880	is_founder()	is_founder()
ALL	PERMISSIVE	ral_r2092_founder_all	authenticated	engineer_refresher_attendance_log_r2092	is_founder()	is_founder()
ALL	PERMISSIVE	rts_r2092_founder_all	authenticated	engineer_refresher_training_schedule_r2092	is_founder()	is_founder()
ALL	PERMISSIVE	erd_r2254_founder_all	authenticated	engineer_regional_density_r2254	is_founder()	is_founder()
ALL	PERMISSIVE	ehi_r2286_founder_all	authenticated	engineer_regional_handover_items_r2286	is_founder()	is_founder()
ALL	PERMISSIVE	ehl_r2286_founder_all	authenticated	engineer_regional_handover_log_r2286	is_founder()	is_founder()
ALL	PERMISSIVE	ers_r2262_founder_all	authenticated	engineer_regional_supervisors_r2262	is_founder()	is_founder()
ALL	PERMISSIVE	founder_all_r1932_actions	authenticated	engineer_reimbursement_action_log_r1932	is_founder()	is_founder()
ALL	PERMISSIVE	founder_all	authenticated	engineer_relationship_investments_r2654	is_founder()	is_founder()
ALL	PERMISSIVE	hof_founder_all	authenticated	engineer_repair_hall_of_fame_r1864	is_founder()	is_founder()
ALL	PERMISSIVE	hof_nom_founder_all	authenticated	engineer_repair_hof_nominations_r1864	is_founder()	is_founder()
ALL	PERMISSIVE	founder_all_er_throughput_r2052	authenticated	engineer_repair_job_throughput_r2052	is_founder()	is_founder()
ALL	PERMISSIVE	founder_all_ertb_r1808	authenticated	engineer_repair_time_benchmarks_r1808	is_founder()	is_founder()
ALL	PERMISSIVE	founder_all_ertc_r1808	authenticated	engineer_repair_time_coaching_r1808	is_founder()	is_founder()
ALL	PERMISSIVE	founder_all_repeat_action_r2120	public	engineer_repeat_action_log_r2120	is_founder()	is_founder()
ALL	PERMISSIVE	founder_all_repeat_builder_r2120	public	engineer_repeat_customer_builder_r2120	is_founder()	is_founder()
ALL	PERMISSIVE	r2176_records_founder	authenticated	engineer_repeat_customer_builder_v2_r2176	is_founder()	is_founder()
ALL	PERMISSIVE	founder_all_err_detector_r2168	authenticated	engineer_repeat_repair_failure_detector_r2168	is_founder()	is_founder()
ALL	PERMISSIVE	r2176_actions_founder	authenticated	engineer_repeat_v2_action_log_r2176	is_founder()	is_founder()
ALL	PERMISSIVE	founder_all_erc_r1756	authenticated	engineer_reschedule_compensations_r1756	is_founder()	is_founder()
ALL	PERMISSIVE	founder_all	authenticated	engineer_rest_day_rotation_r2566	is_founder()	is_founder()
ALL	PERMISSIVE	founder_all_retention_actions_r2040	authenticated	engineer_retention_action_log_r2040	is_founder()	is_founder()
ALL	PERMISSIVE	founder_all_era_r1700	authenticated	engineer_retention_actions_r1700	is_founder()	is_founder()
ALL	PERMISSIVE	founder_all	authenticated	engineer_retention_attribution_r2578	is_founder()	is_founder()
ALL	PERMISSIVE	founder_only_retention_bonus_events	authenticated	engineer_retention_bonus_events	is_founder()	is_founder()
ALL	PERMISSIVE	founder_only_retention_bonuses	authenticated	engineer_retention_bonuses	is_founder()	is_founder()
ALL	PERMISSIVE	founder_all_err_r1700	authenticated	engineer_retention_risk_r1700	is_founder()	is_founder()
ALL	PERMISSIVE	founder_all_actions_r1956	authenticated	engineer_review_action_log_r1956	is_founder()	is_founder()
ALL	PERMISSIVE	founder_all_eq_roi_anom_r1888	authenticated	engineer_roi_anomalies_r1888	is_founder()	is_founder()
ALL	PERMISSIVE	err_balance_r2274_founder_all	authenticated	engineer_rotation_balance_log_r2274	is_founder()	is_founder()
ALL	PERMISSIVE	err_roster_r2274_founder_all	authenticated	engineer_rotation_roster_r2274	is_founder()	is_founder()
ALL	PERMISSIVE	founder_all	authenticated	engineer_rotation_skill_checkpoints_r2694	is_founder()	is_founder()
ALL	PERMISSIVE	founder_only_rung_assessments	authenticated	engineer_rung_assessments	is_founder()	is_founder()
ALL	PERMISSIVE	founder_all	authenticated	engineer_safety_incident_log_r2698	is_founder()	is_founder()
ALL	PERMISSIVE	p_incidents_r1684_founder	authenticated	engineer_safety_incidents_r1684	is_founder()	is_founder()
ALL	PERMISSIVE	founder_all_incidents_r2338	authenticated	engineer_safety_incidents_r2338	is_founder()	is_founder()
ALL	PERMISSIVE	founder_all	authenticated	engineer_safety_incidents_r2450	is_founder()	is_founder()
ALL	PERMISSIVE	founder_all_mitig_r2338	authenticated	engineer_safety_mitigations_r2338	is_founder()	is_founder()
ALL	PERMISSIVE	founder_all	authenticated	engineer_safety_monthly_scorecard_r2698	is_founder()	is_founder()
ALL	PERMISSIVE	p_rca_r1684_founder	authenticated	engineer_safety_rca_actions_r1684	is_founder()	is_founder()
ALL	PERMISSIVE	essc_founder_all	authenticated	engineer_safety_scorecards	is_founder()	is_founder()
ALL	PERMISSIVE	founder_all_esc_r1920	authenticated	engineer_schedule_conflicts_r1920	is_founder()	is_founder()
ALL	PERMISSIVE	founder_all	authenticated	engineer_score_card_interventions_r2846	is_founder()	is_founder()
ALL	PERMISSIVE	founder_all_action_log_r2032	public	engineer_scorecard_action_log_r2032	is_founder()	is_founder()
ALL	PERMISSIVE	founder_all	authenticated	engineer_second_visit_root_cause_r2618	is_founder()	is_founder()
ALL	PERMISSIVE	founder_all_eas_action_r2152	authenticated	engineer_self_assessment_action_log_r2152	is_founder()	is_founder()
ALL	PERMISSIVE	founder_all_eas_survey_r2152	authenticated	engineer_self_assessment_survey_r2152	is_founder()	is_founder()
ALL	PERMISSIVE	founder_all_r2112_rank	authenticated	engineer_service_excellence_ranking_r2112	is_founder()	is_founder()
ALL	PERMISSIVE	founder_all	authenticated	engineer_shift_handovers_r2454	is_founder()	is_founder()
ALL	PERMISSIVE	founder_all	authenticated	engineer_shift_overlap_r2642	is_founder()	is_founder()
ALL	PERMISSIVE	founder_all_engineer_shift_swaps_r1732	authenticated	engineer_shift_swaps_r1732	is_founder()	is_founder()
ALL	PERMISSIVE	founder_all_engineer_shifts_r1732	authenticated	engineer_shifts_r1732	is_founder()	is_founder()
ALL	PERMISSIVE	founder_all_esgcc_r1768	authenticated	engineer_side_gig_compliance_checks_r1768	is_founder()	is_founder()
ALL	PERMISSIVE	founder_all_esgd_r1768	authenticated	engineer_side_gig_disclosures_r1768	is_founder()	is_founder()
ALL	PERMISSIVE	founder_all	authenticated	engineer_side_hustle_audit_events_r2742	is_founder()	is_founder()
ALL	PERMISSIVE	founder_all	authenticated	engineer_side_hustle_disclosures_r2742	is_founder()	is_founder()
ALL	PERMISSIVE	espc_v2_founder_all	authenticated	engineer_side_projects_conversations_v2	is_founder()	is_founder()
ALL	PERMISSIVE	espi_v2_founder_all	authenticated	engineer_side_projects_intel_v2	is_founder()	is_founder()
ALL	PERMISSIVE	founder_only_side_quest_completions	authenticated	engineer_side_quest_completions	is_founder()	is_founder()
ALL	PERMISSIVE	founder_only_side_quests	authenticated	engineer_side_quests	is_founder()	is_founder()
ALL	PERMISSIVE	founder_all_esds_r1844	authenticated	engineer_skill_demand_signals_r1844	is_founder()	is_founder()
ALL	PERMISSIVE	founder_all_eskl_end_r1712	authenticated	engineer_skill_endorsements_r1712	is_founder()	is_founder()
ALL	PERMISSIVE	p_eng_skill_gap_diag_r2084_founder	authenticated	engineer_skill_gap_diagnostics_r2084	is_founder()	is_founder()
ALL	PERMISSIVE	p_eng_skill_gap_res_r2084_founder	authenticated	engineer_skill_gap_resolution_log_r2084	is_founder()	is_founder()
ALL	PERMISSIVE	founder_all	authenticated	engineer_skill_gap_revenue_link_actions_r2214	is_founder()	is_founder()
ALL	PERMISSIVE	founder_all	authenticated	engineer_skill_gap_revenue_link_r2214	is_founder()	is_founder()
ALL	PERMISSIVE	founder_all	authenticated	engineer_skill_inventory_r2414	is_founder()	is_founder()
ALL	PERMISSIVE	founder_all	authenticated	engineer_skill_matrix_r2766	is_founder()	is_founder()
ALL	PERMISSIVE	founder_all_revalidation_log_r1944	authenticated	engineer_skill_revalidation_log_r1944	is_founder()	is_founder()
ALL	PERMISSIVE	founder_all_eskl_sum_r1712	authenticated	engineer_skill_summaries_r1712	is_founder()	is_founder()
ALL	PERMISSIVE	founder_all_validations_r1944	authenticated	engineer_skill_validation_audits_r1944	is_founder()	is_founder()
SELECT	PERMISSIVE	soft_ip_founder_select_r3001	authenticated	engineer_soft_ip_assets_r3001	is_founder()	
ALL	PERMISSIVE	founder_all	authenticated	engineer_spare_courier_dispatches_r2570	is_founder()	is_founder()
ALL	PERMISSIVE	founder_all_inv_r2156	authenticated	engineer_spare_parts_inventory_r2156	is_founder()	is_founder()
ALL	PERMISSIVE	espo_r1728_founder_all	authenticated	engineer_spare_parts_orders_r1728	is_founder()	is_founder()
ALL	PERMISSIVE	founder_all	authenticated	engineer_spare_parts_prediction_accuracy_r2726	is_founder()	is_founder()
ALL	PERMISSIVE	espu_r1728_founder_all	authenticated	engineer_spare_parts_usage_r1728	is_founder()	is_founder()
ALL	PERMISSIVE	founder_all	authenticated	engineer_specialization_depth_r2534	is_founder()	is_founder()
ALL	PERMISSIVE	founder_all_milestone_r1916	authenticated	engineer_specialization_milestone_log_r1916	is_founder()	is_founder()
ALL	PERMISSIVE	founder_all_ladders_r1972	authenticated	engineer_specialty_cert_ladders_r1972	is_founder()	is_founder()
ALL	PERMISSIVE	founder_all_eng_spec_dec_r2330	authenticated	engineer_specialty_decisions_r2330	is_founder()	is_founder()
ALL	PERMISSIVE	founder_all_milestones_r1972	authenticated	engineer_specialty_milestone_log_r1972	is_founder()	is_founder()
ALL	PERMISSIVE	founder_all_eng_spec_rec_r2330	authenticated	engineer_specialty_recommendations_r2330	is_founder()	is_founder()
ALL	PERMISSIVE	founder_all_notes_r1776	authenticated	engineer_spotlight_reviewer_notes_r1776	is_founder()	is_founder()
SELECT	PERMISSIVE	st_founder_r3042	authenticated	engineer_sterilization_cycle_r3042	is_founder()	
ALL	PERMISSIVE	founder_all_shares_r2088	authenticated	engineer_story_share_log_r2088	is_founder()	is_founder()
ALL	PERMISSIVE	founder_all	authenticated	engineer_supervisor_feedback_r2602	is_founder()	is_founder()
ALL	PERMISSIVE	esa_founder_all	authenticated	engineer_suspension_audit	is_founder()	is_founder()
ALL	PERMISSIVE	esr_founder_all	authenticated	engineer_suspension_reviews	is_founder()	is_founder()
SELECT	PERMISSIVE	etfa_engineer_self_read	authenticated	engineer_tax_filing_assists	((engineer_user_id = auth.uid()) OR is_founder())	
ALL	PERMISSIVE	etfa_founder_write	authenticated	engineer_tax_filing_assists	is_founder()	is_founder()
SELECT	PERMISSIVE	tax_res_prof_founder_r3089	public	engineer_tax_residency_profiles_r3089	is_founder()	
ALL	PERMISSIVE	founder_all	authenticated	engineer_team_pairings_r2590	is_founder()	is_founder()
ALL	PERMISSIVE	etbq_v2_founder_all	authenticated	engineer_tenure_bonus_queue_v2	is_founder()	is_founder()
ALL	PERMISSIVE	etma_v2_founder_all	authenticated	engineer_tenure_milestone_awards_v2	is_founder()	is_founder()
ALL	PERMISSIVE	founder_all	authenticated	engineer_tenure_quality_cohorts_r2326	is_founder()	is_founder()
ALL	PERMISSIVE	founder_all	authenticated	engineer_tenure_quality_points_r2326	is_founder()	is_founder()
ALL	PERMISSIVE	founder_all	authenticated	engineer_thank_you_notes_r2622	is_founder()	is_founder()
ALL	PERMISSIVE	founder_all	authenticated	engineer_thaw_attempts_r2822	is_founder()	is_founder()
ALL	PERMISSIVE	founder_all	authenticated	engineer_thaw_rebuild_verdicts_r2822	is_founder()	is_founder()
ALL	PERMISSIVE	founder_all_er_throughput_action_r2052	authenticated	engineer_throughput_action_log_r2052	is_founder()	is_founder()
ALL	PERMISSIVE	founder_all	authenticated	engineer_tier_milestone_gaps_r2794	is_founder()	is_founder()
ALL	PERMISSIVE	founder_all	authenticated	engineer_tier_momentum_r2506	is_founder()	is_founder()
SELECT	PERMISSIVE	r2973_promo_founder_read	authenticated	engineer_tier_promotion_events_r2973	is_founder()	
ALL	PERMISSIVE	founder_all	authenticated	engineer_tier_readiness_snapshots_r2794	is_founder()	is_founder()
SELECT	PERMISSIVE	r2973_cohort_founder_read	authenticated	engineer_tier_retention_cohorts_r2973	is_founder()	
ALL	PERMISSIVE	founder_all_velocity_r2136	authenticated	engineer_tier_upgrade_velocity_r2136	is_founder()	is_founder()
ALL	PERMISSIVE	founder_all	authenticated	engineer_time_on_task_daily_r2498	is_founder()	is_founder()
ALL	PERMISSIVE	engineer_tip_action_log_r2012_founder_all	public	engineer_tip_action_log_r2012	is_founder()	is_founder()
ALL	PERMISSIVE	founder_all	authenticated	engineer_tool_borrow_events_r2868	is_founder()	is_founder()
ALL	PERMISSIVE	founder_all_schedule_r2128	authenticated	engineer_tool_calibration_schedule_r2128	is_founder()	is_founder()
ALL	PERMISSIVE	founder_all_tools_r1720	authenticated	engineer_tool_inventory_r1720	is_founder()	is_founder()
ALL	PERMISSIVE	founder_all_inventory_r1904	authenticated	engineer_tool_inventory_r1904	is_founder()	is_founder()
ALL	PERMISSIVE	founder_all	authenticated	engineer_tool_inventory_r2434	is_founder()	is_founder()
ALL	PERMISSIVE	founder_all	authenticated	engineer_tool_kit_audits_r2686	is_founder()	is_founder()
ALL	PERMISSIVE	founder_all	authenticated	engineer_tool_kit_replenish_orders_r2686	is_founder()	is_founder()
ALL	PERMISSIVE	founder_all_tool_log_r2064	authenticated	engineer_tool_lending_action_log_r2064	is_founder()	is_founder()
ALL	PERMISSIVE	founder_all_tool_lib_r2064	authenticated	engineer_tool_lending_library_r2064	is_founder()	is_founder()
ALL	PERMISSIVE	founder_all_lifecycle_r1904	authenticated	engineer_tool_lifecycle_log_r1904	is_founder()	is_founder()
ALL	PERMISSIVE	founder_all	authenticated	engineer_tool_losses_r2486	is_founder()	is_founder()
ALL	PERMISSIVE	founder_all_replacements_r1720	authenticated	engineer_tool_replacement_queue_r1720	is_founder()	is_founder()
ALL	PERMISSIVE	founder_all	authenticated	engineer_toolkit_audit_actions_r2198	is_founder()	is_founder()
ALL	PERMISSIVE	founder_all	authenticated	engineer_toolkit_audits_r2198	is_founder()	is_founder()
ALL	PERMISSIVE	founder_all	authenticated	engineer_trade_show_attendance_r2778	is_founder()	is_founder()
ALL	PERMISSIVE	founder_all	authenticated	engineer_trade_show_lead_followup_r2778	is_founder()	is_founder()
ALL	PERMISSIVE	founder_all	authenticated	engineer_training_actions_r2212	is_founder()	is_founder()
ALL	PERMISSIVE	founder_all_eta_r2302	authenticated	engineer_training_assignments_r2302	is_founder()	is_founder()
ALL	PERMISSIVE	eta_founder_all	authenticated	engineer_training_attendance	is_founder()	is_founder()
ALL	PERMISSIVE	founder_all_r1912_milestone	authenticated	engineer_training_milestone_log_r1912	is_founder()	is_founder()
ALL	PERMISSIVE	etm_r1796_founder	authenticated	engineer_training_modules_r1796	is_founder()	is_founder()
ALL	PERMISSIVE	etp_founder_all	authenticated	engineer_training_programs	is_founder()	is_founder()
ALL	PERMISSIVE	founder_all	authenticated	engineer_training_videos_r2212	is_founder()	is_founder()
ALL	PERMISSIVE	etcs_founder_all	authenticated	engineer_transfer_coverage_snapshots	is_founder()	is_founder()
ALL	PERMISSIVE	etr_founder_all	authenticated	engineer_transfer_requests	is_founder()	is_founder()
ALL	PERMISSIVE	founder_all_etce_r2242	authenticated	engineer_transport_claim_events_r2242	is_founder()	is_founder()
ALL	PERMISSIVE	founder_all_etc_r2242	authenticated	engineer_transport_claims_r2242	is_founder()	is_founder()
ALL	PERMISSIVE	p_founder_all_engineer_travel_action_r2004	authenticated	engineer_travel_action_log_r2004	is_founder()	is_founder()
ALL	PERMISSIVE	founder_all	authenticated	engineer_travel_optimization_actions_r2354	is_founder()	is_founder()
ALL	PERMISSIVE	travel_tickets_r1668_founder_all	authenticated	engineer_travel_optimization_tickets_r1668	is_founder()	is_founder()
ALL	PERMISSIVE	founder_all_r1932_reimb	authenticated	engineer_travel_reimbursements_r1932	is_founder()	is_founder()
ALL	PERMISSIVE	founder_all	authenticated	engineer_travel_time_logs_r2354	is_founder()	is_founder()
ALL	PERMISSIVE	p_founder_all_engineer_travel_r2004	authenticated	engineer_travel_time_tracker_r2004	is_founder()	is_founder()
ALL	PERMISSIVE	travel_weeks_r1668_founder_all	authenticated	engineer_travel_weeks_r1668	is_founder()	is_founder()
ALL	PERMISSIVE	etr_founder_all	authenticated	engineer_trip_reports	is_founder()	is_founder()
ALL	PERMISSIVE	founder_all	authenticated	engineer_truck_rolls_r2502	is_founder()	is_founder()
ALL	PERMISSIVE	founder_all_action_r2072	authenticated	engineer_trust_action_log_r2072	is_founder()	is_founder()
ALL	PERMISSIVE	founder_all	authenticated	engineer_trust_credit_r2574	is_founder()	is_founder()
ALL	PERMISSIVE	founder_all	authenticated	engineer_trust_recovery_r2626	is_founder()	is_founder()
ALL	PERMISSIVE	founder_all_action_log_r2136	authenticated	engineer_upgrade_action_log_r2136	is_founder()	is_founder()
ALL	PERMISSIVE	founder_all	authenticated	engineer_upskill_actions_r2766	is_founder()	is_founder()
ALL	PERMISSIVE	founder_all	authenticated	engineer_utilization_actions_r2218	is_founder()	is_founder()
ALL	PERMISSIVE	founder_all	authenticated	engineer_vacation_requests_r2350	is_founder()	is_founder()
ALL	PERMISSIVE	founder_all	authenticated	engineer_vehicle_arrival_monthly_summary_r2860	is_founder()	is_founder()
ALL	PERMISSIVE	founder_all	authenticated	engineer_vehicle_arrival_style_r2860	is_founder()	is_founder()
ALL	PERMISSIVE	founder_all_incidents_r1824	authenticated	engineer_vehicle_damage_incidents_r1824	is_founder()	is_founder()
ALL	PERMISSIVE	evd_r2278_founder_all	authenticated	engineer_vehicle_downtime_r2278	is_founder()	is_founder()
ALL	PERMISSIVE	founder_all_claims_r1824	authenticated	engineer_vehicle_insurance_claims_r1824	is_founder()	is_founder()
ALL	PERMISSIVE	founder_all_maint_r1716	authenticated	engineer_vehicle_maintenance_r1716	is_founder()	is_founder()
ALL	PERMISSIVE	founder_all	authenticated	engineer_vehicle_trips_r2426	is_founder()	is_founder()
ALL	PERMISSIVE	founder_all_vehicles_r1716	authenticated	engineer_vehicles_r1716	is_founder()	is_founder()
ALL	PERMISSIVE	founder_all	authenticated	engineer_vehicles_r2710	is_founder()	is_founder()
ALL	PERMISSIVE	founder_all	authenticated	engineer_vendor_action_log_r2802	is_founder()	is_founder()
ALL	PERMISSIVE	founder_all_feedback_r1868	authenticated	engineer_vendor_feedback_r1868	is_founder()	is_founder()
ALL	PERMISSIVE	founder_all_summary_r1868	authenticated	engineer_vendor_feedback_summary_r1868	is_founder()	is_founder()
ALL	PERMISSIVE	founder_all	authenticated	engineer_vendor_relationship_strength_r2802	is_founder()	is_founder()
ALL	PERMISSIVE	evr_r2398_founder_all	authenticated	engineer_vertical_revenue_r2398	is_founder()	is_founder()
ALL	PERMISSIVE	evt_r2398_founder_all	authenticated	engineer_vertical_tilt_r2398	is_founder()	is_founder()
SELECT	PERMISSIVE	vsr_r2946_founder_sel	authenticated	engineer_vip_site_recognition_r2946	is_founder()	
ALL	PERMISSIVE	p_eval_r2016_founder	authenticated	engineer_visit_action_log_r2016	is_founder()	is_founder()
SELECT	PERMISSIVE	evso_r2976_founder	public	engineer_visit_schedule_optimization_r2976	is_founder()	
ALL	PERMISSIVE	founder_all_evsal_r1992	authenticated	engineer_visit_survey_action_log_r1992	is_founder()	is_founder()
ALL	PERMISSIVE	founder_all	authenticated	engineer_voice_call_audits_r2238	is_founder()	is_founder()
ALL	PERMISSIVE	founder_all	authenticated	engineer_voice_call_scores_r2238	is_founder()	is_founder()
ALL	PERMISSIVE	founder_all	authenticated	engineer_voice_suggestions_r2362	is_founder()	is_founder()
ALL	PERMISSIVE	founder_all	authenticated	engineer_voice_upvotes_r2362	is_founder()	is_founder()
ALL	PERMISSIVE	founder_all_wage_action_r2144	authenticated	engineer_wage_action_log_r2144	is_founder()	is_founder()
ALL	PERMISSIVE	p_engineer_wage_arrears_founder	authenticated	engineer_wage_arrears_alerts	is_founder()	is_founder()
ALL	PERMISSIVE	p_arrears_clearance_founder	authenticated	engineer_wage_arrears_clearance_log	is_founder()	is_founder()
ALL	PERMISSIVE	founder_all_wage_audit_r2144	authenticated	engineer_wage_equity_audit_r2144	is_founder()	is_founder()
ALL	PERMISSIVE	founder_all	authenticated	engineer_weekend_ot_logs_r2526	is_founder()	is_founder()
ALL	PERMISSIVE	founder_only_wellbeing_cycles	authenticated	engineer_wellbeing_cycles	is_founder()	is_founder()
ALL	PERMISSIVE	founder_only_wellbeing_responses	authenticated	engineer_wellbeing_responses	is_founder()	is_founder()
ALL	PERMISSIVE	engineer_wellness_actions_founder	authenticated	engineer_wellness_actions	is_founder()	is_founder()
ALL	PERMISSIVE	engineer_wellness_checkins_founder	authenticated	engineer_wellness_checkins	is_founder()	is_founder()
ALL	PERMISSIVE	wifi_data_use_events_r3008_founder_all	public	engineer_wifi_data_use_events_r3008	is_founder()	is_founder()
ALL	PERMISSIVE	founder_all_action_r2048	authenticated	engineer_workload_action_log_r2048	is_founder()	is_founder()
ALL	PERMISSIVE	founder_all_dist_r2080	authenticated	engineer_workload_distribution_r2080	is_founder()	is_founder()
ALL	PERMISSIVE	founder_all	authenticated	engineering_blog_articles_r2881	is_founder()	is_founder()
ALL	PERMISSIVE	founder_all	authenticated	engineering_blog_topic_signals_r2881	is_founder()	is_founder()
SELECT	PERMISSIVE	eng_roadmap_items_r2985_sel	public	engineering_roadmap_items_r2985	is_founder()	
SELECT	PERMISSIVE	eng_roadmap_var_r2985_sel	public	engineering_roadmap_variance_findings_r2985	is_founder()	
UPDATE	PERMISSIVE	Engineers can update own profile	public	engineers	(auth.uid() = user_id)	(auth.uid() = user_id)
INSERT	PERMISSIVE	Users can create engineer profile	public	engineers		(auth.uid() = user_id)
SELECT	PERMISSIVE	engineers self or admin read full	public	engineers	((auth.uid() = user_id) OR is_admin(auth.uid()))	
INSERT	PERMISSIVE	enrollments own insert	public	enrollments		(auth.uid() = user_id)
SELECT	PERMISSIVE	enrollments own read	public	enrollments	((auth.uid() = user_id) OR is_admin(auth.uid()))	
UPDATE	PERMISSIVE	enrollments own update	authenticated	enrollments	((auth.uid() = user_id) OR is_admin(auth.uid()))	((auth.uid() = user_id) OR is_admin(auth.uid()))
SELECT	PERMISSIVE	brush_wear_founder_r3071	public	ent_endoscope_brush_wear_r3071	is_founder()	
SELECT	PERMISSIVE	cross_contam_founder_r3071	public	ent_endoscope_cross_contam_r3071	is_founder()	
ALL	PERMISSIVE	founder_all	authenticated	eol_economics_decisions_r2632	is_founder()	is_founder()
ALL	PERMISSIVE	founder_all_eol_candidates_r2296	authenticated	eol_equipment_candidates_r2296	is_founder()	is_founder()
ALL	PERMISSIVE	founder_all_eol_quotes_r2296	authenticated	eol_replacement_quotes_r2296	is_founder()	is_founder()
SELECT	PERMISSIVE	Equipment viewable by org members	public	equipment	((organization_id IN ( SELECT profiles.organization_id FROM profiles WHERE (profiles.id = auth.uid()))) OR is_admin(auth.uid()))	
INSERT	PERMISSIVE	Org members can manage equipment	authenticated	equipment		(organization_id IN ( SELECT profiles.organization_id FROM profiles WHERE ((profiles.id = auth.uid()) AND (profiles.organization_id IS NOT NULL))))
UPDATE	PERMISSIVE	Org members can update equipment	public	equipment	(organization_id IN ( SELECT profiles.organization_id FROM profiles WHERE (profiles.id = auth.uid())))	(organization_id IN ( SELECT profiles.organization_id FROM profiles WHERE (profiles.id = auth.uid())))
SELECT	PERMISSIVE	equipment_categories_select_active	anon,authenticated	equipment_categories	(is_active = true)	
SELECT	PERMISSIVE	equipment_categories_select_all_for_founder	authenticated	equipment_categories	(is_founder() = true)	
ALL	PERMISSIVE	founder_all	authenticated	equipment_cleaning_protocols_r2748	is_founder()	is_founder()
ALL	PERMISSIVE	founder_all	authenticated	equipment_cybersecurity_posture_r2540	is_founder()	is_founder()
ALL	PERMISSIVE	founder_all	authenticated	equipment_data_bridge_r2564	is_founder()	is_founder()
ALL	PERMISSIVE	founder_all	authenticated	equipment_data_portability_r2584	is_founder()	is_founder()
ALL	PERMISSIVE	founder_all	authenticated	equipment_end_of_life_r2472	is_founder()	is_founder()
ALL	PERMISSIVE	founder_all	authenticated	equipment_failure_log_r2420	is_founder()	is_founder()
ALL	PERMISSIVE	founder_all	authenticated	equipment_handover_runs_r2508	is_founder()	is_founder()
ALL	PERMISSIVE	founder_all	authenticated	equipment_lcc_ledger_r2780	is_founder()	is_founder()
ALL	PERMISSIVE	founder_all	authenticated	equipment_lcc_monthly_snapshots_r2780	is_founder()	is_founder()
ALL	PERMISSIVE	founder_all	authenticated	equipment_loaner_deployments_r2528	is_founder()	is_founder()
SELECT	PERMISSIVE	pm_intervals_select	authenticated,service_role	equipment_pm_intervals	true	
SELECT	PERMISSIVE	pm_schedule_select	authenticated,service_role	equipment_pm_schedule	((hospital_user_id = auth.uid()) OR is_founder())	
ALL	PERMISSIVE	founder_all	authenticated	equipment_replacement_quotes_r2472	is_founder()	is_founder()
ALL	PERMISSIVE	equipment_taxonomy_class_admin	authenticated,service_role	equipment_taxonomy_class	is_founder()	is_founder()
SELECT	PERMISSIVE	equipment_taxonomy_class_read	authenticated,service_role	equipment_taxonomy_class	true	
ALL	PERMISSIVE	founder_all	authenticated	equipment_upsell_actions_r2499	is_founder()	is_founder()
ALL	PERMISSIVE	founder_all	authenticated	equipment_utilization_spikes_r2440	is_founder()	is_founder()
ALL	PERMISSIVE	founder_all	authenticated	equity_grants_r2741	is_founder()	is_founder()
ALL	PERMISSIVE	escalated_tickets_r2352_founder_all	authenticated	escalated_tickets_r2352	is_founder()	is_founder()
ALL	PERMISSIVE	escalation_steps_r2352_founder_all	authenticated	escalation_steps_r2352	is_founder()	is_founder()
ALL	PERMISSIVE	esg_letter_audit_findings_r2917_founder_all	authenticated	esg_letter_audit_findings_r2917	is_founder()	is_founder()
ALL	PERMISSIVE	esg_letter_drafts_r2917_founder_all	authenticated	esg_letter_drafts_r2917	is_founder()	is_founder()
ALL	PERMISSIVE	founder_all	authenticated	esop_employee_impact_r2421	is_founder()	is_founder()
ALL	PERMISSIVE	founder_all	authenticated	event_bond_followups_r2560	is_founder()	is_founder()
ALL	PERMISSIVE	founder_all	authenticated	event_followup_outcomes_r2511	is_founder()	is_founder()
SELECT	PERMISSIVE	evidence_ledger_select	authenticated,service_role	evidence_ledger	((producer_user_id = auth.uid()) OR is_founder())	
ALL	PERMISSIVE	founder_all	authenticated	exec_event_follow_ups_r2635	is_founder()	is_founder()
ALL	PERMISSIVE	founder_all	authenticated	expense_audit_findings_r2290	is_founder()	is_founder()
ALL	PERMISSIVE	founder_all	authenticated	expense_audit_samples_r2290	is_founder()	is_founder()
ALL	PERMISSIVE	founder_all	authenticated	experiment_decisions_r2785	is_founder()	is_founder()
ALL	PERMISSIVE	founder_all	authenticated	external_advisor_advice_items_r2253	is_founder()	is_founder()
ALL	PERMISSIVE	founder_all	authenticated	external_advisor_roundtables_r2253	is_founder()	is_founder()
SELECT	PERMISSIVE	eae_r2993_select	public	external_auditor_engagements_r2993	is_founder()	
ALL	PERMISSIVE	forf_r3093_founder_all	authenticated	family_office_risk_audit_findings_r3093	is_founder()	is_founder()
ALL	PERMISSIVE	fowp_r3093_founder_all	authenticated	family_office_wealth_positions_r3093	is_founder()	is_founder()
ALL	PERMISSIVE	founder_all	authenticated	family_time_recovery_actions_r2653	is_founder()	is_founder()
ALL	PERMISSIVE	founder_all	authenticated	fatigue_block_actions_r2538	is_founder()	is_founder()
SELECT	PERMISSIVE	fda_audit_founder_read	authenticated	fda_compliance_spot_audits_r3000	is_founder()	
ALL	PERMISSIVE	founder_all	authenticated	feature_adoption_verdict_r2738	is_founder()	is_founder()
ALL	PERMISSIVE	founder_all	authenticated	feature_request_scoring_log_r2456	is_founder()	is_founder()
ALL	PERMISSIVE	founder_all	authenticated	feature_stuck_user_help_r2562	is_founder()	is_founder()
ALL	PERMISSIVE	founder_all	authenticated	feedback_growth_outcomes_r2602	is_founder()	is_founder()
ALL	PERMISSIVE	founder_all	authenticated	feedback_root_cause_metrics_r2432	is_founder()	is_founder()
ALL	PERMISSIVE	founder_all	authenticated	feedback_wave_actions_r2520	is_founder()	is_founder()
SELECT	PERMISSIVE	fesc_r2952_select	authenticated	female_engineer_site_comfort_r2952	is_founder()	
SELECT	PERMISSIVE	fesi_r2952_select	authenticated	female_engineer_site_incidents_r2952	is_founder()	
ALL	PERMISSIVE	founder_all	authenticated	festival_engineer_prep_actions_r2572	is_founder()	is_founder()
ALL	PERMISSIVE	founder_all	authenticated	festival_fleet_readiness_assessments_r2883	is_founder()	is_founder()
ALL	PERMISSIVE	founder_all	authenticated	festival_oncall_engineer_rotations_r2883	is_founder()	is_founder()
ALL	PERMISSIVE	founder_all	authenticated	field_service_pricing_actions_r2344	is_founder()	is_founder()
ALL	PERMISSIVE	founder_all	authenticated	field_service_pricing_benchmarks_r2344	is_founder()	is_founder()
ALL	PERMISSIVE	founder_all	authenticated	finance_counterpart_touchpoints_r2491	is_founder()	is_founder()
ALL	PERMISSIVE	founder_all	authenticated	financial_decision_reviews_r2597	is_founder()	is_founder()
ALL	PERMISSIVE	founder_all	authenticated	financial_wellness_planning_actions_r2598	is_founder()	is_founder()
INSERT	PERMISSIVE	fin_app applicant insert	public	financing_applications		(auth.uid() = applicant_user_id)
SELECT	PERMISSIVE	fin_app applicant read	public	financing_applications	((auth.uid() = applicant_user_id) OR is_admin(auth.uid()))	
UPDATE	PERMISSIVE	fin_app applicant update	public	financing_applications	((auth.uid() = applicant_user_id) OR is_admin(auth.uid()))	((auth.uid() = applicant_user_id) OR is_admin(auth.uid()))
SELECT	PERMISSIVE	Financing partners are public	public	financing_partners	true	
ALL	PERMISSIVE	financing_partners admin write	public	financing_partners	is_admin(auth.uid())	is_admin(auth.uid())
SELECT	PERMISSIVE	financing_partners read	public	financing_partners	true	
ALL	PERMISSIVE	founder_all	authenticated	first_value_action_log_r2512	is_founder()	is_founder()
ALL	PERMISSIVE	founder_all	authenticated	fleet_renewal_milestones_r2623	is_founder()	is_founder()
SELECT	PERMISSIVE	fmt_insp_founder_r2996	authenticated	floor_marking_tape_inspections_r2996	is_founder()	
SELECT	PERMISSIVE	fmt_repl_founder_r2996	authenticated	floor_marking_tape_replacements_r2996	is_founder()	
ALL	PERMISSIVE	founder_all_r2026_refl	authenticated	founder_1200_ship_reflection_r2026	is_founder()	is_founder()
ALL	PERMISSIVE	founder_all_r2026_signal	authenticated	founder_1200_ship_signal_log_r2026	is_founder()	is_founder()
ALL	PERMISSIVE	founder_all_memo_r2126	authenticated	founder_1300_ship_memo_r2126	is_founder()	is_founder()
ALL	PERMISSIVE	founder_all_reaction_r2126	authenticated	founder_1300_ship_reaction_log_r2126	is_founder()	is_founder()
ALL	PERMISSIVE	founder_all	authenticated	founder_1400_ships_memos_r2230	is_founder()	is_founder()
ALL	PERMISSIVE	founder_all	authenticated	founder_1400_ships_reactions_r2230	is_founder()	is_founder()
ALL	PERMISSIVE	founder_all	authenticated	founder_1500_gift_commitments_r2293	is_founder()	is_founder()
ALL	PERMISSIVE	founder_all	authenticated	founder_1500_milestone_plans_r2293	is_founder()	is_founder()
ALL	PERMISSIVE	founder_all_r2329_lessons	authenticated	founder_1500_ships_milestone_lessons_r2329	is_founder()	is_founder()
ALL	PERMISSIVE	founder_all_r2329_memo	authenticated	founder_1500_ships_milestone_memo_r2329	is_founder()	is_founder()
ALL	PERMISSIVE	f150_memo_r1898_founder_all	authenticated	founder_150_batch_memo_r1898	is_founder()	is_founder()
ALL	PERMISSIVE	f150_react_r1898_founder_all	authenticated	founder_150_batch_reactions_r1898	is_founder()	is_founder()
ALL	PERMISSIVE	founder_all_reaction_r2018	authenticated	founder_180_batch_reaction_r2018	is_founder()	is_founder()
ALL	PERMISSIVE	founder_all_reflection_r2018	authenticated	founder_180_batch_reflection_r2018	is_founder()	is_founder()
ALL	PERMISSIVE	founder_retro_r2058_all	authenticated	founder_190_batch_retrospective_r2058	is_founder()	is_founder()
ALL	PERMISSIVE	founder_reactions_r2058_all	authenticated	founder_190_retrospective_reactions_r2058	is_founder()	is_founder()
ALL	PERMISSIVE	founder_all_memo_r2098	authenticated	founder_200_batch_anniversary_memo_r2098	is_founder()	is_founder()
ALL	PERMISSIVE	founder_all_memo_r2138	authenticated	founder_210_batch_pulse_memo_r2138	is_founder()	is_founder()
ALL	PERMISSIVE	founder_all_memo_r2178	authenticated	founder_220_batch_milestone_memo_r2178	is_founder()	is_founder()
ALL	PERMISSIVE	founder_all_reaction_r2178	authenticated	founder_220_reaction_log_r2178	is_founder()	is_founder()
ALL	PERMISSIVE	founder_all	authenticated	founder_270_batch_patterns_r2385	is_founder()	is_founder()
ALL	PERMISSIVE	founder_only_409a_repricing	authenticated	founder_409a_esop_repricing_triggers	is_founder()	is_founder()
ALL	PERMISSIVE	founder_only_409a_valuations	authenticated	founder_409a_valuations	is_founder()	is_founder()
ALL	PERMISSIVE	r2190_memo_founder_all	authenticated	founder_800_heavy_milestone_memo_r2190	is_founder()	is_founder()
ALL	PERMISSIVE	r2190_reaction_founder_all	authenticated	founder_800_heavy_reaction_log_r2190	is_founder()	is_founder()
ALL	PERMISSIVE	founder_only_dd_r1746	authenticated	founder_acquihire_due_diligence_r1746	is_founder()	is_founder()
ALL	PERMISSIVE	founder_only_pipeline_r1746	authenticated	founder_acquihire_pipeline_r1746	is_founder()	is_founder()
ALL	PERMISSIVE	founder_acquisition_touchpoints_founder_all	authenticated	founder_acquisition_touchpoints	is_founder()	is_founder()
INSERT	PERMISSIVE	founder_action_log_insert	authenticated,service_role	founder_action_log		((actor_user_id = auth.uid()) OR is_founder())
ALL	PERMISSIVE	founder_action_log_no_direct	authenticated	founder_action_log	false	false
SELECT	PERMISSIVE	founder_action_log_select_founder	authenticated,service_role	founder_action_log	is_founder()	
ALL	PERMISSIVE	p_founder_only	authenticated	founder_action_log	is_founder()	is_founder()
ALL	PERMISSIVE	founder_all	authenticated	founder_advisory_board_r2613	is_founder()	is_founder()
ALL	PERMISSIVE	ai_triage_fb_founder_all	authenticated	founder_ai_triage_feedback	is_founder()	is_founder()
ALL	PERMISSIVE	ai_triage_models_founder_all	authenticated	founder_ai_triage_model_versions	is_founder()	is_founder()
ALL	PERMISSIVE	ai_triage_preds_founder_all	authenticated	founder_ai_triage_predictions	is_founder()	is_founder()
ALL	PERMISSIVE	p_founder_only_aal_r2146	authenticated	founder_alignment_action_log_r2146	is_founder()	is_founder()
ALL	PERMISSIVE	fahm_founder_only	authenticated	founder_all_hands_meetings	is_founder()	is_founder()
ALL	PERMISSIVE	fahq_founder_only	authenticated	founder_all_hands_questions	is_founder()	is_founder()
ALL	PERMISSIVE	founder_only_actions_r2102	authenticated	founder_allocation_action_log_r2102	is_founder()	is_founder()
ALL	PERMISSIVE	founder_all_signal_r2098	authenticated	founder_anniversary_signal_log_r2098	is_founder()	is_founder()
ALL	PERMISSIVE	founder_annual_budget_lines_founder_only	authenticated	founder_annual_budget_lines	is_founder()	is_founder()
ALL	PERMISSIVE	founder_annual_budgets_founder_only	authenticated	founder_annual_budgets	is_founder()	is_founder()
ALL	PERMISSIVE	fagqp_r1794_founder	authenticated	founder_annual_goal_quarterly_progress_r1794	is_founder()	is_founder()
ALL	PERMISSIVE	fag_r1794_founder	authenticated	founder_annual_goals_r1794	is_founder()	is_founder()
ALL	PERMISSIVE	fapl_founder_all	public	founder_annual_plan_lessons	is_founder()	is_founder()
ALL	PERMISSIVE	founder_only_annual_plan_pillars	public	founder_annual_plan_pillars	is_founder()	is_founder()
ALL	PERMISSIVE	fapr_founder_all	public	founder_annual_plan_roi	is_founder()	is_founder()
ALL	PERMISSIVE	founder_only_annual_plans	public	founder_annual_plans	is_founder()	is_founder()
ALL	PERMISSIVE	p_themes_founder	authenticated	founder_annual_themes_r1974	is_founder()	is_founder()
ALL	PERMISSIVE	founder_all	authenticated	founder_anti_patterns_r2509	is_founder()	is_founder()
ALL	PERMISSIVE	founder_arr_snapshots_v2_founder_all	authenticated	founder_arr_snapshots_v2	is_founder()	is_founder()
ALL	PERMISSIVE	founder_arr_weekly_reviews_v2_founder_all	authenticated	founder_arr_weekly_reviews_v2	is_founder()	is_founder()
ALL	PERMISSIVE	ats_panels_no_direct	public	founder_ats_interview_panels	false	
ALL	PERMISSIVE	ats_offers_no_direct	public	founder_ats_offers	false	
ALL	PERMISSIVE	founder_all_backchannel_actions_r2086	authenticated	founder_backchannel_action_log_r2086	is_founder()	is_founder()
ALL	PERMISSIVE	founder_all_fbe_r2245	authenticated	founder_backlog_events_r2245	is_founder()	is_founder()
ALL	PERMISSIVE	founder_all_fbi_r2245	authenticated	founder_backlog_items_r2245	is_founder()	is_founder()
ALL	PERMISSIVE	founder_all_fbf_r2297	authenticated	founder_bank_facilities_r2297	is_founder()	is_founder()
ALL	PERMISSIVE	founder_all_fbr_r2297	authenticated	founder_bank_relationships_r2297	is_founder()	is_founder()
ALL	PERMISSIVE	founder_all_entries	authenticated	founder_batch_retrospective_entries_r2265	is_founder()	is_founder()
ALL	PERMISSIVE	founder_all_bet_assess_r1906	authenticated	founder_bet_assessments_r1906	is_founder()	is_founder()
ALL	PERMISSIVE	founder_all_actions_r2186	authenticated	founder_bet_outcome_action_log_r2186	is_founder()	is_founder()
ALL	PERMISSIVE	founder_all	authenticated	founder_bet_patterns_r2841	is_founder()	is_founder()
ALL	PERMISSIVE	bizdev_activity_founder_only	public	founder_bizdev_pipeline_activity	is_founder()	is_founder()
ALL	PERMISSIVE	bizdev_pipeline_founder_only	public	founder_bizdev_pipeline_deals	is_founder()	is_founder()
ALL	PERMISSIVE	fbci_founder_only	authenticated	founder_board_checklist_items_v2	is_founder()	is_founder()
ALL	PERMISSIVE	founder_all	authenticated	founder_board_deck_sections_r2501	is_founder()	is_founder()
ALL	PERMISSIVE	founder_all	authenticated	founder_board_investor_sentiment_r2657	is_founder()	is_founder()
ALL	PERMISSIVE	founder_board_action_items_no_direct	public	founder_board_meeting_action_items	false	
ALL	PERMISSIVE	fbma_r1918_founder_all	authenticated	founder_board_meeting_attendance_r1918	is_founder()	is_founder()
ALL	PERMISSIVE	founder_board_meetings_no_direct	public	founder_board_meetings	false	
ALL	PERMISSIVE	fbm_founder_only	authenticated	founder_board_meetings_v2	is_founder()	is_founder()
ALL	PERMISSIVE	fbm_r1918_founder_all	authenticated	founder_board_members_r1918	is_founder()	is_founder()
ALL	PERMISSIVE	fbpd_v2_founder_all	authenticated	founder_board_pack_drafts_v2	is_founder()	is_founder()
ALL	PERMISSIVE	fbpq_v2_founder_all	authenticated	founder_board_pack_email_queue_v2	is_founder()	is_founder()
ALL	PERMISSIVE	founder_all	authenticated	founder_board_pack_scores_r2481	is_founder()	is_founder()
ALL	PERMISSIVE	founder_all	authenticated	founder_board_pre_meeting_prep_r2645	is_founder()	is_founder()
ALL	PERMISSIVE	founder_all	authenticated	founder_board_pre_reads_r2533	is_founder()	is_founder()
ALL	PERMISSIVE	founder_all	authenticated	founder_board_update_impact_r2669	is_founder()	is_founder()
ALL	PERMISSIVE	founder_all_bn_actions_r1834	authenticated	founder_bottleneck_actions_r1834	is_founder()	is_founder()
ALL	PERMISSIVE	founder_all_bn_hunt_r1834	authenticated	founder_bottleneck_hunt_r1834	is_founder()	is_founder()
ALL	PERMISSIVE	p_founder_revision_log_r2002	authenticated	founder_brand_voice_revision_log_r2002	is_founder()	is_founder()
ALL	PERMISSIVE	p_founder_style_guide_r2002	authenticated	founder_brand_voice_style_guide_r2002	is_founder()	is_founder()
ALL	PERMISSIVE	founder_all	authenticated	founder_branding_builds_r2837	is_founder()	is_founder()
ALL	PERMISSIVE	founder_all	authenticated	founder_branding_channel_rollup_r2837	is_founder()	is_founder()
ALL	PERMISSIVE	founder_all_buffer_action_r2174	authenticated	founder_buffer_action_log_r2174	is_founder()	is_founder()
ALL	PERMISSIVE	founder_all	authenticated	founder_burn_alerts_r2201	is_founder()	is_founder()
ALL	PERMISSIVE	founder_all_velocity_r2034	authenticated	founder_burndown_velocity_r2034	is_founder()	is_founder()
ALL	PERMISSIVE	founder_only_intervention_r1762	public	founder_burnout_intervention_log_r1762	is_founder()	is_founder()
SELECT	PERMISSIVE	p_select_founder_2921b	authenticated	founder_burnout_risk_signals_r2921	is_founder()	
ALL	PERMISSIVE	founder_only_audit_r1762	public	founder_burnout_self_audit_r1762	is_founder()	is_founder()
ALL	PERMISSIVE	founder_all_meet_r1954	authenticated	founder_cab_meeting_log_r1954	is_founder()	is_founder()
ALL	PERMISSIVE	founder_only_actions_r1882	authenticated	founder_cadence_actions_r1882	is_founder()	is_founder()
ALL	PERMISSIVE	founder_all_exec_log_r1934	authenticated	founder_cadence_execution_log_r1934	is_founder()	is_founder()
ALL	PERMISSIVE	founder_calendar_audit_action_log_r2134_founder_all	authenticated	founder_calendar_audit_action_log_r2134	is_founder()	is_founder()
ALL	PERMISSIVE	founder_calendar_audit_r2134_founder_all	authenticated	founder_calendar_audit_r2134	is_founder()	is_founder()
ALL	PERMISSIVE	founder_all_buffer_r2174	authenticated	founder_calendar_buffer_tracker_r2174	is_founder()	is_founder()
ALL	PERMISSIVE	founder_only_r1894_weeks	authenticated	founder_calendar_optimization_r1894	is_founder()	is_founder()
ALL	PERMISSIVE	founder_only_r1894_targets	authenticated	founder_calendar_optimization_targets_r1894	is_founder()	is_founder()
ALL	PERMISSIVE	capv2_scenarios_founder_all	authenticated	founder_cap_table_dilution_scenarios	is_founder()	is_founder()
ALL	PERMISSIVE	founder_only_cts_audit_v4	authenticated	founder_cap_table_lock_audit_v4	is_founder()	is_founder()
ALL	PERMISSIVE	cap_table_rounds_no_direct	public	founder_cap_table_rounds	false	
ALL	PERMISSIVE	founder_only_cts_v4	authenticated	founder_cap_table_scenarios_v4	is_founder()	is_founder()
ALL	PERMISSIVE	cap_table_share_no_direct	public	founder_cap_table_shareholders	false	
ALL	PERMISSIVE	founder_all	authenticated	founder_cap_table_snapshots_r2529	is_founder()	is_founder()
ALL	PERMISSIVE	capv2_vesting_founder_all	authenticated	founder_cap_table_vesting_schedules	is_founder()	is_founder()
ALL	PERMISSIVE	founder_only_strategy_r2102	authenticated	founder_capital_allocation_strategy_r2102	is_founder()	is_founder()
ALL	PERMISSIVE	founder only capital eff snapshots v2	authenticated	founder_capital_efficiency_snapshots_v2	is_founder()	is_founder()
ALL	PERMISSIVE	founder only capital raise rounds v2	authenticated	founder_capital_raise_rounds_v2	is_founder()	is_founder()
ALL	PERMISSIVE	founder_only_career_ladder_log	authenticated	founder_career_ladder_log	is_founder()	is_founder()
INSERT	PERMISSIVE	fcps_founder_insert	authenticated	founder_cash_position_snapshots		is_founder()
SELECT	PERMISSIVE	fcps_founder_select	authenticated	founder_cash_position_snapshots	is_founder()	
ALL	PERMISSIVE	founder_only_cash_snapshots	authenticated	founder_cash_snapshots	is_founder()	is_founder()
ALL	PERMISSIVE	founder_all	authenticated	founder_cash_snapshots_r2201	is_founder()	is_founder()
ALL	PERMISSIVE	founder_all_chain_event_followups_r2399	authenticated	founder_chain_event_followups_r2399	is_founder()	is_founder()
ALL	PERMISSIVE	founder_all_chain_exec_events_r2399	authenticated	founder_chain_exec_events_r2399	is_founder()	is_founder()
ALL	PERMISSIVE	chain_exp_targets_founder	authenticated	founder_chain_expansion_targets	is_founder()	is_founder()
ALL	PERMISSIVE	chain_outreach_touches_founder	authenticated	founder_chain_outreach_touches	is_founder()	is_founder()
ALL	PERMISSIVE	founder_all_advisories_r2391	authenticated	founder_chain_spec_advisories_r2391	is_founder()	is_founder()
ALL	PERMISSIVE	founder_all_outcomes_r2391	authenticated	founder_chain_spec_outcomes_r2391	is_founder()	is_founder()
ALL	PERMISSIVE	churn_features_founder_all	public	founder_churn_prediction_features	is_founder()	is_founder()
ALL	PERMISSIVE	churn_models_founder_all	public	founder_churn_prediction_models	is_founder()	is_founder()
ALL	PERMISSIVE	churn_outcomes_founder_all	public	founder_churn_prediction_outcomes	is_founder()	is_founder()
ALL	PERMISSIVE	fcsr_targets_v2_founder_all	authenticated	founder_churn_save_roi_targets_v2	is_founder()	is_founder()
ALL	PERMISSIVE	fcsr_v2_founder_all	authenticated	founder_churn_save_roi_v2	is_founder()	is_founder()
ALL	PERMISSIVE	founder_all	authenticated	founder_coach_sessions_r2793	is_founder()	is_founder()
ALL	PERMISSIVE	p_actions_r1846_founder	authenticated	founder_coaching_action_log_r1846	is_founder()	is_founder()
ALL	PERMISSIVE	founder_all_followup_r2070	authenticated	founder_coaching_followup_log_r2070	is_founder()	is_founder()
ALL	PERMISSIVE	founder_all_sessions_r2118	authenticated	founder_coaching_session_log_r2118	is_founder()	is_founder()
ALL	PERMISSIVE	p_sessions_r1846_founder	authenticated	founder_coaching_sessions_r1846	is_founder()	is_founder()
ALL	PERMISSIVE	founder_all	authenticated	founder_cofounder_1on1s_r2557	is_founder()	is_founder()
ALL	PERMISSIVE	founder_all	authenticated	founder_cofounder_alignment_r2641	is_founder()	is_founder()
ALL	PERMISSIVE	founder_only_cofounder_okrs	authenticated	founder_cofounder_okrs	is_founder()	is_founder()
ALL	PERMISSIVE	founder_only_cofounder_sync	authenticated	founder_cofounder_sync_log	is_founder()	is_founder()
ALL	PERMISSIVE	founder_all	authenticated	founder_cohort_retention_r2593	is_founder()	is_founder()
ALL	PERMISSIVE	fclq_founder_only	authenticated	founder_commitment_letter_queue	is_founder()	is_founder()
ALL	PERMISSIVE	p_founder_only	authenticated	founder_comp_raise_requests	is_founder()	is_founder()
ALL	PERMISSIVE	p_fci_founder	authenticated	founder_competitor_intel	is_founder()	is_founder()
ALL	PERMISSIVE	founder_all_competitor_moves_r2229	authenticated	founder_competitor_moves_r2229	is_founder()	is_founder()
ALL	PERMISSIVE	founder_all_competitor_watch_r2229	authenticated	founder_competitor_watch_r2229	is_founder()	is_founder()
ALL	PERMISSIVE	p_founder_competitors_founder	authenticated	founder_competitors	is_founder()	is_founder()
SELECT	PERMISSIVE	p_fc_audit_events_founder_read	authenticated	founder_compliance_audit_events	is_founder()	
ALL	PERMISSIVE	founder_only_compliance_calendar_events	authenticated	founder_compliance_calendar_events	is_founder()	is_founder()
SELECT	PERMISSIVE	p_fc_violations_founder_read	authenticated	founder_compliance_integrity_violations	is_founder()	
ALL	PERMISSIVE	p_fc_r1966_founder	authenticated	founder_confidants_r1966	is_founder()	is_founder()
ALL	PERMISSIVE	p_fcl_r1966_founder	authenticated	founder_consultation_log_r1966	is_founder()	is_founder()
ALL	PERMISSIVE	fccv2_events_founder_only	authenticated	founder_content_calendar_v2_events	is_founder()	is_founder()
ALL	PERMISSIVE	fccv2_pieces_founder_only	authenticated	founder_content_calendar_v2_pieces	is_founder()	is_founder()
ALL	PERMISSIVE	fcnpv_snap_founder_only	authenticated	founder_contract_npv_snapshots	is_founder()	is_founder()
ALL	PERMISSIVE	fcnpv_action_founder_only	authenticated	founder_contract_renegotiation_actions	is_founder()	is_founder()
ALL	PERMISSIVE	founder_all_conviction_audit_r1842	authenticated	founder_conviction_audit_log_r1842	is_founder()	is_founder()
ALL	PERMISSIVE	founder_all	authenticated	founder_conviction_evidence_r2745	is_founder()	is_founder()
ALL	PERMISSIVE	founder_all	authenticated	founder_conviction_topics_r2745	is_founder()	is_founder()
ALL	PERMISSIVE	founder_all_actions_r2162	authenticated	founder_correlation_action_log_r2162	is_founder()	is_founder()
ALL	PERMISSIVE	founder_counsel_log_r1970_all	authenticated	founder_counsel_engagement_log_r1970	is_founder()	is_founder()
ALL	PERMISSIVE	founder_all_drills_r2142	authenticated	founder_crisis_drill_log_r2142	is_founder()	is_founder()
ALL	PERMISSIVE	founder_only_fct_r2114	authenticated	founder_crm_touch_log_r2114	is_founder()	is_founder()
ALL	PERMISSIVE	founder_all_initiative_r2066	authenticated	founder_cross_functional_initiative_map_r2066	is_founder()	is_founder()
SELECT	PERMISSIVE	founder_only_select_fcshi	public	founder_cs_health_interventions	is_founder()	
ALL	PERMISSIVE	founder_only_write_fcshi	public	founder_cs_health_interventions	is_founder()	is_founder()
SELECT	PERMISSIVE	founder_only_select_fcshs	public	founder_cs_health_snapshots	is_founder()	
ALL	PERMISSIVE	founder_only_write_fcshs	public	founder_cs_health_snapshots	is_founder()	is_founder()
ALL	PERMISSIVE	fcds_founder_only	authenticated	founder_culture_deck_signatures	is_founder()	is_founder()
ALL	PERMISSIVE	fcdv_founder_only	authenticated	founder_culture_deck_versions	is_founder()	is_founder()
ALL	PERMISSIVE	founder_all_cab_r1954	authenticated	founder_customer_advisory_board_r1954	is_founder()	is_founder()
ALL	PERMISSIVE	fccai_r1710_founder_all	authenticated	founder_customer_call_action_items_r1710	is_founder()	is_founder()
ALL	PERMISSIVE	fcc_r1710_founder_all	authenticated	founder_customer_calls_r1710	is_founder()	is_founder()
ALL	PERMISSIVE	founder_all_conviction_scores_r1842	authenticated	founder_customer_conviction_scores_r1842	is_founder()	is_founder()
ALL	PERMISSIVE	founder_all_fcdi_r2006	authenticated	founder_customer_discovery_interviews_r2006	is_founder()	is_founder()
ALL	PERMISSIVE	fclp_founder_only	authenticated	founder_customer_logo_permissions	is_founder()	is_founder()
ALL	PERMISSIVE	founder_customer_logos_founder_only	authenticated	founder_customer_logos	is_founder()	is_founder()
ALL	PERMISSIVE	founder_all_fclal_r2300	authenticated	founder_customer_ltv_accuracy_log_r2300	is_founder()	is_founder()
ALL	PERMISSIVE	founder_all_fclp_r2300	authenticated	founder_customer_ltv_predictions_r2300	is_founder()	is_founder()
ALL	PERMISSIVE	personas_r1886_founder_all	authenticated	founder_customer_personas_r1886	is_founder()	is_founder()
ALL	PERMISSIVE	founder_all_pulse_alerts_r1754	authenticated	founder_customer_pulse_alerts_r1754	is_founder()	is_founder()
ALL	PERMISSIVE	founder_all_pulse_weekly_r1754	authenticated	founder_customer_pulse_weekly_r1754	is_founder()	is_founder()
ALL	PERMISSIVE	fcrl_r1778_founder_all	authenticated	founder_customer_reference_lookup_r1778	is_founder()	is_founder()
ALL	PERMISSIVE	p_frp_founder	authenticated	founder_customer_reference_permissions	is_founder()	is_founder()
ALL	PERMISSIVE	p_frpu_founder	authenticated	founder_customer_reference_usage_events	is_founder()	is_founder()
ALL	PERMISSIVE	founder_all_spotlights_r1706	authenticated	founder_customer_spotlights_r1706	is_founder()	is_founder()
ALL	PERMISSIVE	founder_only_action_r1994	authenticated	founder_customer_success_action_log_r1994	is_founder()	is_founder()
ALL	PERMISSIVE	founder_only_metric_r1994	authenticated	founder_customer_success_metric_r1994	is_founder()	is_founder()
ALL	PERMISSIVE	founder_all_links_r1858	authenticated	founder_customer_whisperer_links_r1858	is_founder()	is_founder()
ALL	PERMISSIVE	founder_all_notes_r1858	authenticated	founder_customer_whisperer_notes_r1858	is_founder()	is_founder()
ALL	PERMISSIVE	founder_only_wishlist_r1730	authenticated	founder_customer_wishlist_r1730	is_founder()	is_founder()
ALL	PERMISSIVE	founder_only_wishlist_votes_r1730	authenticated	founder_customer_wishlist_votes_r1730	is_founder()	is_founder()
ALL	PERMISSIVE	fcac_r3121_founder_all	authenticated	founder_cyber_account_checks_r3121	is_founder()	is_founder()
ALL	PERMISSIVE	fcd_r3121_founder_all	authenticated	founder_cyber_devices_r3121	is_founder()	is_founder()
ALL	PERMISSIVE	founder_all	authenticated	founder_daily_energy_r2493	is_founder()	is_founder()
ALL	PERMISSIVE	founder_all	authenticated	founder_daily_focus_r2209	is_founder()	is_founder()
ALL	PERMISSIVE	founder_all_priorities_r2022	authenticated	founder_daily_priorities_r2022	is_founder()	is_founder()
ALL	PERMISSIVE	reading_log_founder_r2074	authenticated	founder_daily_reading_log_r2074	is_founder()	is_founder()
ALL	PERMISSIVE	founder_all_fds_r1982	authenticated	founder_daily_standups_r1982	is_founder()	is_founder()
ALL	PERMISSIVE	founder_only_dd_packet_access_log	authenticated	founder_dd_packet_access_log	is_founder()	is_founder()
ALL	PERMISSIVE	founder_only_dd_packets	authenticated	founder_dd_packets	is_founder()	is_founder()
ALL	PERMISSIVE	founder_all_fdcl_r1774	authenticated	founder_deal_competitor_log_r1774	is_founder()	is_founder()
ALL	PERMISSIVE	founder_all_fdo_r1774	authenticated	founder_deal_outcomes_r1774	is_founder()	is_founder()
ALL	PERMISSIVE	founder_all_alternatives_r1922	authenticated	founder_decision_alternatives_r1922	is_founder()	is_founder()
ALL	PERMISSIVE	p_dct_r1990_founder	authenticated	founder_decision_cycle_time_r1990	is_founder()	is_founder()
ALL	PERMISSIVE	founder_all	authenticated	founder_decision_dependencies_r2333	is_founder()	is_founder()
ALL	PERMISSIVE	founder_all_r2090_lib	authenticated	founder_decision_frameworks_library_r2090	is_founder()	is_founder()
ALL	PERMISSIVE	founder_all	authenticated	founder_decision_journal_entries_r2705	is_founder()	is_founder()
ALL	PERMISSIVE	founder_all_journal_r2309	authenticated	founder_decision_journal_r2309	is_founder()	is_founder()
ALL	PERMISSIVE	founder_all	authenticated	founder_decision_pattern_reflections_r2705	is_founder()	is_founder()
ALL	PERMISSIVE	p_dpl_r1990_founder	authenticated	founder_decision_phase_log_r1990	is_founder()	is_founder()
ALL	PERMISSIVE	founder_all_retros_r2309	authenticated	founder_decision_retros_r2309	is_founder()	is_founder()
ALL	PERMISSIVE	founder_all_reversal_r2170	authenticated	founder_decision_reversal_log_r2170	is_founder()	is_founder()
ALL	PERMISSIVE	founder_all_fdr_r1714	authenticated	founder_decision_review_r1714	is_founder()	is_founder()
ALL	PERMISSIVE	fdvo_r1850_founder_all	authenticated	founder_decision_velocity_outliers_r1850	is_founder()	is_founder()
ALL	PERMISSIVE	fdv_r1850_founder_all	authenticated	founder_decision_velocity_r1850	is_founder()	is_founder()
ALL	PERMISSIVE	founder_all_velocity_r2130	authenticated	founder_decision_velocity_tracker_r2130	is_founder()	is_founder()
ALL	PERMISSIVE	founder_decisions_no_direct	public	founder_decisions	false	
ALL	PERMISSIVE	founder_all_fd_r1714	authenticated	founder_decisions_r1714	is_founder()	is_founder()
ALL	PERMISSIVE	founder_all	authenticated	founder_decisions_r2466	is_founder()	is_founder()
ALL	PERMISSIVE	founder_all	authenticated	founder_deep_work_blocks_r2537	is_founder()	is_founder()
ALL	PERMISSIVE	founder_all	authenticated	founder_deep_work_blocks_r2765	is_founder()	is_founder()
ALL	PERMISSIVE	founder_all	authenticated	founder_deep_work_calibrations_r2765	is_founder()	is_founder()
ALL	PERMISSIVE	founder_all	authenticated	founder_delegated_decisions_r2425	is_founder()	is_founder()
ALL	PERMISSIVE	founder_all	authenticated	founder_delegation_items_r2405	is_founder()	is_founder()
ALL	PERMISSIVE	founder_all	authenticated	founder_delegation_outcomes_r2405	is_founder()	is_founder()
ALL	PERMISSIVE	demo_day_rehearsals_founder_only	authenticated	founder_demo_day_rehearsals	is_founder()	is_founder()
ALL	PERMISSIVE	demo_day_targets_founder_only	authenticated	founder_demo_day_targets	is_founder()	is_founder()
ALL	PERMISSIVE	founder_all_fdil_r2006	authenticated	founder_discovery_insight_log_r2006	is_founder()	is_founder()
ALL	PERMISSIVE	founder_only_density_snap	authenticated	founder_dispatch_density_snapshots	is_founder()	is_founder()
ALL	PERMISSIVE	founder_all_drill_actions_r2142	authenticated	founder_drill_action_log_r2142	is_founder()	is_founder()
ALL	PERMISSIVE	p_founder_all_send_r2062	authenticated	founder_drip_send_log_r2062	is_founder()	is_founder()
ALL	PERMISSIVE	fecav2_founder_all	authenticated	founder_earnings_cliff_alerts_v2	is_founder()	is_founder()
ALL	PERMISSIVE	founder_all	authenticated	founder_emotional_resilience_r2629	is_founder()	is_founder()
ALL	PERMISSIVE	founder_all_r1722_audit	authenticated	founder_energy_audit_r1722	is_founder()	is_founder()
ALL	PERMISSIVE	founder_all_audits_r1942	authenticated	founder_energy_audits_r1942	is_founder()	is_founder()
ALL	PERMISSIVE	founder_all	authenticated	founder_energy_budget_r2357	is_founder()	is_founder()
ALL	PERMISSIVE	founder_all_followup_r1942	authenticated	founder_energy_followup_log_r1942	is_founder()	is_founder()
ALL	PERMISSIVE	founder_all_periods_r2162	authenticated	founder_energy_outcome_correlation_r2162	is_founder()	is_founder()
ALL	PERMISSIVE	founder_all	authenticated	founder_energy_recovery_activities_r2865	is_founder()	is_founder()
ALL	PERMISSIVE	founder_all	authenticated	founder_energy_recovery_weekly_log_r2865	is_founder()	is_founder()
ALL	PERMISSIVE	founder_all	authenticated	founder_energy_spend_r2357	is_founder()	is_founder()
ALL	PERMISSIVE	founder_all_r1722_summary	authenticated	founder_energy_summary_r1722	is_founder()	is_founder()
ALL	PERMISSIVE	founder_only_eng6mo_call	authenticated	founder_engineer_6mo_call_log	is_founder()	is_founder()
ALL	PERMISSIVE	founder_only_eng6mo_snap	authenticated	founder_engineer_6mo_risk_snapshots	is_founder()	is_founder()
SELECT	PERMISSIVE	febc_engineer_own	authenticated	founder_engineer_benefits_claims	(is_founder() OR (EXISTS ( SELECT 1 FROM founder_engineer_insurance_policies p WHERE ((p.id = founder_engineer_benefits_claims.policy_id) AND (p.engineer_user_id = auth.uid())))))	
ALL	PERMISSIVE	febc_founder_write	authenticated	founder_engineer_benefits_claims	is_founder()	is_founder()
ALL	PERMISSIVE	churn_cohort_snap_v2_founder_all	authenticated	founder_engineer_churn_cohort_snapshots_v2	is_founder()	is_founder()
ALL	PERMISSIVE	churn_risk_scores_v2_founder_all	authenticated	founder_engineer_churn_risk_scores_v2	is_founder()	is_founder()
ALL	PERMISSIVE	founder_only_cohort_snapshots	authenticated	founder_engineer_cohort_snapshots	is_founder()	is_founder()
ALL	PERMISSIVE	founder_only_feds_snap	authenticated	founder_engineer_demand_supply_snapshots	is_founder()	is_founder()
ALL	PERMISSIVE	fedr_founder_all	authenticated	founder_engineer_dropoff_recovery	is_founder()	is_founder()
ALL	PERMISSIVE	fedrt_founder_all	authenticated	founder_engineer_dropoff_touches	is_founder()	is_founder()
ALL	PERMISSIVE	feefv2_founder_all	authenticated	founder_engineer_earnings_forecast_v2	is_founder()	is_founder()
ALL	PERMISSIVE	founder_only_fee_notes	authenticated	founder_engineer_escalation_notes	is_founder()	is_founder()
ALL	PERMISSIVE	founder_only_fee_escalations	authenticated	founder_engineer_escalations	is_founder()	is_founder()
ALL	PERMISSIVE	exit_iv_v2_founder_all	authenticated	founder_engineer_exit_interviews_v2	is_founder()	is_founder()
ALL	PERMISSIVE	exit_patt_v2_founder_all	authenticated	founder_engineer_exit_patterns_v2	is_founder()	is_founder()
ALL	PERMISSIVE	founder_only_feds_rec	authenticated	founder_engineer_hiring_recommendations	is_founder()	is_founder()
SELECT	PERMISSIVE	feip_engineer_own	authenticated	founder_engineer_insurance_policies	((engineer_user_id = auth.uid()) OR is_founder())	
ALL	PERMISSIVE	feip_founder_write	authenticated	founder_engineer_insurance_policies	is_founder()	is_founder()
ALL	PERMISSIVE	p_fekpi_rev_v2_founder_all	authenticated	founder_engineer_kpi_reviews_v2	is_founder()	is_founder()
ALL	PERMISSIVE	p_fekpi_v2_founder_all	authenticated	founder_engineer_kpi_snapshots_v2	is_founder()	is_founder()
ALL	PERMISSIVE	founder_only_ltv_profiles	authenticated	founder_engineer_ltv_profiles	is_founder()	is_founder()
ALL	PERMISSIVE	founder_only_femp	authenticated	founder_engineer_mentor_pairs	is_founder()	is_founder()
ALL	PERMISSIVE	founder_only_fems	authenticated	founder_engineer_mentor_sessions	is_founder()	is_founder()
ALL	PERMISSIVE	fepcs_v2_founder_all	authenticated	founder_engineer_payout_cadence_snapshots_v2	is_founder()	is_founder()
ALL	PERMISSIVE	fepc_v2_founder_all	authenticated	founder_engineer_payout_cadence_v2	is_founder()	is_founder()
ALL	PERMISSIVE	founder only — peer mentions	authenticated	founder_engineer_peer_mentions	is_founder()	is_founder()
SELECT	PERMISSIVE	fepps_engineer_own_read	authenticated	founder_engineer_personal_pnl_snapshots	(engineer_user_id = auth.uid())	
ALL	PERMISSIVE	fepps_founder_all	authenticated	founder_engineer_personal_pnl_snapshots	is_founder()	is_founder()
ALL	PERMISSIVE	fepd_v2_founder_only	authenticated	founder_engineer_promotion_decisions_v2	is_founder()	is_founder()
ALL	PERMISSIVE	fepr_v2_founder_only	authenticated	founder_engineer_promotion_reviews_v2	is_founder()	is_founder()
ALL	PERMISSIVE	founder_all	authenticated	founder_engineer_repair_mix_r2358	is_founder()	is_founder()
ALL	PERMISSIVE	founder_all	authenticated	founder_engineer_repair_targets_r2358	is_founder()	is_founder()
ALL	PERMISSIVE	fes_entries_v2_founder_only	authenticated	founder_engineer_skill_entries_v2	is_founder()	is_founder()
ALL	PERMISSIVE	founder_only_engineer_territories	authenticated	founder_engineer_territories	is_founder()	is_founder()
ALL	PERMISSIVE	founder only — fev snapshots	authenticated	founder_engineer_velocity_snapshots	is_founder()	is_founder()
ALL	PERMISSIVE	founder_only_decomm_events	authenticated	founder_equipment_decommissioning_events	is_founder()	is_founder()
ALL	PERMISSIVE	founder_only_decomm_pipeline	authenticated	founder_equipment_decommissioning_pipeline	is_founder()	is_founder()
ALL	PERMISSIVE	founder_esc_queue_founder_only	authenticated	founder_escalation_action_queue	is_founder()	is_founder()
ALL	PERMISSIVE	founder_all_action_r2318	authenticated	founder_escalation_actions_r2318	is_founder()	is_founder()
ALL	PERMISSIVE	founder_all_root_cause_r2318	authenticated	founder_escalation_root_causes_r2318	is_founder()	is_founder()
ALL	PERMISSIVE	p_esop_events_founder_all	authenticated	founder_esop_grant_events	is_founder()	is_founder()
ALL	PERMISSIVE	p_esop_grants_founder_all	authenticated	founder_esop_grants	is_founder()	is_founder()
ALL	PERMISSIVE	founder_exec_360_pins_v3_founder_only	authenticated	founder_exec_360_pins_v3	is_founder()	is_founder()
ALL	PERMISSIVE	founder_exec_360_v3_founder_only	authenticated	founder_exec_360_snapshots_v3	is_founder()	is_founder()
ALL	PERMISSIVE	exec_cand_v2_founder_only	authenticated	founder_exec_candidates_v2	is_founder()	is_founder()
ALL	PERMISSIVE	founder_all	authenticated	founder_exec_coaches_r2793	is_founder()	is_founder()
ALL	PERMISSIVE	exec_stage_v2_founder_only	authenticated	founder_exec_stage_events_v2	is_founder()	is_founder()
ALL	PERMISSIVE	founder_expansion_decisions_v2_founder_only	authenticated	founder_expansion_decisions_v2	is_founder()	is_founder()
ALL	PERMISSIVE	founder_expansion_market_v2_founder_only	authenticated	founder_expansion_market_v2	is_founder()	is_founder()
ALL	PERMISSIVE	founder_counsel_r1970_all	authenticated	founder_external_counsel_r1970	is_founder()	is_founder()
ALL	PERMISSIVE	founder_all_r2158_actions	authenticated	founder_family_action_log_r2158	is_founder()	is_founder()
ALL	PERMISSIVE	founder_all_ffcl_r2301	authenticated	founder_family_commitment_log_r2301	is_founder()	is_founder()
ALL	PERMISSIVE	founder_all_ffe_r2301	authenticated	founder_family_events_r2301	is_founder()	is_founder()
ALL	PERMISSIVE	p_founder_all_intro_log_r1890	authenticated	founder_family_office_intro_log_r1890	is_founder()	is_founder()
ALL	PERMISSIVE	p_founder_all_outreach_r1890	authenticated	founder_family_office_outreach_r1890	is_founder()	is_founder()
ALL	PERMISSIVE	founder_all	authenticated	founder_family_time_r2653	is_founder()	is_founder()
ALL	PERMISSIVE	founder_all_r2158_periods	authenticated	founder_family_time_tracker_r2158	is_founder()	is_founder()
ALL	PERMISSIVE	founder_all_fcfrc_r2306	authenticated	founder_first_call_fix_root_causes_r2306	is_founder()	is_founder()
ALL	PERMISSIVE	founder_all_fcfv_r2306	authenticated	founder_first_call_fix_visits_r2306	is_founder()	is_founder()
ALL	PERMISSIVE	founder_all	authenticated	founder_first_principles_entries_r2409	is_founder()	is_founder()
ALL	PERMISSIVE	founder_all	authenticated	founder_first_principles_weeks_r2409	is_founder()	is_founder()
ALL	PERMISSIVE	focus_block_violations_r1670_founder_all	authenticated	founder_focus_block_violations_r1670	is_founder()	is_founder()
ALL	PERMISSIVE	focus_blocks_r1670_founder_all	authenticated	founder_focus_blocks_r1670	is_founder()	is_founder()
ALL	PERMISSIVE	founder_all	authenticated	founder_focus_pattern_log_r2209	is_founder()	is_founder()
ALL	PERMISSIVE	founder_all_r2090_log	authenticated	founder_framework_application_log_r2090	is_founder()	is_founder()
ALL	PERMISSIVE	franchise_milestones_founder_all	authenticated	founder_franchise_milestones	is_founder()	is_founder()
ALL	PERMISSIVE	franchise_partners_founder_all	authenticated	founder_franchise_partners	is_founder()	is_founder()
ALL	PERMISSIVE	franchise_prospects_v2_founder_all	authenticated	founder_franchise_prospects_v2	is_founder()	is_founder()
ALL	PERMISSIVE	franchise_stage_events_v2_founder_all	authenticated	founder_franchise_stage_events_v2	is_founder()	is_founder()
ALL	PERMISSIVE	friday_journal_v2_founder	authenticated	founder_friday_journal_entries_v2	is_founder()	is_founder()
ALL	PERMISSIVE	friday_stand_down_v2_founder	authenticated	founder_friday_stand_down_v2	is_founder()	is_founder()
ALL	PERMISSIVE	ffpp_v2_founder_all	authenticated	founder_fundraise_press_placements_v2	is_founder()	is_founder()
ALL	PERMISSIVE	ffpt_v2_founder_all	authenticated	founder_fundraise_press_touchpoints_v2	is_founder()	is_founder()
ALL	PERMISSIVE	founder_all	authenticated	founder_fundraising_funnel_r2461	is_founder()	is_founder()
ALL	PERMISSIVE	fgm_r2321_founder_all	authenticated	founder_growth_media_r2321	is_founder()	is_founder()
ALL	PERMISSIVE	fgt_r2321_founder_all	authenticated	founder_growth_takeaways_r2321	is_founder()	is_founder()
ALL	PERMISSIVE	founder_gst_filings_no_direct	authenticated	founder_gst_filings	false	false
ALL	PERMISSIVE	founder_gtm_pivot_milestones_founder_only	authenticated	founder_gtm_pivot_milestones	is_founder()	is_founder()
ALL	PERMISSIVE	founder_gtm_pivots_founder_only	authenticated	founder_gtm_pivots	is_founder()	is_founder()
ALL	PERMISSIVE	p_fhd_r1810_founder	authenticated	founder_habit_definitions_r1810	is_founder()	is_founder()
ALL	PERMISSIVE	p_fhl_r1810_founder	authenticated	founder_habit_logs_r1810	is_founder()	is_founder()
ALL	PERMISSIVE	founder_all_handover_events_r2408	authenticated	founder_handover_events_r2408	is_founder()	is_founder()
ALL	PERMISSIVE	founder_all_handovers_r2408	authenticated	founder_handovers_r2408	is_founder()	is_founder()
ALL	PERMISSIVE	fhcp_no_direct	public	founder_headcount_plan_roles	false	
ALL	PERMISSIVE	founder_all_interv_r2038	authenticated	founder_health_intervention_log_r2038	is_founder()	is_founder()
ALL	PERMISSIVE	founder_all_cycle_r2118	authenticated	founder_hire_manage_coach_cycle_r2118	is_founder()	is_founder()
ALL	PERMISSIVE	founder_all_notes_r1786	authenticated	founder_hire_pipeline_notes_r1786	is_founder()	is_founder()
ALL	PERMISSIVE	founder_all_pipeline_r1786	authenticated	founder_hire_pipeline_r1786	is_founder()	is_founder()
ALL	PERMISSIVE	founder_hiring_activity_log_r1930_founder	authenticated	founder_hiring_activity_log_r1930	is_founder()	is_founder()
ALL	PERMISSIVE	founder_hiring_no_direct	public	founder_hiring_candidates	false	
ALL	PERMISSIVE	founder_hiring_pipeline_r1930_founder	authenticated	founder_hiring_pipeline_r1930	is_founder()	is_founder()
ALL	PERMISSIVE	founder_only_fhal_v2	authenticated	founder_hospital_action_ladder_v2	is_founder()	is_founder()
ALL	PERMISSIVE	fhaa_founder_only	authenticated	founder_hospital_activation_actions	is_founder()	is_founder()
ALL	PERMISSIVE	fhaco_founder_only	authenticated	founder_hospital_amc_conversion_outreach	is_founder()	is_founder()
ALL	PERMISSIVE	fhact_founder_only	authenticated	founder_hospital_amc_conversion_targets	is_founder()	is_founder()
ALL	PERMISSIVE	hbc_no_direct	public	founder_hospital_billing_cycles	false	
ALL	PERMISSIVE	hbde_no_direct	public	founder_hospital_billing_dunning_events	false	
ALL	PERMISSIVE	hbi_no_direct	public	founder_hospital_billing_invoices	false	
ALL	PERMISSIVE	p_breakaway_act_v2_founder_all	authenticated	founder_hospital_breakaway_actions_v2	is_founder()	is_founder()
ALL	PERMISSIVE	p_breakaway_cand_v2_founder_all	authenticated	founder_hospital_breakaway_candidates_v2	is_founder()	is_founder()
ALL	PERMISSIVE	p_fhca_v2_founder_all	authenticated	founder_hospital_churn_actions_v2	is_founder()	is_founder()
ALL	PERMISSIVE	p_fhcs_v2_founder_all	authenticated	founder_hospital_churn_scores_v2	is_founder()	is_founder()
ALL	PERMISSIVE	p_fhca_founder_all	authenticated	founder_hospital_concentration_alerts	is_founder()	is_founder()
ALL	PERMISSIVE	p_fhchs_founder_all	authenticated	founder_hospital_contract_heatmap_snapshots	is_founder()	is_founder()
ALL	PERMISSIVE	xsell_queue_founder_only	authenticated	founder_hospital_cross_sell_action_queue	is_founder()	is_founder()
ALL	PERMISSIVE	xsell_ladder_founder_only	authenticated	founder_hospital_cross_sell_ladder	is_founder()	is_founder()
ALL	PERMISSIVE	founder_hosp_dept_founder_all	authenticated	founder_hospital_departments	is_founder()	is_founder()
ALL	PERMISSIVE	fhel_founder_all	authenticated	founder_hospital_equipment_lifecycle	is_founder()	is_founder()
ALL	PERMISSIVE	fhele_founder_all	authenticated	founder_hospital_equipment_lifecycle_events	is_founder()	is_founder()
ALL	PERMISSIVE	founder_only_heq_procure_milestones	authenticated	founder_hospital_equipment_procurement_milestones	is_founder()	is_founder()
ALL	PERMISSIVE	founder_only_heq_procure_pipeline	authenticated	founder_hospital_equipment_procurement_pipeline	is_founder()	is_founder()
ALL	PERMISSIVE	fheaq_founder_only	authenticated	founder_hospital_expansion_action_queue	is_founder()	is_founder()
ALL	PERMISSIVE	fhep_founder_only	authenticated	founder_hospital_expansion_plays	is_founder()	is_founder()
ALL	PERMISSIVE	fhfe_founder_only	authenticated	founder_hospital_funnel_events	is_founder()	is_founder()
ALL	PERMISSIVE	founder_only_log_v2	public	founder_hospital_incident_log_v2	is_founder()	is_founder()
ALL	PERMISSIVE	founder_only_reasons_v2	public	founder_hospital_incident_reasons_v2	is_founder()	is_founder()
ALL	PERMISSIVE	fhls_v2_founder_all	authenticated	founder_hospital_lifecycle_stages_v2	is_founder()	is_founder()
ALL	PERMISSIVE	fhlt_v2_founder_all	authenticated	founder_hospital_lifecycle_transitions_v2	is_founder()	is_founder()
ALL	PERMISSIVE	founder_only_loi_touchpoints	authenticated	founder_hospital_loi_touchpoints	is_founder()	is_founder()
ALL	PERMISSIVE	founder_only_lois	authenticated	founder_hospital_lois	is_founder()	is_founder()
ALL	PERMISSIVE	founder_only_ltv_snap_v2	authenticated	founder_hospital_ltv_snapshots_v2	is_founder()	is_founder()
ALL	PERMISSIVE	fhms_founder_all	authenticated	founder_hospital_maintenance_schedule	is_founder()	is_founder()
ALL	PERMISSIVE	founder_hospital_onboarding_runs_founder_all	authenticated	founder_hospital_onboarding_runs	is_founder()	is_founder()
ALL	PERMISSIVE	founder_only_fhpm_relationships	authenticated	founder_hospital_power_map_relationships	is_founder()	is_founder()
ALL	PERMISSIVE	founder_only_fhpm_stakeholders	authenticated	founder_hospital_power_map_stakeholders	is_founder()	is_founder()
ALL	PERMISSIVE	founder_hospital_qbr_outcomes_v2_founder_only	authenticated	founder_hospital_qbr_outcomes_v2	is_founder()	is_founder()
ALL	PERMISSIVE	founder_hospital_qbr_schedule_v2_founder_only	authenticated	founder_hospital_qbr_schedule_v2	is_founder()	is_founder()
ALL	PERMISSIVE	fhqp_founder_only	authenticated	founder_hospital_quadrant_playbook	is_founder()	is_founder()
ALL	PERMISSIVE	founder only fhrc	authenticated	founder_hospital_renewal_candidates	is_founder()	is_founder()
ALL	PERMISSIVE	founder only fhrd	authenticated	founder_hospital_renewal_decisions	is_founder()	is_founder()
ALL	PERMISSIVE	founder_only_fhss_v2	authenticated	founder_hospital_satisfaction_snapshots_v2	is_founder()	is_founder()
ALL	PERMISSIVE	fhsts_founder_only	authenticated	founder_hospital_strategic_scores	is_founder()	is_founder()
ALL	PERMISSIVE	founder_only_fhtde	authenticated	founder_hospital_tier_downgrade_events	is_founder()	is_founder()
ALL	PERMISSIVE	founder_only_fhtde_tax	authenticated	founder_hospital_tier_downgrade_reason_taxonomy	is_founder()	is_founder()
ALL	PERMISSIVE	founder_only_vip_promo_v2	authenticated	founder_hospital_vip_promotions_v2	is_founder()	is_founder()
ALL	PERMISSIVE	fhvt_founder_only	authenticated	founder_hospital_vip_targets	is_founder()	is_founder()
ALL	PERMISSIVE	fhvv_founder_only	authenticated	founder_hospital_vip_visits	is_founder()	is_founder()
ALL	PERMISSIVE	fhwl_founder_only	authenticated	founder_hospital_winback_log	is_founder()	is_founder()
ALL	PERMISSIVE	fhws_founder_only	authenticated	founder_hospital_winback_story	is_founder()	is_founder()
ALL	PERMISSIVE	founder_all_inbox_r1818	authenticated	founder_idea_capture_inbox_r1818	is_founder()	is_founder()
ALL	PERMISSIVE	founder_all_promo_r1818	authenticated	founder_idea_promotion_log_r1818	is_founder()	is_founder()
ALL	PERMISSIVE	founder_all_decisions_r1802	authenticated	founder_inbox_triage_decisions_r1802	is_founder()	is_founder()
ALL	PERMISSIVE	founder_all_triage_r1802	authenticated	founder_inbox_triage_r1802	is_founder()	is_founder()
ALL	PERMISSIVE	founder_postmortem_actions_no_direct	public	founder_incident_postmortem_action_items	false	
ALL	PERMISSIVE	founder_postmortems_no_direct	public	founder_incident_postmortems	false	
ALL	PERMISSIVE	founder_incidents_no_direct	public	founder_incidents	false	
ALL	PERMISSIVE	founder_all_watchlist_r2042	authenticated	founder_industry_watchlist_r2042	is_founder()	is_founder()
ALL	PERMISSIVE	founder_all_action_r2066	authenticated	founder_initiative_action_log_r2066	is_founder()	is_founder()
ALL	PERMISSIVE	founder_inner_circle_check_ins_r1822_founder_all	authenticated	founder_inner_circle_check_ins_r1822	is_founder()	is_founder()
ALL	PERMISSIVE	founder_inner_circle_r1822_founder_all	authenticated	founder_inner_circle_r1822	is_founder()	is_founder()
ALL	PERMISSIVE	founder_all_decisions_r1874	authenticated	founder_inner_council_decisions_r1874	is_founder()	is_founder()
ALL	PERMISSIVE	founder_all_meetings_r1874	authenticated	founder_inner_council_meetings_r1874	is_founder()	is_founder()
ALL	PERMISSIVE	p_fia_r1726_founder	authenticated	founder_inspiration_applications_r1726	is_founder()	is_founder()
ALL	PERMISSIVE	p_fi_r1726_founder	authenticated	founder_inspirations_r1726	is_founder()	is_founder()
ALL	PERMISSIVE	founder_all_vlog_reactions_r1866	authenticated	founder_internal_vlog_reactions_r1866	is_founder()	is_founder()
ALL	PERMISSIVE	founder_all_vlogs_r1866	authenticated	founder_internal_vlogs_r1866	is_founder()	is_founder()
ALL	PERMISSIVE	p_intl_countries_founder_all	public	founder_international_countries	is_founder()	is_founder()
ALL	PERMISSIVE	p_intl_currencies_founder_all	public	founder_international_currencies	is_founder()	is_founder()
ALL	PERMISSIVE	p_intl_milestones_founder_all	public	founder_international_milestones	is_founder()	is_founder()
ALL	PERMISSIVE	founder_only_ladder	authenticated	founder_investor_action_ladder	is_founder()	is_founder()
ALL	PERMISSIVE	fia_followons_founder_all	authenticated	founder_investor_alloc_followons	is_founder()	is_founder()
ALL	PERMISSIVE	fias_founder_all	authenticated	founder_investor_alloc_scenarios	is_founder()	is_founder()
ALL	PERMISSIVE	fial_founder_only	authenticated	founder_investor_allocations_final	is_founder()	is_founder()
ALL	PERMISSIVE	founder_all_backchannel_notes_r2086	authenticated	founder_investor_backchannel_notes_r2086	is_founder()	is_founder()
ALL	PERMISSIVE	fibo_founder_only	authenticated	founder_investor_buyback_offers	is_founder()	is_founder()
ALL	PERMISSIVE	fibr_founder_only	authenticated	founder_investor_buyback_rounds	is_founder()	is_founder()
ALL	PERMISSIVE	founder_only_cap_rounds	authenticated	founder_investor_cap_rounds	is_founder()	is_founder()
ALL	PERMISSIVE	p_co_invest_entries_founder	public	founder_investor_co_invest_entries	is_founder()	is_founder()
ALL	PERMISSIVE	p_co_invest_thanks_founder	public	founder_investor_co_invest_thanks	is_founder()	is_founder()
ALL	PERMISSIVE	p_fic_notes_founder	authenticated	founder_investor_coffee_conversation_notes	is_founder()	is_founder()
ALL	PERMISSIVE	p_fic_meetings_founder	authenticated	founder_investor_coffee_meetings	is_founder()	is_founder()
ALL	PERMISSIVE	dr_grants_no_direct	public	founder_investor_data_room_access_grants	false	
ALL	PERMISSIVE	dr_log_no_direct	public	founder_investor_data_room_access_log	false	
ALL	PERMISSIVE	dr_docs_no_direct	public	founder_investor_data_room_documents	false	
ALL	PERMISSIVE	dr_folders_no_direct	public	founder_investor_data_room_folders	false	
ALL	PERMISSIVE	p_founder_all_seq_r2062	authenticated	founder_investor_drip_sequencer_r2062	is_founder()	is_founder()
ALL	PERMISSIVE	p_invemail_camp_founder	authenticated	founder_investor_email_campaigns	is_founder()	is_founder()
ALL	PERMISSIVE	p_invemail_sends_founder	authenticated	founder_investor_email_sends	is_founder()	is_founder()
ALL	PERMISSIVE	founder only icp profiles v2	authenticated	founder_investor_icp_profiles_v2	is_founder()	is_founder()
ALL	PERMISSIVE	founder only icp scores v2	authenticated	founder_investor_icp_scores_v2	is_founder()	is_founder()
ALL	PERMISSIVE	founder_only_fiii_all	authenticated	founder_investor_inbound_interest	is_founder()	is_founder()
SELECT	PERMISSIVE	founder_only_fiii_select	authenticated	founder_investor_inbound_interest	is_founder()	
ALL	PERMISSIVE	founder_only_investor_sources_all	authenticated	founder_investor_inbound_sources	is_founder()	is_founder()
SELECT	PERMISSIVE	founder_only_investor_sources_select	authenticated	founder_investor_inbound_sources	is_founder()	
ALL	PERMISSIVE	founder_only_investor_interactions	authenticated	founder_investor_interactions	is_founder()	is_founder()
ALL	PERMISSIVE	p_fii_v2_founder	authenticated	founder_investor_interactions_v2	is_founder()	is_founder()
ALL	PERMISSIVE	founder_investor_meetings_no_direct	public	founder_investor_meetings	false	
ALL	PERMISSIVE	founder_only_mega_reg	authenticated	founder_investor_mega_registry	is_founder()	is_founder()
ALL	PERMISSIVE	founder_only_finae_v4	authenticated	founder_investor_nda_access_events_v4	is_founder()	is_founder()
ALL	PERMISSIVE	founder_only_finr_v4	authenticated	founder_investor_nda_records_v4	is_founder()	is_founder()
ALL	PERMISSIVE	fipe_founder_only	authenticated	founder_investor_pipeline_entries	is_founder()	is_founder()
ALL	PERMISSIVE	finv_pitch_usage_founder_only	authenticated	founder_investor_pitch_usage	is_founder()	is_founder()
ALL	PERMISSIVE	fipeai_founder_only	authenticated	founder_investor_portfolio_event_agenda_items	is_founder()	is_founder()
ALL	PERMISSIVE	fipe_founder_only	authenticated	founder_investor_portfolio_events	is_founder()	is_founder()
ALL	PERMISSIVE	finv_winners_founder_only	authenticated	founder_investor_portfolio_winners	is_founder()	is_founder()
ALL	PERMISSIVE	fip_founder_only	authenticated	founder_investor_prospects	is_founder()	is_founder()
ALL	PERMISSIVE	fir_founder_only	authenticated	founder_investor_references	is_founder()	is_founder()
ALL	PERMISSIVE	p_health_founder_r2094	authenticated	founder_investor_relationship_health_r2094	is_founder()	is_founder()
ALL	PERMISSIVE	fire_founder_only	authenticated	founder_investor_reserve_events	is_founder()	is_founder()
ALL	PERMISSIVE	firf_founder_only	authenticated	founder_investor_reserve_fund	is_founder()	is_founder()
ALL	PERMISSIVE	founder_only_safes	authenticated	founder_investor_safes	is_founder()	is_founder()
ALL	PERMISSIVE	founder_only_isv	authenticated	founder_investor_signed_vault	is_founder()	is_founder()
ALL	PERMISSIVE	founder_only_isve	authenticated	founder_investor_signed_vault_events	is_founder()	is_founder()
ALL	PERMISSIVE	founder_only_isce	authenticated	founder_investor_soft_commit_events	is_founder()	is_founder()
ALL	PERMISSIVE	founder_only_isc	authenticated	founder_investor_soft_commits	is_founder()	is_founder()
ALL	PERMISSIVE	founder_investor_targets_no_direct	public	founder_investor_targets	false	
ALL	PERMISSIVE	founder_only_tear_sheets	authenticated	founder_investor_tear_sheets	is_founder()	is_founder()
ALL	PERMISSIVE	fits_founder_only	authenticated	founder_investor_triage_sessions	is_founder()	is_founder()
ALL	PERMISSIVE	warm_campaigns_founder_only	authenticated	founder_investor_warm_campaigns	is_founder()	is_founder()
ALL	PERMISSIVE	warm_touchpoints_founder_only	authenticated	founder_investor_warm_touchpoints	is_founder()	is_founder()
ALL	PERMISSIVE	p_fiwc_v2_founder	authenticated	founder_investor_weekly_clearance_v2	is_founder()	is_founder()
ALL	PERMISSIVE	founder_wire_ack_events_founder_only	authenticated	founder_investor_wire_ack_events	is_founder()	is_founder()
ALL	PERMISSIVE	founder_wire_receipts_founder_only	authenticated	founder_investor_wire_receipts	is_founder()	is_founder()
ALL	PERMISSIVE	founder_all	authenticated	founder_key_customer_relations_r2581	is_founder()	is_founder()
ALL	PERMISSIVE	founder_all	authenticated	founder_key_hire_pipeline_r2601	is_founder()	is_founder()
ALL	PERMISSIVE	founder_all	authenticated	founder_key_hire_pipeline_r2733	is_founder()	is_founder()
ALL	PERMISSIVE	founder_all	authenticated	founder_key_hire_stage_events_r2733	is_founder()	is_founder()
ALL	PERMISSIVE	fkb_views_r1742_founder_all	authenticated	founder_knowledge_article_views_r1742	is_founder()	is_founder()
ALL	PERMISSIVE	fkb_art_r1742_founder_all	authenticated	founder_knowledge_articles_r1742	is_founder()	is_founder()
ALL	PERMISSIVE	founder_all	authenticated	founder_launches_r2437	is_founder()	is_founder()
ALL	PERMISSIVE	founder_all	authenticated	founder_leadership_adjustments_r2849	is_founder()	is_founder()
ALL	PERMISSIVE	founder_all	authenticated	founder_leadership_clones_r2617	is_founder()	is_founder()
ALL	PERMISSIVE	founder_all	authenticated	founder_leadership_feedback_entries_r2849	is_founder()	is_founder()
ALL	PERMISSIVE	lesson_ref_log_founder_all	authenticated	founder_lesson_reference_log_r2010	is_founder()	is_founder()
ALL	PERMISSIVE	lessons_library_founder_all	authenticated	founder_lessons_library_r2010	is_founder()	is_founder()
ALL	PERMISSIVE	founder_ma_activity_no_direct	public	founder_ma_activity_log	false	
ALL	PERMISSIVE	founder_ma_targets_no_direct	public	founder_ma_targets	false	
ALL	PERMISSIVE	fmi_actions_founder_only	authenticated	founder_market_intel_actions	is_founder()	is_founder()
ALL	PERMISSIVE	fmi_items_founder_only	authenticated	founder_market_intel_items	is_founder()	is_founder()
ALL	PERMISSIVE	founder_only_mkt_engagement	authenticated	founder_marketing_content_engagement_metrics	is_founder()	is_founder()
ALL	PERMISSIVE	founder_only_mkt_content_pieces	authenticated	founder_marketing_content_pieces	is_founder()	is_founder()
ALL	PERMISSIVE	p_mkt_runs_founder	public	founder_marketing_lead_sequence_runs	is_founder()	is_founder()
ALL	PERMISSIVE	p_mkt_leads_founder	public	founder_marketing_leads	is_founder()	is_founder()
ALL	PERMISSIVE	p_mkt_seq_founder	public	founder_marketing_nurturing_sequences	is_founder()	is_founder()
ALL	PERMISSIVE	founder_only_memo_lib_r1878	authenticated	founder_memo_library_r1878	is_founder()	is_founder()
ALL	PERMISSIVE	founder_only_memo_reviews_r1878	authenticated	founder_memo_reviews_r1878	is_founder()	is_founder()
SELECT	PERMISSIVE	p_select_founder_2921a	authenticated	founder_mental_health_checkins_r2921	is_founder()	
ALL	PERMISSIVE	founder_all	authenticated	founder_mental_models_r2489	is_founder()	is_founder()
ALL	PERMISSIVE	fmal_founder_only	authenticated	founder_mentor_apprentice_links	is_founder()	is_founder()
ALL	PERMISSIVE	fmes_founder_only	authenticated	founder_mentor_effectiveness_snapshots	is_founder()	is_founder()
ALL	PERMISSIVE	fmm_r1718_founder_all	authenticated	founder_mentor_meetings_r1718	is_founder()	is_founder()
ALL	PERMISSIVE	fmr_r1718_founder_all	authenticated	founder_mentor_roster_r1718	is_founder()	is_founder()
ALL	PERMISSIVE	founder_all	authenticated	founder_mentor_roster_r2701	is_founder()	is_founder()
ALL	PERMISSIVE	founder_all_sessions_r2313	authenticated	founder_mentor_sessions_r2313	is_founder()	is_founder()
ALL	PERMISSIVE	founder_all	authenticated	founder_mentor_sessions_r2701	is_founder()	is_founder()
ALL	PERMISSIVE	founder_all_mentors_r2313	authenticated	founder_mentors_r2313	is_founder()	is_founder()
ALL	PERMISSIVE	p_milestone_memos_r1826_founder	authenticated	founder_milestone_memos_r1826	is_founder()	is_founder()
ALL	PERMISSIVE	founder_all	authenticated	founder_milestone_patterns_r2305	is_founder()	is_founder()
ALL	PERMISSIVE	founder_all	authenticated	founder_milestone_retros_r2305	is_founder()	is_founder()
ALL	PERMISSIVE	p_milestone_witnesses_r1826_founder	authenticated	founder_milestone_witnesses_r1826	is_founder()	is_founder()
ALL	PERMISSIVE	fmmn_r1690_founder_all	authenticated	founder_mind_map_nodes_r1690	is_founder()	is_founder()
ALL	PERMISSIVE	fmm_r1690_founder_all	authenticated	founder_mind_maps_r1690	is_founder()	is_founder()
ALL	PERMISSIVE	founder_only_projects_r2166	authenticated	founder_mission_critical_projects_r2166	is_founder()	is_founder()
ALL	PERMISSIVE	founder_all_outcomes_r2082	authenticated	founder_mode_outcome_log_r2082	is_founder()	is_founder()
ALL	PERMISSIVE	founder_all_switches_r2082	authenticated	founder_mode_switch_tracker_r2082	is_founder()	is_founder()
ALL	PERMISSIVE	founder_all	authenticated	founder_monthly_financial_decisions_r2597	is_founder()	is_founder()
ALL	PERMISSIVE	founder_all	authenticated	founder_monthly_ir_mix_r2569	is_founder()	is_founder()
ALL	PERMISSIVE	founder_all	authenticated	founder_monthly_leadership_self_r2589	is_founder()	is_founder()
ALL	PERMISSIVE	founder_monthly_narratives_no_direct	public	founder_monthly_narratives	false	
ALL	PERMISSIVE	founder_all	authenticated	founder_monthly_restoration_r2477	is_founder()	is_founder()
ALL	PERMISSIVE	founder_all	authenticated	founder_monthly_spending_r2585	is_founder()	is_founder()
SELECT	PERMISSIVE	founder_morning_digest_log_founder_select	public	founder_morning_digest_log	is_founder()	
ALL	PERMISSIVE	p_treasury_positions_founder_all	public	founder_multi_currency_treasury_positions	is_founder()	is_founder()
ALL	PERMISSIVE	founder_all_neg_action_r2182	authenticated	founder_negotiation_action_log_r2182	is_founder()	is_founder()
ALL	PERMISSIVE	founder_all_neg_tracker_r2182	authenticated	founder_negotiation_outcome_tracker_r2182	is_founder()	is_founder()
ALL	PERMISSIVE	founder_all_fnc_r2353	authenticated	founder_network_contacts_r2353	is_founder()	is_founder()
ALL	PERMISSIVE	founder_all	authenticated	founder_network_effect_r2661	is_founder()	is_founder()
ALL	PERMISSIVE	founder_all_fni_r2353	authenticated	founder_network_interactions_r2353	is_founder()	is_founder()
ALL	PERMISSIVE	fnem_r1870_founder_all	authenticated	founder_networking_event_meets_r1870	is_founder()	is_founder()
ALL	PERMISSIVE	fne_r1870_founder_all	authenticated	founder_networking_events_r1870	is_founder()	is_founder()
ALL	PERMISSIVE	founder_all_nwil_r1962	authenticated	founder_networking_interaction_log_r1962	is_founder()	is_founder()
ALL	PERMISSIVE	founder_all_nwt_r1962	authenticated	founder_networking_tracker_r1962	is_founder()	is_founder()
ALL	PERMISSIVE	fnd_r1950_founder_all	authenticated	founder_newsletter_drafts_r1950	is_founder()	is_founder()
ALL	PERMISSIVE	fnel_r1950_founder_all	authenticated	founder_newsletter_engagement_log_r1950	is_founder()	is_founder()
ALL	PERMISSIVE	founder_all_commitments	authenticated	founder_next_240_commitments_r2265	is_founder()	is_founder()
ALL	PERMISSIVE	founder_all	authenticated	founder_next_270_directions_r2385	is_founder()	is_founder()
ALL	PERMISSIVE	founder_all	authenticated	founder_no_shows_r2465	is_founder()	is_founder()
SELECT	PERMISSIVE	nps_auto_runner_jobs_founder_select	authenticated	founder_nps_auto_runner_jobs	is_founder()	
ALL	PERMISSIVE	fnpsf_v2_founder_all	authenticated	founder_nps_feed_v2	is_founder()	is_founder()
SELECT	PERMISSIVE	founder_only_select_nps_responses	public	founder_nps_responses	is_founder()	
SELECT	PERMISSIVE	founder_only_select_nps_surveys	public	founder_nps_surveys	is_founder()	
ALL	PERMISSIVE	fnps_triage_v2_founder_all	authenticated	founder_nps_triage_log_v2	is_founder()	is_founder()
ALL	PERMISSIVE	founder_all_action_log_r2150	authenticated	founder_off_hours_action_log_r2150	is_founder()	is_founder()
ALL	PERMISSIVE	founder_all_engagement_r2150	authenticated	founder_off_hours_engagement_r2150	is_founder()	is_founder()
ALL	PERMISSIVE	founder_all_feedback_r1766	authenticated	founder_office_hours_attendee_feedback_r1766	is_founder()	is_founder()
ALL	PERMISSIVE	founder_all_slots_r1766	authenticated	founder_office_hours_slots_r1766	is_founder()	is_founder()
ALL	PERMISSIVE	founder_okr_chk_no_direct	public	founder_okr_check_ins	false	
ALL	PERMISSIVE	okr_eoq_grades_founder_only	authenticated	founder_okr_eoq_grades	is_founder()	is_founder()
ALL	PERMISSIVE	okr_eoq_retros_founder_only	authenticated	founder_okr_eoq_retros	is_founder()	is_founder()
ALL	PERMISSIVE	founder_all_okr_findings_r2345	authenticated	founder_okr_integrity_findings_r2345	is_founder()	is_founder()
ALL	PERMISSIVE	founder_okr_kr_no_direct	public	founder_okr_key_results	false	
ALL	PERMISSIVE	founder_okr_kr_v3_founder_only	authenticated	founder_okr_key_results_v3	is_founder()	is_founder()
ALL	PERMISSIVE	founder_all	authenticated	founder_okr_lessons_r2237	is_founder()	is_founder()
ALL	PERMISSIVE	founder_okr_obj_no_direct	public	founder_okr_objectives	false	
ALL	PERMISSIVE	founder_all	authenticated	founder_okr_objectives_r2237	is_founder()	is_founder()
ALL	PERMISSIVE	founder_okr_obj_v3_founder_only	authenticated	founder_okr_objectives_v3	is_founder()	is_founder()
ALL	PERMISSIVE	okr_progress_r1914_founder_all	authenticated	founder_okr_progress_log_r1914	is_founder()	is_founder()
ALL	PERMISSIVE	founder_all_okrs_r2345	authenticated	founder_okrs_r2345	is_founder()	is_founder()
ALL	PERMISSIVE	founder_all_fob_r2304	authenticated	founder_onboarding_blockers_r2304	is_founder()	is_founder()
ALL	PERMISSIVE	founder_onboarding_items_founder_only	authenticated	founder_onboarding_checklist_items	is_founder()	is_founder()
ALL	PERMISSIVE	founder_onboarding_hires_founder_only	authenticated	founder_onboarding_hires	is_founder()	is_founder()
ALL	PERMISSIVE	founder_all_foj_r2304	authenticated	founder_onboarding_journeys_r2304	is_founder()	is_founder()
ALL	PERMISSIVE	founder_all_walk_r1790	authenticated	founder_onboarding_walkthroughs_r1790	is_founder()	is_founder()
ALL	PERMISSIVE	founder_all	authenticated	founder_one_on_one_action_items_r2221	is_founder()	is_founder()
ALL	PERMISSIVE	founder_all	authenticated	founder_one_on_one_sessions_r2221	is_founder()	is_founder()
ALL	PERMISSIVE	founder_all	authenticated	founder_one_on_ones_r2417	is_founder()	is_founder()
ALL	PERMISSIVE	founder_all_cadences_r1934	authenticated	founder_operating_cadences_r1934	is_founder()	is_founder()
ALL	PERMISSIVE	founder_only_action_queue	authenticated	founder_ops_action_queue	is_founder()	is_founder()
ALL	PERMISSIVE	founder_only_scorecard_snapshots	authenticated	founder_ops_scorecard_snapshots	is_founder()	is_founder()
ALL	PERMISSIVE	founder_all_actions_r2106	authenticated	founder_outbound_action_log_r2106	is_founder()	is_founder()
ALL	PERMISSIVE	founder_all_attempts_r1758	authenticated	founder_outbound_intro_attempts_r1758	is_founder()	is_founder()
ALL	PERMISSIVE	founder_all_targets_r1758	authenticated	founder_outbound_investor_targets_r1758	is_founder()	is_founder()
ALL	PERMISSIVE	founder_all_targets_r2106	authenticated	founder_outbound_investor_targets_r2106	is_founder()	is_founder()
ALL	PERMISSIVE	founder_all_outreach_events_r2393	authenticated	founder_outreach_events_r2393	is_founder()	is_founder()
ALL	PERMISSIVE	founder_all_outreach_targets_r2393	authenticated	founder_outreach_weekly_targets_r2393	is_founder()	is_founder()
ALL	PERMISSIVE	founder_all	authenticated	founder_outside_conversations_r2377	is_founder()	is_founder()
ALL	PERMISSIVE	founder_all	authenticated	founder_outside_weekly_targets_r2377	is_founder()	is_founder()
ALL	PERMISSIVE	founder_only_ot_bonus	authenticated	founder_overtime_bonus_prompts	is_founder()	is_founder()
ALL	PERMISSIVE	founder_partnership_activities_founder_only	authenticated	founder_partnership_activities	is_founder()	is_founder()
ALL	PERMISSIVE	fph_scores_founder_only	authenticated	founder_partnership_health_scores	is_founder()	is_founder()
ALL	PERMISSIVE	fph_touchpoints_founder_only	authenticated	founder_partnership_health_touchpoints	is_founder()	is_founder()
ALL	PERMISSIVE	founder_all	authenticated	founder_partnership_milestones_r2789	is_founder()	is_founder()
ALL	PERMISSIVE	founder_partnership_v2_events_no_direct	authenticated	founder_partnership_v2_events	false	false
ALL	PERMISSIVE	founder_partnerships_founder_only	authenticated	founder_partnerships	is_founder()	is_founder()
ALL	PERMISSIVE	founder_partnerships_no_direct	authenticated	founder_partnerships_v2	false	false
ALL	PERMISSIVE	pay_band_raise_grants_founder_only	authenticated	founder_pay_band_raise_grants	is_founder()	is_founder()
ALL	PERMISSIVE	pay_band_reviews_founder_only	authenticated	founder_pay_band_reviews	is_founder()	is_founder()
ALL	PERMISSIVE	founder_all	authenticated	founder_pay_yourself_r2665	is_founder()	is_founder()
ALL	PERMISSIVE	pv2_sched_founder_all	authenticated	founder_payroll_v2_schedules	is_founder()	is_founder()
ALL	PERMISSIVE	founder_peer_companies_founder_all	authenticated	founder_peer_companies	is_founder()	is_founder()
ALL	PERMISSIVE	founder_peer_metric_snapshots_founder_all	authenticated	founder_peer_metric_snapshots	is_founder()	is_founder()
ALL	PERMISSIVE	founder_all	authenticated	founder_people_decision_events_r2373	is_founder()	is_founder()
ALL	PERMISSIVE	founder_all	authenticated	founder_people_decisions_r2373	is_founder()	is_founder()
ALL	PERMISSIVE	evolution_r1886_founder_all	authenticated	founder_persona_evolution_log_r1886	is_founder()	is_founder()
ALL	PERMISSIVE	founder_all_notes_r2070	authenticated	founder_personal_coaching_notes_r2070	is_founder()	is_founder()
ALL	PERMISSIVE	founder_all	authenticated	founder_personal_contacts_r2525	is_founder()	is_founder()
ALL	PERMISSIVE	founder_only_fpc_r2114	authenticated	founder_personal_crm_r2114	is_founder()	is_founder()
ALL	PERMISSIVE	founder_all_decisions_r1922	authenticated	founder_personal_decisions_r1922	is_founder()	is_founder()
ALL	PERMISSIVE	founder_all	authenticated	founder_personal_dev_r2625	is_founder()	is_founder()
ALL	PERMISSIVE	founder_all_health_r2038	authenticated	founder_personal_health_tracker_r2038	is_founder()	is_founder()
ALL	PERMISSIVE	founder_all	authenticated	founder_personal_okrs_r2505	is_founder()	is_founder()
ALL	PERMISSIVE	founder_only_r1798_b	authenticated	founder_personal_roadmap_actions_r1798	is_founder()	is_founder()
ALL	PERMISSIVE	founder_only_r1798_a	authenticated	founder_personal_roadmap_r1798	is_founder()	is_founder()
ALL	PERMISSIVE	fpsa_r1686_founder_all	authenticated	founder_personal_stress_actions_r1686	is_founder()	is_founder()
ALL	PERMISSIVE	fpsl_r1686_founder_all	authenticated	founder_personal_stress_log_r1686	is_founder()	is_founder()
ALL	PERMISSIVE	founder_only_pipeline	authenticated	founder_pipeline_entries	is_founder()	is_founder()
ALL	PERMISSIVE	founder_only_pds	authenticated	founder_pitch_deck_shares	is_founder()	is_founder()
ALL	PERMISSIVE	founder_only_pdv	authenticated	founder_pitch_deck_versions	is_founder()	is_founder()
ALL	PERMISSIVE	founder_all_cycle_r2054	authenticated	founder_pitch_refinement_cycle_r2054	is_founder()	is_founder()
ALL	PERMISSIVE	founder_all_signal_r2054	authenticated	founder_pitch_signal_log_r2054	is_founder()	is_founder()
ALL	PERMISSIVE	p_fpttu_founder	authenticated	founder_pitch_talk_track_usage	is_founder()	is_founder()
ALL	PERMISSIVE	p_fptt_founder	authenticated	founder_pitch_talk_tracks	is_founder()	is_founder()
ALL	PERMISSIVE	fpar_founder_all	authenticated	founder_podcast_appearance_roi	is_founder()	is_founder()
ALL	PERMISSIVE	founder_only_podcast_appearances	authenticated	founder_podcast_appearances	is_founder()	is_founder()
ALL	PERMISSIVE	founder_only_podcast_leads	authenticated	founder_podcast_followup_leads	is_founder()	is_founder()
ALL	PERMISSIVE	fpt_founder_all	authenticated	founder_podcast_targets	is_founder()	is_founder()
ALL	PERMISSIVE	founder_all_pr_action_r2110	authenticated	founder_pr_action_log_r2110	is_founder()	is_founder()
ALL	PERMISSIVE	founder_all_pr_act_r2110	authenticated	founder_pr_activity_log_r2110	is_founder()	is_founder()
ALL	PERMISSIVE	founder_all_action_r2030	authenticated	founder_pr_crisis_action_log_r2030	is_founder()	is_founder()
ALL	PERMISSIVE	founder_all_crisis_r2030	authenticated	founder_pr_crisis_playbook_r2030	is_founder()	is_founder()
ALL	PERMISSIVE	press_commit_founder_all	authenticated	founder_press_commitments	is_founder()	is_founder()
ALL	PERMISSIVE	fpka_founder_only	authenticated	founder_press_kit_assets	is_founder()	is_founder()
ALL	PERMISSIVE	fpkd_founder_only	authenticated	founder_press_kit_downloads	is_founder()	is_founder()
ALL	PERMISSIVE	press_mentions_founder_all	authenticated	founder_press_mentions	is_founder()	is_founder()
ALL	PERMISSIVE	founder_only_press_mentions_r1902	authenticated	founder_press_mentions_r1902	is_founder()	is_founder()
ALL	PERMISSIVE	founder_all	authenticated	founder_press_mentions_r2257	is_founder()	is_founder()
ALL	PERMISSIVE	founder_only_press_outreach_r1902	authenticated	founder_press_outreach_log_r1902	is_founder()	is_founder()
ALL	PERMISSIVE	fpo_r1770_founder	authenticated	founder_press_outreach_r1770	is_founder()	is_founder()
ALL	PERMISSIVE	fppt_r1770_founder	authenticated	founder_press_pitch_topics_r1770	is_founder()	is_founder()
ALL	PERMISSIVE	founder_all	authenticated	founder_press_response_actions_r2257	is_founder()	is_founder()
ALL	PERMISSIVE	founder_only_fpee	public	founder_pricing_experiment_exposures	is_founder()	is_founder()
ALL	PERMISSIVE	founder_only_fpe	public	founder_pricing_experiments	is_founder()	is_founder()
ALL	PERMISSIVE	founder_all_actions_r2022	authenticated	founder_priority_action_log_r2022	is_founder()	is_founder()
ALL	PERMISSIVE	founder_priority_actions_no_direct	public	founder_priority_actions	false	
ALL	PERMISSIVE	founder_all	authenticated	founder_priority_grid_r2565	is_founder()	is_founder()
ALL	PERMISSIVE	founder_all_r2381_o	authenticated	founder_priority_outcomes_r2381	is_founder()	is_founder()
ALL	PERMISSIVE	founder_all	public	founder_priority_shift_impact_r2261	is_founder()	is_founder()
ALL	PERMISSIVE	founder_only_actions_r2166	authenticated	founder_project_action_log_r2166	is_founder()	is_founder()
ALL	PERMISSIVE	founder_all_roadmap_r1750	authenticated	founder_public_roadmap_r1750	is_founder()	is_founder()
ALL	PERMISSIVE	founder_speaking_calendar_r2050_all	authenticated	founder_public_speaking_calendar_r2050	is_founder()	is_founder()
ALL	PERMISSIVE	founder_all_signal_r2138	authenticated	founder_pulse_signal_log_r2138	is_founder()	is_founder()
ALL	PERMISSIVE	founder_all	authenticated	founder_quarterly_content_plans_r2553	is_founder()	is_founder()
ALL	PERMISSIVE	founder_all	authenticated	founder_quarterly_investor_correspondence_r2517	is_founder()	is_founder()
ALL	PERMISSIVE	founder_all	authenticated	founder_quarterly_narratives_r2541	is_founder()	is_founder()
ALL	PERMISSIVE	p_r1662_items_founder_all	authenticated	founder_quarterly_okr_retro_items_r1662	is_founder()	is_founder()
ALL	PERMISSIVE	p_r1662_retros_founder_all	authenticated	founder_quarterly_okr_retros_r1662	is_founder()	is_founder()
ALL	PERMISSIVE	okrs_r1914_founder_all	authenticated	founder_quarterly_okrs_r1914	is_founder()	is_founder()
ALL	PERMISSIVE	founder_all	authenticated	founder_quarterly_okrs_r2457	is_founder()	is_founder()
ALL	PERMISSIVE	founder_all	authenticated	founder_quarterly_product_strategy_r2561	is_founder()	is_founder()
ALL	PERMISSIVE	founder_all	authenticated	founder_quarterly_reflections_r2821	is_founder()	is_founder()
ALL	PERMISSIVE	founder_all_r1998_review	authenticated	founder_quarterly_self_review_r1998	is_founder()	is_founder()
ALL	PERMISSIVE	founder_all	authenticated	founder_quarterly_spend_revenue_r2573	is_founder()	is_founder()
ALL	PERMISSIVE	founder_all	authenticated	founder_quarterly_strategic_content_pieces_r2825	is_founder()	is_founder()
ALL	PERMISSIVE	founder_all	authenticated	founder_quarterly_strategic_content_repurposes_r2825	is_founder()	is_founder()
ALL	PERMISSIVE	r2078_halls_founder	authenticated	founder_quarterly_town_hall_r2078	is_founder()	is_founder()
ALL	PERMISSIVE	founder_all	authenticated	founder_quote_diary_actions_r2337	is_founder()	is_founder()
ALL	PERMISSIVE	founder_all	authenticated	founder_quote_diary_entries_r2337	is_founder()	is_founder()
ALL	PERMISSIVE	reading_action_founder_r2074	authenticated	founder_reading_action_log_r2074	is_founder()	is_founder()
ALL	PERMISSIVE	p_founder_all_reading_src_r1830	public	founder_reading_source_breakdown_r1830	is_founder()	is_founder()
ALL	PERMISSIVE	fril_r1778_founder_all	authenticated	founder_reference_invocation_log_r1778	is_founder()	is_founder()
ALL	PERMISSIVE	founder_all_r2154_actions	authenticated	founder_reflection_action_log_r2154	is_founder()	is_founder()
ALL	PERMISSIVE	founder_all	authenticated	founder_reflection_follow_ups_r2821	is_founder()	is_founder()
ALL	PERMISSIVE	founder_all_r2154_periods	authenticated	founder_reflection_frequency_tracker_r2154	is_founder()	is_founder()
ALL	PERMISSIVE	threads_founder_all_r1910	authenticated	founder_reflection_threads_r1910	is_founder()	is_founder()
ALL	PERMISSIVE	p_action_founder_r2094	authenticated	founder_relationship_action_log_r2094	is_founder()	is_founder()
ALL	PERMISSIVE	founder_all	authenticated	founder_restoration_intentions_r2477	is_founder()	is_founder()
ALL	PERMISSIVE	founder_all_action_r2170	authenticated	founder_reversal_action_log_r2170	is_founder()	is_founder()
ALL	PERMISSIVE	founder_all_mitlog_r1926	authenticated	founder_risk_mitigation_log_r1926	is_founder()	is_founder()
ALL	PERMISSIVE	founder_all_register_r1926	authenticated	founder_risk_register_r1926	is_founder()	is_founder()
ALL	PERMISSIVE	founder_all_roadmap_votes_r1750	authenticated	founder_roadmap_subscriber_votes_r1750	is_founder()	is_founder()
ALL	PERMISSIVE	p_founder_only	authenticated	founder_role_comp_benchmarks	is_founder()	is_founder()
ALL	PERMISSIVE	founder_runway_scenarios_no_direct	public	founder_runway_forecast_scenarios	false	
ALL	PERMISSIVE	p_frenr_v4_founder_all	authenticated	founder_rural_engineer_enrollments_v4	is_founder()	is_founder()
ALL	PERMISSIVE	p_frt_v4_founder_all	authenticated	founder_rural_trips_v4	is_founder()	is_founder()
ALL	PERMISSIVE	founder_only_save_action_eff	authenticated	founder_save_action_effectiveness	is_founder()	is_founder()
ALL	PERMISSIVE	founder_only_save_rate_monthly	authenticated	founder_save_rate_monthly	is_founder()	is_founder()
ALL	PERMISSIVE	founder_all	authenticated	founder_self_reflections_r2577	is_founder()	is_founder()
ALL	PERMISSIVE	founder_all_r1998_actions	authenticated	founder_self_review_action_log_r1998	is_founder()	is_founder()
ALL	PERMISSIVE	p_fspm_r1702_founder	authenticated	founder_side_project_milestones_r1702	is_founder()	is_founder()
ALL	PERMISSIVE	p_fsp_r1702_founder	authenticated	founder_side_projects_r1702	is_founder()	is_founder()
SELECT	PERMISSIVE	fsc_founder_select	authenticated	founder_skill_coverage	is_founder()	
ALL	PERMISSIVE	fsc_snapshots_v2_founder_only	authenticated	founder_skill_coverage_snapshots_v2	is_founder()	is_founder()
ALL	PERMISSIVE	founder_only_skill_gap_categories	authenticated	founder_skill_gap_categories	is_founder()	is_founder()
ALL	PERMISSIVE	founder_only_skill_gap_queue	authenticated	founder_skill_gap_queue	is_founder()	is_founder()
ALL	PERMISSIVE	founder_all	authenticated	founder_sleep_energy_log_r2341	is_founder()	is_founder()
ALL	PERMISSIVE	founder_all	authenticated	founder_sleep_interventions_r2341	is_founder()	is_founder()
ALL	PERMISSIVE	founder_all_engagements_r1946	authenticated	founder_speaker_engagements_r1946	is_founder()	is_founder()
ALL	PERMISSIVE	founder_all_followups_r1946	authenticated	founder_speaker_followup_log_r1946	is_founder()	is_founder()
ALL	PERMISSIVE	founder_all	authenticated	founder_speaking_engagements_r2621	is_founder()	is_founder()
ALL	PERMISSIVE	founder_all_events_r1694	authenticated	founder_speaking_events_r1694	is_founder()	is_founder()
ALL	PERMISSIVE	founder_all_leads_r1694	authenticated	founder_speaking_leads_r1694	is_founder()	is_founder()
ALL	PERMISSIVE	founder_all_fspf_r1838	authenticated	founder_speaking_practice_feedback_r1838	is_founder()	is_founder()
ALL	PERMISSIVE	founder_all_fsp_r1838	authenticated	founder_speaking_practice_r1838	is_founder()	is_founder()
ALL	PERMISSIVE	founder_speaking_prep_log_r2050_all	authenticated	founder_speaking_prep_log_r2050	is_founder()	is_founder()
ALL	PERMISSIVE	founder_all_engagement_r1706	authenticated	founder_spotlight_engagement_log_r1706	is_founder()	is_founder()
SELECT	PERMISSIVE	boundaries_founder_read	public	founder_spouse_family_boundaries_r2997	is_founder()	
SELECT	PERMISSIVE	checkins_founder_read	public	founder_spouse_wellness_checkins_r2997	is_founder()	
ALL	PERMISSIVE	retro_actions_r1806_founder	authenticated	founder_sprint_retro_actions_r1806	is_founder()	is_founder()
ALL	PERMISSIVE	retros_r1806_founder	authenticated	founder_sprint_retros_r1806	is_founder()	is_founder()
ALL	PERMISSIVE	founder_all_action_r2046	authenticated	founder_stakeholder_action_log_r2046	is_founder()	is_founder()
ALL	PERMISSIVE	founder_all_matrix_r2046	authenticated	founder_stakeholder_influence_matrix_r2046	is_founder()	is_founder()
ALL	PERMISSIVE	r1666_blockers_founder_all	authenticated	founder_standup_blocker_actions_r1666	is_founder()	is_founder()
ALL	PERMISSIVE	r1666_entries_founder_all	authenticated	founder_standup_entries_r1666	is_founder()	is_founder()
ALL	PERMISSIVE	founder_all_fsol_r1982	authenticated	founder_standup_outcome_log_r1982	is_founder()	is_founder()
ALL	PERMISSIVE	founder_all_refresh_r2328	authenticated	founder_story_refresh_log_r2328	is_founder()	is_founder()
ALL	PERMISSIVE	fsbca_r2369_founder_all	authenticated	founder_strategic_bet_capital_allocation_r2369	is_founder()	is_founder()
ALL	PERMISSIVE	fsbce_r2369_founder_all	authenticated	founder_strategic_bet_capital_events_r2369	is_founder()	is_founder()
ALL	PERMISSIVE	fsbm_founder_only	authenticated	founder_strategic_bet_milestones	is_founder()	is_founder()
ALL	PERMISSIVE	founder_all_fsbet_ms_r2349	authenticated	founder_strategic_bet_milestones_r2349	is_founder()	is_founder()
ALL	PERMISSIVE	founder_all_bets_r2186	authenticated	founder_strategic_bet_outcome_tracker_r2186	is_founder()	is_founder()
ALL	PERMISSIVE	founder_all	authenticated	founder_strategic_bet_postmortems_r2841	is_founder()	is_founder()
ALL	PERMISSIVE	fsb_founder_only	authenticated	founder_strategic_bets	is_founder()	is_founder()
ALL	PERMISSIVE	founder_all_bets_r1906	authenticated	founder_strategic_bets_r1906	is_founder()	is_founder()
ALL	PERMISSIVE	founder_all_fsbets_r2349	authenticated	founder_strategic_bets_r2349	is_founder()	is_founder()
ALL	PERMISSIVE	founder_all	authenticated	founder_strategic_bets_r2433	is_founder()	is_founder()
ALL	PERMISSIVE	founder_all	authenticated	founder_strategic_clarity_r2649	is_founder()	is_founder()
ALL	PERMISSIVE	founder_all	authenticated	founder_strategic_debt_r2521	is_founder()	is_founder()
ALL	PERMISSIVE	founder_all	authenticated	founder_strategic_decisions_r2217	is_founder()	is_founder()
ALL	PERMISSIVE	founder_all_hire_action_log_r2122	authenticated	founder_strategic_hire_action_log_r2122	is_founder()	is_founder()
ALL	PERMISSIVE	founder_all_hire_tracker_r2122	authenticated	founder_strategic_hire_tracker_r2122	is_founder()	is_founder()
ALL	PERMISSIVE	founder_all	authenticated	founder_strategic_hires_r2473	is_founder()	is_founder()
ALL	PERMISSIVE	founder_all	authenticated	founder_strategic_partnership_pipeline_r2789	is_founder()	is_founder()
ALL	PERMISSIVE	founder_all	authenticated	founder_strategic_retros_r2217	is_founder()	is_founder()
ALL	PERMISSIVE	founder_all	authenticated	founder_strategy_docs_r2485	is_founder()	is_founder()
ALL	PERMISSIVE	fsm_r2014_founder_all	authenticated	founder_strategy_map_r2014	is_founder()	is_founder()
ALL	PERMISSIVE	fsmrl_r2014_founder_all	authenticated	founder_strategy_map_revision_log_r2014	is_founder()	is_founder()
ALL	PERMISSIVE	founder_all_outcomes_r1854	authenticated	founder_strategy_offsite_outcomes_r1854	is_founder()	is_founder()
ALL	PERMISSIVE	founder_all_offsites_r1854	authenticated	founder_strategy_offsites_r1854	is_founder()	is_founder()
ALL	PERMISSIVE	founder_all_stories_r2328	authenticated	founder_success_stories_r2328	is_founder()	is_founder()
SELECT	PERMISSIVE	founder_supplier_onboarding_select	authenticated	founder_supplier_onboarding_candidates	is_founder()	
ALL	PERMISSIVE	p_tax_filing_runs_founder	public	founder_tax_filing_runs	is_founder()	is_founder()
ALL	PERMISSIVE	p_tds_payment_ledger_founder	public	founder_tds_payment_ledger	is_founder()	is_founder()
ALL	PERMISSIVE	founder_all	authenticated	founder_team_pulse_surveys_r2545	is_founder()	is_founder()
ALL	PERMISSIVE	founder_team_retro_actions_v2_founder_only	authenticated	founder_team_retro_actions_v2	is_founder()	is_founder()
ALL	PERMISSIVE	founder_team_retros_no_direct	public	founder_team_retros	false	
ALL	PERMISSIVE	founder_team_retros_founder_only	authenticated	founder_team_retros_v2	is_founder()	is_founder()
ALL	PERMISSIVE	founder_tech_debt_items_founder_all	authenticated	founder_tech_debt_items	is_founder()	is_founder()
ALL	PERMISSIVE	founder_only_territory_rebalance	authenticated	founder_territory_rebalance_queue	is_founder()	is_founder()
ALL	PERMISSIVE	p_theme_progress_founder	authenticated	founder_theme_progress_log_r1974	is_founder()	is_founder()
ALL	PERMISSIVE	founder_all_blocks_r2397	authenticated	founder_thinking_blocks_r2397	is_founder()	is_founder()
ALL	PERMISSIVE	founder_all_weeks_r2397	authenticated	founder_thinking_weeks_r2397	is_founder()	is_founder()
ALL	PERMISSIVE	founder_all	authenticated	founder_time_allocation_r2633	is_founder()	is_founder()
ALL	PERMISSIVE	founder_only_alloc_r1678	authenticated	founder_time_allocations_r1678	is_founder()	is_founder()
ALL	PERMISSIVE	ftbal_r1978_founder	authenticated	founder_time_block_action_log_r1978	is_founder()	is_founder()
ALL	PERMISSIVE	ftba_r1978_founder	authenticated	founder_time_block_adherence_r1978	is_founder()	is_founder()
ALL	PERMISSIVE	founder_only_time_entries	authenticated	founder_time_entries	is_founder()	is_founder()
ALL	PERMISSIVE	founder_all	authenticated	founder_time_entries_r2401	is_founder()	is_founder()
ALL	PERMISSIVE	founder_only_time_targets	authenticated	founder_time_targets	is_founder()	is_founder()
ALL	PERMISSIVE	founder_only_target_r1678	authenticated	founder_time_targets_r1678	is_founder()	is_founder()
ALL	PERMISSIVE	founder_all	authenticated	founder_time_weeks_r2401	is_founder()	is_founder()
ALL	PERMISSIVE	r2078_actions_founder	authenticated	founder_town_hall_action_log_r2078	is_founder()	is_founder()
ALL	PERMISSIVE	founder_ts_leads_founder_only	authenticated	founder_trade_show_leads	is_founder()	is_founder()
ALL	PERMISSIVE	founder_trade_shows_founder_only	authenticated	founder_trade_shows	is_founder()	is_founder()
ALL	PERMISSIVE	ftvv_founder_only	authenticated	founder_training_video_views	is_founder()	is_founder()
ALL	PERMISSIVE	ftv_founder_only	authenticated	founder_training_videos	is_founder()	is_founder()
ALL	PERMISSIVE	te_cat_founder_all	authenticated	founder_travel_expense_categories	is_founder()	is_founder()
ALL	PERMISSIVE	te_claims_founder_all	authenticated	founder_travel_expense_claims	is_founder()	is_founder()
INSERT	PERMISSIVE	te_claims_own_insert	authenticated	founder_travel_expense_claims		(claimant_user_id = auth.uid())
SELECT	PERMISSIVE	te_claims_own_select	authenticated	founder_travel_expense_claims	(claimant_user_id = auth.uid())	
ALL	PERMISSIVE	trip_meetings_r1734_founder_all	authenticated	founder_trip_meetings_r1734	is_founder()	is_founder()
ALL	PERMISSIVE	trips_r1734_founder_all	authenticated	founder_trips_r1734	is_founder()	is_founder()
SELECT	PERMISSIVE	trust_fund_periods_read_r3085	authenticated	founder_trust_fund_audit_periods_r3085	is_founder()	
SELECT	PERMISSIVE	trust_fund_line_items_read_r3085	authenticated	founder_trust_fund_line_items_r3085	is_founder()	
ALL	PERMISSIVE	founder_unit_econ_inputs_no_direct	authenticated	founder_unit_economics_inputs	false	false
ALL	PERMISSIVE	founder_all	authenticated	founder_upcoming_decisions_r2333	is_founder()	is_founder()
ALL	PERMISSIVE	founder_only_log_r1986	authenticated	founder_vacation_log_r1986	is_founder()	is_founder()
ALL	PERMISSIVE	founder_only_policy_r1986	authenticated	founder_vacation_policy_r1986	is_founder()	is_founder()
ALL	PERMISSIVE	founder_all_velocity_actions_r2034	authenticated	founder_velocity_action_log_r2034	is_founder()	is_founder()
ALL	PERMISSIVE	founder_all_velocity_actions_r2130	authenticated	founder_velocity_action_log_r2130	is_founder()	is_founder()
ALL	PERMISSIVE	vendor_master_r1738_founder	authenticated	founder_vendor_master_r1738	is_founder()	is_founder()
ALL	PERMISSIVE	p_fvrl_r1958_founder	authenticated	founder_vendor_review_log_r1958	is_founder()	is_founder()
ALL	PERMISSIVE	vendor_review_r1738_founder	authenticated	founder_vendor_review_notes_r1738	is_founder()	is_founder()
ALL	PERMISSIVE	p_fvst_r1958_founder	authenticated	founder_vendor_spend_tracker_r1958	is_founder()	is_founder()
ALL	PERMISSIVE	p_fvip_founder_all	authenticated	founder_vip_investors	is_founder()	is_founder()
ALL	PERMISSIVE	p_fvip_tp_founder_all	authenticated	founder_vip_touchpoints	is_founder()	is_founder()
ALL	PERMISSIVE	founder_all_actions_r1862	authenticated	founder_vision_board_actions_r1862	is_founder()	is_founder()
ALL	PERMISSIVE	founder_all_boards_r1862	authenticated	founder_vision_boards_r1862	is_founder()	is_founder()
ALL	PERMISSIVE	fvmf_r1682_founder_all	authenticated	founder_vision_memo_feedback_r1682	is_founder()	is_founder()
ALL	PERMISSIVE	fvm_r1682_founder_all	authenticated	founder_vision_memos_r1682	is_founder()	is_founder()
ALL	PERMISSIVE	p_founder_only_vma_r2146	authenticated	founder_vision_mission_alignment_r2146	is_founder()	is_founder()
ALL	PERMISSIVE	founder_all	authenticated	founder_vision_reactions_r2721	is_founder()	is_founder()
ALL	PERMISSIVE	founder_all	authenticated	founder_vision_recommit_r2637	is_founder()	is_founder()
ALL	PERMISSIVE	founder_all	authenticated	founder_vision_statements_r2721	is_founder()	is_founder()
ALL	PERMISSIVE	founder_all_chk_r1790	authenticated	founder_walkthrough_checkpoints_r1790	is_founder()	is_founder()
ALL	PERMISSIVE	founder_all_warranty_events_r2404	authenticated	founder_warranty_claim_events_r2404	is_founder()	is_founder()
ALL	PERMISSIVE	founder_all_warranty_claims_r2404	authenticated	founder_warranty_claims_r2404	is_founder()	is_founder()
ALL	PERMISSIVE	founder_all_actionlog_r2042	authenticated	founder_watch_action_log_r2042	is_founder()	is_founder()
ALL	PERMISSIVE	founder_all	authenticated	founder_weekly_bandwidth_r2425	is_founder()	is_founder()
SELECT	PERMISSIVE	fwbp_log_founder_read	authenticated	founder_weekly_board_pack_log	is_founder()	
ALL	PERMISSIVE	founder_only_cadence_r1882	authenticated	founder_weekly_cadence_r1882	is_founder()	is_founder()
ALL	PERMISSIVE	founder_all	authenticated	founder_weekly_coaching_r2605	is_founder()	is_founder()
ALL	PERMISSIVE	fwdr_v2_founder_all	authenticated	founder_weekly_digest_recipients_v2	is_founder()	is_founder()
ALL	PERMISSIVE	fwds_v2_founder_all	authenticated	founder_weekly_digest_sends_v2	is_founder()	is_founder()
ALL	PERMISSIVE	founder_all	authenticated	founder_weekly_energy_allocation_r2549	is_founder()	is_founder()
ALL	PERMISSIVE	fwi_r2361_founder_all	authenticated	founder_weekly_intentions_r2361	is_founder()	is_founder()
ALL	PERMISSIVE	fwjt_r1698_founder_all	authenticated	founder_weekly_journal_tags_r1698	is_founder()	is_founder()
ALL	PERMISSIVE	fwj_r1698_founder_all	authenticated	founder_weekly_journals_r1698	is_founder()	is_founder()
ALL	PERMISSIVE	fwll_videos_founder_only	authenticated	founder_weekly_loom_videos	is_founder()	is_founder()
ALL	PERMISSIVE	fwll_views_founder_only	authenticated	founder_weekly_loom_view_events	is_founder()	is_founder()
ALL	PERMISSIVE	founder_all_mood_r2497	authenticated	founder_weekly_mood_r2497	is_founder()	is_founder()
ALL	PERMISSIVE	founder_all_dashboard_r1814	authenticated	founder_weekly_okr_dashboard_r1814	is_founder()	is_founder()
ALL	PERMISSIVE	founder_all_highlights_r1814	authenticated	founder_weekly_okr_highlights_r1814	is_founder()	is_founder()
ALL	PERMISSIVE	fwo_r2361_founder_all	authenticated	founder_weekly_outcomes_r2361	is_founder()	is_founder()
ALL	PERMISSIVE	founder_all	authenticated	founder_weekly_pipeline_pulse_r2513	is_founder()	is_founder()
ALL	PERMISSIVE	founder_all_r2381_p	authenticated	founder_weekly_priorities_r2381	is_founder()	is_founder()
ALL	PERMISSIVE	founder_all	authenticated	founder_weekly_priorities_r2445	is_founder()	is_founder()
ALL	PERMISSIVE	founder_all	public	founder_weekly_priority_shifts_r2261	is_founder()	is_founder()
ALL	PERMISSIVE	p_founder_all_reading_log_r1830	public	founder_weekly_reading_log_r1830	is_founder()	is_founder()
ALL	PERMISSIVE	reflections_founder_all_r1910	authenticated	founder_weekly_reflections_r1910	is_founder()	is_founder()
ALL	PERMISSIVE	founder_all	authenticated	founder_weekly_review_r2445	is_founder()	is_founder()
ALL	PERMISSIVE	founder_weekly_reviews_founder_all	authenticated	founder_weekly_reviews	is_founder()	is_founder()
ALL	PERMISSIVE	fwt3_founder_only	authenticated	founder_weekly_top_3	is_founder()	is_founder()
ALL	PERMISSIVE	fwt3_blockers_founder_only	authenticated	founder_weekly_top_3_blockers	is_founder()	is_founder()
ALL	PERMISSIVE	founder_all_wb_action_r1782	authenticated	founder_whiteboard_action_items_r1782	is_founder()	is_founder()
ALL	PERMISSIVE	founder_all_wb_snap_r1782	authenticated	founder_whiteboard_snapshots_r1782	is_founder()	is_founder()
ALL	PERMISSIVE	fwcl_r1938_founder_all	authenticated	founder_win_celebration_log_r1938	is_founder()	is_founder()
ALL	PERMISSIVE	fwc_founder_only	authenticated	founder_winback_campaigns	is_founder()	is_founder()
ALL	PERMISSIVE	fwt_founder_only	authenticated	founder_winback_touchpoints	is_founder()	is_founder()
ALL	PERMISSIVE	fwl_r1938_founder_all	authenticated	founder_wins_ledger_r1938	is_founder()	is_founder()
ALL	PERMISSIVE	founder_year_end_entries_founder_all	authenticated	founder_year_end_entries	is_founder()	is_founder()
ALL	PERMISSIVE	founder_year_end_reviews_founder_all	authenticated	founder_year_end_reviews	is_founder()	is_founder()
ALL	PERMISSIVE	founder_all	authenticated	fridge_temp_audit_events_r2815	is_founder()	is_founder()
ALL	PERMISSIVE	fundraise_pipeline_v2_founder_only	authenticated	fundraise_investor_pipeline_v2	is_founder()	is_founder()
ALL	PERMISSIVE	founder_all	authenticated	fundraise_readiness_evidence_r2713	is_founder()	is_founder()
ALL	PERMISSIVE	founder_all	authenticated	fundraise_readiness_pillars_r2713	is_founder()	is_founder()
ALL	PERMISSIVE	fundraise_rounds_v2_founder_only	authenticated	fundraise_rounds_v2	is_founder()	is_founder()
ALL	PERMISSIVE	founder_all	authenticated	fundraising_readiness_dimensions_r2269	is_founder()	is_founder()
ALL	PERMISSIVE	founder_all	authenticated	fundraising_readiness_gaps_r2269	is_founder()	is_founder()
ALL	PERMISSIVE	founder_all	authenticated	fundraising_stage_actions_r2461	is_founder()	is_founder()
SELECT	PERMISSIVE	gasket_corrective_actions_r3012_founder_read	authenticated	gasket_corrective_actions_r3012	is_founder()	
SELECT	PERMISSIVE	gasket_seal_inspections_r3012_founder_read	authenticated	gasket_seal_inspections_r3012	is_founder()	
SELECT	PERMISSIVE	drain_test_founder_select	authenticated	generator_drain_test_r2995	is_founder()	
SELECT	PERMISSIVE	fuel_reserve_founder_select	authenticated	generator_fuel_reserve_r2995	is_founder()	
SELECT	PERMISSIVE	glucometer_strip_lots_r3032_founder_read	authenticated	glucometer_strip_lots_r3032	is_founder()	
SELECT	PERMISSIVE	glucometer_strip_monthly_engineer_deliveries_r3032_founder_read	authenticated	glucometer_strip_monthly_engineer_deliveries_r3032	is_founder()	
ALL	PERMISSIVE	founder_all	authenticated	gov_engagement_events_r2877	is_founder()	is_founder()
ALL	PERMISSIVE	founder_all	authenticated	gov_engagement_followups_r2877	is_founder()	is_founder()
ALL	PERMISSIVE	gov_events_r2277_founder_all	authenticated	governance_doc_events_r2277	is_founder()	is_founder()
ALL	PERMISSIVE	gov_docs_r2277_founder_all	authenticated	governance_docs_r2277	is_founder()	is_founder()
SELECT	PERMISSIVE	govt_tender_emd_ledger_r2893_founder_read	authenticated	govt_tender_emd_ledger_r2893	is_founder()	
SELECT	PERMISSIVE	govt_tender_pursuits_r2893_founder_read	authenticated	govt_tender_pursuits_r2893	is_founder()	
ALL	PERMISSIVE	founder_all	authenticated	grant_research_milestones_r2777	is_founder()	is_founder()
ALL	PERMISSIVE	founder_all	authenticated	grant_research_projects_r2777	is_founder()	is_founder()
ALL	PERMISSIVE	founder_all	authenticated	grid_decision_review_r2565	is_founder()	is_founder()
SELECT	PERMISSIVE	gst_invoices_select	authenticated,service_role	gst_invoices	((issuer_user_id = auth.uid()) OR (recipient_user_id = auth.uid()) OR is_founder())	
ALL	PERMISSIVE	founder_all	authenticated	handoff_retention_outcomes_r2610	is_founder()	is_founder()
ALL	PERMISSIVE	founder_all	authenticated	handoff_template_usage_r2706	is_founder()	is_founder()
ALL	PERMISSIVE	founder_all	authenticated	handoff_templates_r2706	is_founder()	is_founder()
ALL	PERMISSIVE	founder_all	authenticated	handover_content_blocks_r2824	is_founder()	is_founder()
ALL	PERMISSIVE	founder_all	authenticated	handover_discrepancy_resolution_r2594	is_founder()	is_founder()
ALL	PERMISSIVE	founder_all	authenticated	handover_dispute_resolution_r2555	is_founder()	is_founder()
ALL	PERMISSIVE	founder_all	authenticated	handover_language_quality_r2864	is_founder()	is_founder()
ALL	PERMISSIVE	founder_all	authenticated	handover_loss_bugs_r2454	is_founder()	is_founder()
ALL	PERMISSIVE	founder_all	authenticated	handover_proof_packets_r2552	is_founder()	is_founder()
ALL	PERMISSIVE	founder_all	authenticated	handover_winback_actions_r2792	is_founder()	is_founder()
ALL	PERMISSIVE	hiring_applicants_r2273_founder_all	authenticated	hiring_applicants_r2273	is_founder()	is_founder()
ALL	PERMISSIVE	hiring_stage_events_r2273_founder_all	authenticated	hiring_stage_events_r2273	is_founder()	is_founder()
ALL	PERMISSIVE	haf_r3037_founder_all	public	honesty_audit_findings_r3037	is_founder()	is_founder()
ALL	PERMISSIVE	abm_activities_r1851_founder	authenticated	hospital_abm_activities_r1851	is_founder()	is_founder()
ALL	PERMISSIVE	abm_campaigns_r1851_founder	authenticated	hospital_abm_campaigns_r1851	is_founder()	is_founder()
ALL	PERMISSIVE	p_abm_targets_r1947_founder	authenticated	hospital_abm_targets_r1947	is_founder()	is_founder()
ALL	PERMISSIVE	p_abm_touch_r1947_founder	authenticated	hospital_abm_touch_log_r1947	is_founder()	is_founder()
ALL	PERMISSIVE	action_log_r2147_founder_all	authenticated	hospital_activation_action_log_r2147	is_founder()	is_founder()
ALL	PERMISSIVE	founder_all	authenticated	hospital_admin_activity_events_r2211	is_founder()	is_founder()
ALL	PERMISSIVE	founder_all	authenticated	hospital_admin_audit_reviews_r2211	is_founder()	is_founder()
ALL	PERMISSIVE	adopt_actlog_r2139_founder_all	authenticated	hospital_adoption_action_log_r2139	is_founder()	is_founder()
ALL	PERMISSIVE	founder_all_aging_recos_r1895	authenticated	hospital_aging_replacement_recommendations_r1895	is_founder()	is_founder()
ALL	PERMISSIVE	amc_quote_discounts_r1743_founder_all	authenticated	hospital_amc_quote_discounts_r1743	is_founder()	is_founder()
ALL	PERMISSIVE	amc_quotes_r1743_founder_all	authenticated	hospital_amc_quotes_r1743	is_founder()	is_founder()
ALL	PERMISSIVE	r1663_action_founder_all	authenticated	hospital_amc_renewal_actions	is_founder()	is_founder()
ALL	PERMISSIVE	r1663_forecast_founder_all	authenticated	hospital_amc_renewal_forecasts	is_founder()	is_founder()
ALL	PERMISSIVE	hasf_r1931_founder	authenticated	hospital_annual_spend_forecast_r1931	is_founder()	is_founder()
ALL	PERMISSIVE	haal_r2023_founder_all	authenticated	hospital_audit_action_log_r2023	is_founder()	is_founder()
ALL	PERMISSIVE	haal_r2099_founder_all	authenticated	hospital_audit_action_log_r2099	is_founder()	is_founder()
ALL	PERMISSIVE	haf_r1667_founder_all	authenticated	hospital_audit_findings_r1667	is_founder()	is_founder()
ALL	PERMISSIVE	hao_r1783_founder_all	authenticated	hospital_audit_observations_r1783	is_founder()	is_founder()
ALL	PERMISSIVE	hatc_r1783_founder_all	authenticated	hospital_audit_trail_compliance_r1783	is_founder()	is_founder()
ALL	PERMISSIVE	founder_all_action_r2043	authenticated	hospital_backlog_action_log_r2043	is_founder()	is_founder()
ALL	PERMISSIVE	founder_all_bidding_competitors_r1803	authenticated	hospital_bidding_competitors_r1803	is_founder()	is_founder()
ALL	PERMISSIVE	founder_all_bidding_wars_r1803	authenticated	hospital_bidding_wars_r1803	is_founder()	is_founder()
ALL	PERMISSIVE	founder_all	authenticated	hospital_biomed_certifications_r2199	is_founder()	is_founder()
ALL	PERMISSIVE	founder_all	authenticated	hospital_biomed_staff_r2199	is_founder()	is_founder()
ALL	PERMISSIVE	founder_all	authenticated	hospital_biomed_staff_r2235	is_founder()	is_founder()
ALL	PERMISSIVE	founder_all	authenticated	hospital_biomed_transitions_r2235	is_founder()	is_founder()
ALL	PERMISSIVE	founder_all_brand_actions_r1763	authenticated	hospital_brand_remediation_actions_r1763	is_founder()	is_founder()
ALL	PERMISSIVE	founder_all_brand_standards_r1763	authenticated	hospital_brand_standards_r1763	is_founder()	is_founder()
ALL	PERMISSIVE	hbv_r1891_founder_all	authenticated	hospital_brand_voice_r1891	is_founder()	is_founder()
ALL	PERMISSIVE	founder_all_cac_metrics_r1875	authenticated	hospital_cac_metrics_r1875	is_founder()	is_founder()
ALL	PERMISSIVE	founder_all_cac_segments_r1875	authenticated	hospital_cac_segment_breakdown_r1875	is_founder()	is_founder()
ALL	PERMISSIVE	founder_all_pattern_r1991	authenticated	hospital_cancellation_pattern_log_r1991	is_founder()	is_founder()
ALL	PERMISSIVE	founder_all_hcal_r2071	authenticated	hospital_capacity_action_log_r2071	is_founder()	is_founder()
ALL	PERMISSIVE	hcal_r2063_founder_all	authenticated	hospital_catalog_action_log_r2063	is_founder()	is_founder()
ALL	PERMISSIVE	founder_all_hcaud_r2331	authenticated	hospital_chain_90day_audits_r2331	is_founder()	is_founder()
ALL	PERMISSIVE	founder_all_hc_team_r2255	public	hospital_chain_account_teams_r2255	is_founder()	is_founder()
ALL	PERMISSIVE	founder_all	authenticated	hospital_chain_accreditation_gap_action_r2779	is_founder()	is_founder()
ALL	PERMISSIVE	founder_all	authenticated	hospital_chain_accreditation_prep_r2779	is_founder()	is_founder()
ALL	PERMISSIVE	hca_r1755_founder	authenticated	hospital_chain_aggregates_r1755	is_founder()	is_founder()
ALL	PERMISSIVE	founder_all	authenticated	hospital_chain_ai_integration_pulse_r2783	is_founder()	is_founder()
ALL	PERMISSIVE	founder_all	authenticated	hospital_chain_ai_outcome_signals_r2783	is_founder()	is_founder()
ALL	PERMISSIVE	founder_all	authenticated	hospital_chain_amc_cushion_r2731	is_founder()	is_founder()
ALL	PERMISSIVE	r2951_sweeps_founder_all	authenticated	hospital_chain_amr_cabinet_sweeps_r2951	is_founder()	is_founder()
ALL	PERMISSIVE	r2951_actions_founder_all	authenticated	hospital_chain_amr_remediation_actions_r2951	is_founder()	is_founder()
ALL	PERMISSIVE	founder_all	authenticated	hospital_chain_asset_tag_compliance_r2835	is_founder()	is_founder()
ALL	PERMISSIVE	founder_all	authenticated	hospital_chain_attrition_actions_r2755	is_founder()	is_founder()
ALL	PERMISSIVE	founder_all	authenticated	hospital_chain_attrition_quarters_r2755	is_founder()	is_founder()
ALL	PERMISSIVE	founder_all	authenticated	hospital_chain_audit_docs_r2383	is_founder()	is_founder()
ALL	PERMISSIVE	founder_all	authenticated	hospital_chain_audit_gaps_r2383	is_founder()	is_founder()
ALL	PERMISSIVE	founder_all_hcissue_r2331	authenticated	hospital_chain_audit_issues_r2331	is_founder()	is_founder()
ALL	PERMISSIVE	founder_all_r2359_notes	authenticated	hospital_chain_bid_margin_notes_r2359	is_founder()	is_founder()
SELECT	PERMISSIVE	bmw_findings_r2991_founder	public	hospital_chain_bmw_audit_findings_r2991	is_founder()	
SELECT	PERMISSIVE	bmw_manifests_r2991_founder	public	hospital_chain_bmw_manifests_r2991	is_founder()	
ALL	PERMISSIVE	founder_all	authenticated	hospital_chain_board_commitments_r2699	is_founder()	is_founder()
ALL	PERMISSIVE	founder_all	authenticated	hospital_chain_board_meetings_r2699	is_founder()	is_founder()
SELECT	PERMISSIVE	pol_sel_r3055_b	authenticated	hospital_chain_caster_remediation_actions_r3055	is_founder()	
ALL	PERMISSIVE	founder_all	authenticated	hospital_chain_clinical_leaders_r2751	is_founder()	is_founder()
ALL	PERMISSIVE	founder_all	authenticated	hospital_chain_clinical_relationships_r2695	is_founder()	is_founder()
ALL	PERMISSIVE	founder_all_hca_r2263	authenticated	hospital_chain_collection_actions_r2263	is_founder()	is_founder()
ALL	PERMISSIVE	founder_all	authenticated	hospital_chain_compliance_checklists_r2287	is_founder()	is_founder()
ALL	PERMISSIVE	founder_all	authenticated	hospital_chain_compliance_items_r2287	is_founder()	is_founder()
ALL	PERMISSIVE	founder_all	authenticated	hospital_chain_contact_reengagement_plays_r2295	is_founder()	is_founder()
ALL	PERMISSIVE	founder_all	authenticated	hospital_chain_contact_rotation_log_r2295	is_founder()	is_founder()
ALL	PERMISSIVE	founder_all_hcxo_r2283	authenticated	hospital_chain_cxo_contacts_r2283	is_founder()	is_founder()
ALL	PERMISSIVE	founder_all_hcxo_tp_r2283	authenticated	hospital_chain_cxo_touchpoints_r2283	is_founder()	is_founder()
SELECT	PERMISSIVE	findings_founder_read_r2975	public	hospital_chain_cyber_drill_findings_r2975	is_founder()	
SELECT	PERMISSIVE	sessions_founder_read_r2975	public	hospital_chain_cyber_drill_sessions_r2975	is_founder()	
ALL	PERMISSIVE	founder_all	authenticated	hospital_chain_dataloc_audits_r2775	is_founder()	is_founder()
ALL	PERMISSIVE	founder_all	authenticated	hospital_chain_dataloc_remediations_r2775	is_founder()	is_founder()
ALL	PERMISSIVE	founder_all	authenticated	hospital_chain_dispute_events_r2363	is_founder()	is_founder()
ALL	PERMISSIVE	founder_all	authenticated	hospital_chain_disputes_r2363	is_founder()	is_founder()
ALL	PERMISSIVE	founder_all	authenticated	hospital_chain_diversification_actions_r2387	is_founder()	is_founder()
ALL	PERMISSIVE	founder_all	authenticated	hospital_chain_eol_assets_r2855	is_founder()	is_founder()
ALL	PERMISSIVE	founder_all	authenticated	hospital_chain_eol_procurement_r2855	is_founder()	is_founder()
ALL	PERMISSIVE	founder_all_hc_esc_r2255	public	hospital_chain_escalations_r2255	is_founder()	is_founder()
SELECT	PERMISSIVE	eula_audits_select_r2959	public	hospital_chain_eula_audits_r2959	is_founder()	
SELECT	PERMISSIVE	eula_findings_select_r2959	public	hospital_chain_eula_findings_r2959	is_founder()	
ALL	PERMISSIVE	founder_all	authenticated	hospital_chain_finance_cfo_contacts_r2715	is_founder()	is_founder()
ALL	PERMISSIVE	founder_all_r2335_contacts	authenticated	hospital_chain_finance_contacts_r2335	is_founder()	is_founder()
ALL	PERMISSIVE	founder_all	authenticated	hospital_chain_finance_fix_actions_r2675	is_founder()	is_founder()
ALL	PERMISSIVE	founder_all_r2335_interactions	authenticated	hospital_chain_finance_interactions_r2335	is_founder()	is_founder()
ALL	PERMISSIVE	founder_all	authenticated	hospital_chain_financing_deals_r2787	is_founder()	is_founder()
ALL	PERMISSIVE	founder_all	authenticated	hospital_chain_financing_pulse_events_r2787	is_founder()	is_founder()
ALL	PERMISSIVE	founder_all	authenticated	hospital_chain_govt_tenders_r2735	is_founder()	is_founder()
ALL	PERMISSIVE	hcbr_r3019_founder_all	authenticated	hospital_chain_headlight_battery_reserve_r3019	is_founder()	is_founder()
ALL	PERMISSIVE	hccae_r3019_founder_all	authenticated	hospital_chain_headlight_cycle_audit_events_r3019	is_founder()	is_founder()
ALL	PERMISSIVE	founder_all	authenticated	hospital_chain_imaging_center_uptime_r2819	is_founder()	is_founder()
ALL	PERMISSIVE	founder_all	authenticated	hospital_chain_imaging_interventions_r2819	is_founder()	is_founder()
ALL	PERMISSIVE	founder_all	authenticated	hospital_chain_integration_dependencies_r2367	is_founder()	is_founder()
ALL	PERMISSIVE	founder_all_r2279_ms	authenticated	hospital_chain_integration_milestones_r2279	is_founder()	is_founder()
ALL	PERMISSIVE	founder_all	authenticated	hospital_chain_integrations_r2367	is_founder()	is_founder()
ALL	PERMISSIVE	founder_all_r2407_plans	authenticated	hospital_chain_intervention_plans_r2407	is_founder()	is_founder()
SELECT	PERMISSIVE	hospital_chain_invites_select_admin	authenticated	hospital_chain_invites	((EXISTS ( SELECT 1 FROM hospital_chains c WHERE ((c.id = hospital_chain_invites.chain_id) AND (c.primary_admin_user_id = auth.uid())))) OR is_founder())	
ALL	PERMISSIVE	founder_all	authenticated	hospital_chain_isolation_rooms_r2795	is_founder()	is_founder()
SELECT	PERMISSIVE	hclae_r3079_founder_select	authenticated	hospital_chain_lead_apron_audit_events_r3079	is_founder()	
SELECT	PERMISSIVE	hclai_r3079_founder_select	authenticated	hospital_chain_lead_apron_inventory_r3079	is_founder()	
ALL	PERMISSIVE	founder_all	authenticated	hospital_chain_leader_touchpoints_r2751	is_founder()	is_founder()
ALL	PERMISSIVE	founder_all	authenticated	hospital_chain_lease_outcomes_r2799	is_founder()	is_founder()
ALL	PERMISSIVE	founder_all	authenticated	hospital_chain_lease_portfolio_r2799	is_founder()	is_founder()
SELECT	PERMISSIVE	r2955_audits_founder	public	hospital_chain_linen_audits_r2955	is_founder()	
SELECT	PERMISSIVE	r2955_findings_founder	public	hospital_chain_linen_findings_r2955	is_founder()	
SELECT	PERMISSIVE	hclti_r2983_sel	authenticated	hospital_chain_linen_trolley_inspections_r2983	is_founder()	
SELECT	PERMISSIVE	pol_sel_r3055_a	authenticated	hospital_chain_linen_trolley_inspections_r3055	is_founder()	
SELECT	PERMISSIVE	hcltr_r2983_sel	authenticated	hospital_chain_linen_trolley_remediations_r2983	is_founder()	
ALL	PERMISSIVE	hclhca_r3083_founder_all	public	hospital_chain_loupe_headlight_cycle_audits_r3083	is_founder()	is_founder()
ALL	PERMISSIVE	hclhd_r3083_founder_all	public	hospital_chain_loupe_headlight_devices_r3083	is_founder()	is_founder()
ALL	PERMISSIVE	hcmc_founder_only	authenticated	hospital_chain_master_contracts	is_founder()	is_founder()
ALL	PERMISSIVE	hcm_founder_only	authenticated	hospital_chain_membership	is_founder()	is_founder()
SELECT	PERMISSIVE	hospital_chain_memberships_select	authenticated	hospital_chain_memberships	((hospital_user_id = auth.uid()) OR (EXISTS ( SELECT 1 FROM hospital_chains c WHERE ((c.id = hospital_chain_memberships.chain_id) AND (c.primary_admin_user_id = auth.uid())))) OR is_founder())	
ALL	PERMISSIVE	founder_all	authenticated	hospital_chain_monthly_budget_cycles_r2715	is_founder()	is_founder()
ALL	PERMISSIVE	founder_all	authenticated	hospital_chain_monthly_finance_reviews_r2675	is_founder()	is_founder()
ALL	PERMISSIVE	founder_all	authenticated	hospital_chain_mou_lag_events_r2347	is_founder()	is_founder()
ALL	PERMISSIVE	founder_all	authenticated	hospital_chain_mou_revenue_lag_r2347	is_founder()	is_founder()
ALL	PERMISSIVE	founder_all	authenticated	hospital_chain_mrr_snapshot_r2387	is_founder()	is_founder()
ALL	PERMISSIVE	founder_all_r2267_msa	authenticated	hospital_chain_msa_r2267	is_founder()	is_founder()
ALL	PERMISSIVE	founder_all_r2267_terms	authenticated	hospital_chain_msa_term_changes_r2267	is_founder()	is_founder()
ALL	PERMISSIVE	founder_all	authenticated	hospital_chain_night_incidents_r2743	is_founder()	is_founder()
ALL	PERMISSIVE	founder_all	authenticated	hospital_chain_night_shift_months_r2743	is_founder()	is_founder()
ALL	PERMISSIVE	founder_all_r2407_q	authenticated	hospital_chain_nps_quarters_r2407	is_founder()	is_founder()
SELECT	PERMISSIVE	hcoemwa_r2987_sel	public	hospital_chain_oem_warranty_audits_r2987	is_founder()	
SELECT	PERMISSIVE	hcoemwc_r2987_sel	public	hospital_chain_oem_warranty_claims_r2987	is_founder()	
ALL	PERMISSIVE	founder_all	authenticated	hospital_chain_op_metric_events_r2323	is_founder()	is_founder()
ALL	PERMISSIVE	founder_all	authenticated	hospital_chain_op_scorecards_r2323	is_founder()	is_founder()
ALL	PERMISSIVE	founder_all	authenticated	hospital_chain_payer_cycle_r2731	is_founder()	is_founder()
ALL	PERMISSIVE	founder_all_chain_terms_r2311	authenticated	hospital_chain_payment_terms_r2311	is_founder()	is_founder()
ALL	PERMISSIVE	founder_all	authenticated	hospital_chain_pmd_audit_events_r2871	is_founder()	is_founder()
ALL	PERMISSIVE	founder_all	authenticated	hospital_chain_pmd_licenses_r2871	is_founder()	is_founder()
ALL	PERMISSIVE	hcpi_r2339_founder_all	authenticated	hospital_chain_portal_integrations_r2339	is_founder()	is_founder()
ALL	PERMISSIVE	hcpue_r2339_founder_all	authenticated	hospital_chain_portal_upload_events_r2339	is_founder()	is_founder()
ALL	PERMISSIVE	founder_all	authenticated	hospital_chain_procurement_bidders_r2719	is_founder()	is_founder()
ALL	PERMISSIVE	hcpbal_r2319_founder_all	authenticated	hospital_chain_procurement_bypass_audit_log_r2319	is_founder()	is_founder()
ALL	PERMISSIVE	hcpbe_r2319_founder_all	authenticated	hospital_chain_procurement_bypass_events_r2319	is_founder()	is_founder()
ALL	PERMISSIVE	founder_all	authenticated	hospital_chain_procurement_cycles_r2719	is_founder()	is_founder()
ALL	PERMISSIVE	founder_all	authenticated	hospital_chain_qbr_actions_r2687	is_founder()	is_founder()
ALL	PERMISSIVE	founder_all	authenticated	hospital_chain_qbr_r2687	is_founder()	is_founder()
ALL	PERMISSIVE	founder_all	authenticated	hospital_chain_quarterly_correlation_signals_r2859	is_founder()	is_founder()
ALL	PERMISSIVE	founder_all	authenticated	hospital_chain_quarterly_equipment_clinical_correlation_r2859	is_founder()	is_founder()
ALL	PERMISSIVE	hcq_audit_r3011_founder	authenticated	hospital_chain_quarterly_oem_engineer_audit_r3011	is_founder()	is_founder()
ALL	PERMISSIVE	hcq_visits_r3011_founder	authenticated	hospital_chain_quarterly_oem_engineer_audit_visits_r3011	is_founder()	is_founder()
ALL	PERMISSIVE	founder_all_hcqr_r2351	authenticated	hospital_chain_quarterly_reviews_r2351	is_founder()	is_founder()
ALL	PERMISSIVE	founder_all_hcqs_r2303	authenticated	hospital_chain_quarterly_scorecards_r2303	is_founder()	is_founder()
ALL	PERMISSIVE	founder_all_hcr_r2263	authenticated	hospital_chain_receivables_r2263	is_founder()	is_founder()
ALL	PERMISSIVE	founder_all	authenticated	hospital_chain_relationship_actions_r2695	is_founder()	is_founder()
ALL	PERMISSIVE	founder_all	authenticated	hospital_chain_relocation_milestones_r2867	is_founder()	is_founder()
ALL	PERMISSIVE	founder_all	authenticated	hospital_chain_relocations_r2867	is_founder()	is_founder()
ALL	PERMISSIVE	founder_all	authenticated	hospital_chain_renewal_action_ledger_r2679	is_founder()	is_founder()
ALL	PERMISSIVE	founder_all	authenticated	hospital_chain_renewal_pipeline_r2679	is_founder()	is_founder()
ALL	PERMISSIVE	founder_all	authenticated	hospital_chain_research_collaborations_r2759	is_founder()	is_founder()
ALL	PERMISSIVE	founder_all	authenticated	hospital_chain_research_milestones_r2759	is_founder()	is_founder()
ALL	PERMISSIVE	founder_all_hcral_r2351	authenticated	hospital_chain_review_action_log_r2351	is_founder()	is_founder()
ALL	PERMISSIVE	founder_all	authenticated	hospital_chain_rfp_learnings_r2291	is_founder()	is_founder()
ALL	PERMISSIVE	founder_all	authenticated	hospital_chain_rfp_submissions_r2291	is_founder()	is_founder()
ALL	PERMISSIVE	founder_all_hcsr_r2303	authenticated	hospital_chain_scorecard_reviews_r2303	is_founder()	is_founder()
ALL	PERMISSIVE	founder_all	authenticated	hospital_chain_share_actions_r2707	is_founder()	is_founder()
ALL	PERMISSIVE	hcsb_r1755_founder	authenticated	hospital_chain_site_breakdown_r1755	is_founder()	is_founder()
ALL	PERMISSIVE	founder_all	authenticated	hospital_chain_tech_pilot_outcomes_r2747	is_founder()	is_founder()
ALL	PERMISSIVE	founder_all	authenticated	hospital_chain_tech_pilots_r2747	is_founder()	is_founder()
ALL	PERMISSIVE	founder_all_r2279_stack	authenticated	hospital_chain_tech_stack_r2279	is_founder()	is_founder()
ALL	PERMISSIVE	founder_all_r2359_bids	authenticated	hospital_chain_tender_bids_r2359	is_founder()	is_founder()
ALL	PERMISSIVE	founder_all	authenticated	hospital_chain_tender_bids_r2703	is_founder()	is_founder()
ALL	PERMISSIVE	founder_all	authenticated	hospital_chain_tender_learnings_r2703	is_founder()	is_founder()
ALL	PERMISSIVE	founder_all	authenticated	hospital_chain_tender_strategy_r2735	is_founder()	is_founder()
ALL	PERMISSIVE	founder_all_chain_events_r2311	authenticated	hospital_chain_terms_events_r2311	is_founder()	is_founder()
ALL	PERMISSIVE	founder_all	authenticated	hospital_chain_tier1_deepening_plays_r2831	is_founder()	is_founder()
ALL	PERMISSIVE	founder_all	authenticated	hospital_chain_tier1_deepening_signals_r2831	is_founder()	is_founder()
ALL	PERMISSIVE	founder_all	authenticated	hospital_chain_vendor_share_r2707	is_founder()	is_founder()
ALL	PERMISSIVE	founder_all	authenticated	hospital_chain_warranty_claims_r2851	is_founder()	is_founder()
SELECT	PERMISSIVE	wrapper_audits_r3035_founder_select	public	hospital_chain_wrapper_audits_r3035	is_founder()	
SELECT	PERMISSIVE	hospital_chains_select	authenticated	hospital_chains	((primary_admin_user_id = auth.uid()) OR is_founder())	
ALL	PERMISSIVE	founder_all_actions_r2103	authenticated	hospital_cluster_action_log_r2103	is_founder()	is_founder()
ALL	PERMISSIVE	founder_all_r1703_membership	authenticated	hospital_cluster_membership_r1703	is_founder()	is_founder()
ALL	PERMISSIVE	founder_all_hospital_cohort_action_log_r2175	authenticated	hospital_cohort_action_log_r2175	is_founder()	is_founder()
ALL	PERMISSIVE	founder_all_hca_r1747	authenticated	hospital_collection_actions_r1747	is_founder()	is_founder()
ALL	PERMISSIVE	p_hcar_r1847_founder	authenticated	hospital_concentration_at_risk_r1847	is_founder()	is_founder()
ALL	PERMISSIVE	p_hcm_r1847_founder	authenticated	hospital_concentration_metrics_r1847	is_founder()	is_founder()
ALL	PERMISSIVE	hca_audit_founder_all	public	hospital_contract_amendment_audit	is_founder()	is_founder()
ALL	PERMISSIVE	hca_founder_all	public	hospital_contract_amendments	is_founder()	is_founder()
ALL	PERMISSIVE	hcdm_v2_founder_only	authenticated	hospital_corporate_deal_members_v2	is_founder()	is_founder()
ALL	PERMISSIVE	hcd_v2_founder_only	authenticated	hospital_corporate_deals_v2	is_founder()	is_founder()
ALL	PERMISSIVE	founder_all_r2171_act	public	hospital_cost_action_log_r2171	is_founder()	is_founder()
ALL	PERMISSIVE	hcba_r1879_founder_all	authenticated	hospital_cost_breakdown_anomalies_r1879	is_founder()	is_founder()
ALL	PERMISSIVE	founder_all_stockout_r1911	authenticated	hospital_critical_supply_stockout_r1911	is_founder()	is_founder()
ALL	PERMISSIVE	p_cs_opp_r1695_founder	authenticated	hospital_cross_sell_opportunities_r1695	is_founder()	is_founder()
ALL	PERMISSIVE	p_cs_out_r1695_founder	authenticated	hospital_cross_sell_outreach_log_r1695	is_founder()	is_founder()
ALL	PERMISSIVE	funnel_r2147_founder_all	authenticated	hospital_customer_activation_funnel_v2_r2147	is_founder()	is_founder()
ALL	PERMISSIVE	founder_all_velocity_r2167	authenticated	hospital_customer_adoption_velocity_r2167	is_founder()	is_founder()
ALL	PERMISSIVE	hcarcr2123_founder_all	authenticated	hospital_customer_annual_review_cycle_r2123	is_founder()	is_founder()
ALL	PERMISSIVE	founder_all_forecasts_r2135	authenticated	hospital_customer_demand_forecasting_r2135	is_founder()	is_founder()
ALL	PERMISSIVE	founder_all_hcht_r2131	authenticated	hospital_customer_health_trend_r2131	is_founder()	is_founder()
ALL	PERMISSIVE	hch_v2_r1983_founder_all	authenticated	hospital_customer_health_v2_r1983	is_founder()	is_founder()
ALL	PERMISSIVE	founder_all_stages_r2031	authenticated	hospital_customer_journey_stages_r2031	is_founder()	is_founder()
ALL	PERMISSIVE	founder_all_audit_r2143	authenticated	hospital_customer_lifecycle_stage_audit_r2143	is_founder()	is_founder()
ALL	PERMISSIVE	founder_all_pipeline_r1987	authenticated	hospital_customer_lifetime_pipeline_r1987	is_founder()	is_founder()
ALL	PERMISSIVE	founder_all_transitions_r2187	authenticated	hospital_customer_lifetime_transitions_r2187	is_founder()	is_founder()
ALL	PERMISSIVE	founder_all_drops_r2159	authenticated	hospital_customer_onboarding_drop_off_r2159	is_founder()	is_founder()
ALL	PERMISSIVE	founder_all_quality_r2151	authenticated	hospital_customer_onboarding_quality_r2151	is_founder()	is_founder()
ALL	PERMISSIVE	founder_all_hcppc_r2087	authenticated	hospital_customer_pain_point_catalog_r2087	is_founder()	is_founder()
ALL	PERMISSIVE	founder_all_refs_r2119	authenticated	hospital_customer_reference_library_r2119	is_founder()	is_founder()
ALL	PERMISSIVE	hcrf_r2011_founder_all	authenticated	hospital_customer_renewal_forecasts_r2011	is_founder()	is_founder()
ALL	PERMISSIVE	founder_all_r2171_idx	public	hospital_customer_repair_job_cost_index_r2171	is_founder()	is_founder()
ALL	PERMISSIVE	founder_all_hospital_customer_retention_cohort_r2175	authenticated	hospital_customer_retention_cohort_r2175	is_founder()	is_founder()
ALL	PERMISSIVE	founder_all_r2007_idx	authenticated	hospital_customer_saturation_index_r2007	is_founder()	is_founder()
ALL	PERMISSIVE	founder_all_hcsti_r2183	authenticated	hospital_customer_spend_trend_index_r2183	is_founder()	is_founder()
ALL	PERMISSIVE	founder_all_stickiness_r2155	authenticated	hospital_customer_stickiness_index_r2155	is_founder()	is_founder()
ALL	PERMISSIVE	founder_all_insights_r2191	authenticated	hospital_customer_survey_insights_r2191	is_founder()	is_founder()
ALL	PERMISSIVE	founder_all_voices_r2035	authenticated	hospital_customer_voice_aggregator_r2035	is_founder()	is_founder()
ALL	PERMISSIVE	founder_all_voice_r2127	authenticated	hospital_customer_voice_of_operations_r2127	is_founder()	is_founder()
ALL	PERMISSIVE	hcvs_r2163_founder_all	authenticated	hospital_customer_voice_sampling_r2163	is_founder()	is_founder()
ALL	PERMISSIVE	founder_all_trends_r2067	authenticated	hospital_customer_voice_trends_r2067	is_founder()	is_founder()
ALL	PERMISSIVE	founder_all_r2179_tracker	authenticated	hospital_customer_win_back_tracker_r2179	is_founder()	is_founder()
ALL	PERMISSIVE	hdmr_r1811_founder_all	authenticated	hospital_decision_maker_relationships_r1811	is_founder()	is_founder()
ALL	PERMISSIVE	hdm_r1811_founder_all	authenticated	hospital_decision_makers_r1811	is_founder()	is_founder()
ALL	PERMISSIVE	founder_all_repl_r1835	public	hospital_decommission_replacement_log_r1835	is_founder()	is_founder()
ALL	PERMISSIVE	founder_all_actions_r2135	authenticated	hospital_demand_action_log_r2135	is_founder()	is_founder()
ALL	PERMISSIVE	hospital_department_action_items_r1759_founder_all	authenticated	hospital_department_action_items_r1759	is_founder()	is_founder()
ALL	PERMISSIVE	hospital_departments_r1759_founder_all	authenticated	hospital_departments_r1759	is_founder()	is_founder()
ALL	PERMISSIVE	founder_all_r1707_req	authenticated	hospital_discount_requests_r1707	is_founder()	is_founder()
ALL	PERMISSIVE	founder_all_r1707_notes	authenticated	hospital_discount_review_notes_r1707	is_founder()	is_founder()
ALL	PERMISSIVE	founder_all_hdc_r1751	authenticated	hospital_doctor_champions_r1751	is_founder()	is_founder()
ALL	PERMISSIVE	founder_all_hde_r1751	authenticated	hospital_doctor_engagements_r1751	is_founder()	is_founder()
ALL	PERMISSIVE	founder_all_drop_actions_r2159	authenticated	hospital_drop_off_action_log_r2159	is_founder()	is_founder()
ALL	PERMISSIVE	founder_all_elasticity_r2271	authenticated	hospital_elasticity_scores_r2271	is_founder()	is_founder()
ALL	PERMISSIVE	p_founder_all_herd_r1867	authenticated	hospital_emergency_response_drills_r1867	is_founder()	is_founder()
ALL	PERMISSIVE	p_founder_all_herp_r1867	authenticated	hospital_emergency_response_playbooks_r1867	is_founder()	is_founder()
ALL	PERMISSIVE	engagement_history_r1799_founder_all	authenticated	hospital_engagement_history_r1799	is_founder()	is_founder()
ALL	PERMISSIVE	engagement_scores_r1799_founder_all	authenticated	hospital_engagement_scores_r1799	is_founder()	is_founder()
ALL	PERMISSIVE	hemq_r1975_founder	authenticated	hospital_engineer_match_quality_r1975	is_founder()	is_founder()
ALL	PERMISSIVE	heoc_r1863_founder_all	authenticated	hospital_engineer_onboarding_checkpoints_r1863	is_founder()	is_founder()
ALL	PERMISSIVE	founder_all_pace_r1979	authenticated	hospital_engineer_onboarding_pace_r1979	is_founder()	is_founder()
ALL	PERMISSIVE	adopt_r2139_founder_all	authenticated	hospital_equipment_adoption_tracker_r2139	is_founder()	is_founder()
ALL	PERMISSIVE	founder_all_aging_curves_r1895	authenticated	hospital_equipment_aging_curves_r1895	is_founder()	is_founder()
ALL	PERMISSIVE	haa_r1667_founder_all	authenticated	hospital_equipment_audits_r1667	is_founder()	is_founder()
ALL	PERMISSIVE	hec_r2063_founder_all	authenticated	hospital_equipment_catalog_r2063	is_founder()	is_founder()
ALL	PERMISSIVE	founder_all_decomm_r1835	public	hospital_equipment_decommissioning_r1835	is_founder()	is_founder()
ALL	PERMISSIVE	founder_all_failures_r2055	authenticated	hospital_equipment_failure_modes_r2055	is_founder()	is_founder()
ALL	PERMISSIVE	heia_r2023_founder_all	authenticated	hospital_equipment_inventory_audit_r2023	is_founder()	is_founder()
ALL	PERMISSIVE	hel_r1791_founder_all	authenticated	hospital_equipment_lifecycle_r1791	is_founder()	is_founder()
ALL	PERMISSIVE	founder_all_loaners_r1971	authenticated	hospital_equipment_loaners_r1971	is_founder()	is_founder()
ALL	PERMISSIVE	founder_all_hospital_equipment_replacement_plan_r2047	authenticated	hospital_equipment_replacement_plan_r2047	is_founder()	is_founder()
ALL	PERMISSIVE	herp_r1791_founder_all	authenticated	hospital_equipment_replacement_planning_r1791	is_founder()	is_founder()
ALL	PERMISSIVE	founder_all_calendar_r2075	authenticated	hospital_equipment_service_calendar_r2075	is_founder()	is_founder()
ALL	PERMISSIVE	r2111_vendor_map_founder	authenticated	hospital_equipment_sourcing_vendor_map_r2111	is_founder()	is_founder()
ALL	PERMISSIVE	founder_all_hew_r1903	authenticated	hospital_equipment_warranty_r1903	is_founder()	is_founder()
ALL	PERMISSIVE	hosp_esc_evt_founder_only	authenticated	hospital_escalation_events	is_founder()	is_founder()
ALL	PERMISSIVE	hosp_esc_v2_audit_founder	authenticated	hospital_escalation_route_audit_v2	is_founder()	is_founder()
ALL	PERMISSIVE	hosp_esc_v2_founder	authenticated	hospital_escalation_routes_v2	is_founder()	is_founder()
ALL	PERMISSIVE	hee_founder_all	authenticated	hospital_expansion_events	is_founder()	is_founder()
ALL	PERMISSIVE	founder_all_hem_r1855	authenticated	hospital_expansion_milestones_r1855	is_founder()	is_founder()
ALL	PERMISSIVE	heul_founder_all	authenticated	hospital_expansion_uplift_ledger	is_founder()	is_founder()
ALL	PERMISSIVE	founder_all_protocols_r2055	authenticated	hospital_failure_response_protocol_r2055	is_founder()	is_founder()
SELECT	PERMISSIVE	hftd_r2976_founder	public	hospital_foot_traffic_density_r2976	is_founder()	
ALL	PERMISSIVE	founder_all_trials_r1787	authenticated	hospital_free_trials_r1787	is_founder()	is_founder()
ALL	PERMISSIVE	founder_all_stage_r2003	authenticated	hospital_funnel_stage_log_r2003	is_founder()	is_founder()
ALL	PERMISSIVE	founder_all_r1703_clusters	authenticated	hospital_geo_clusters_r1703	is_founder()	is_founder()
ALL	PERMISSIVE	founder_all_clusters_r2103	authenticated	hospital_geographic_cluster_optimization_r2103	is_founder()	is_founder()
ALL	PERMISSIVE	founder_all_hge_r1855	authenticated	hospital_geographic_expansion_r1855	is_founder()	is_founder()
ALL	PERMISSIVE	founder_all_hhra_r1691	authenticated	hospital_health_review_actions_r1691	is_founder()	is_founder()
ALL	PERMISSIVE	hhsal_r1983_founder_all	authenticated	hospital_health_score_action_log_r1983	is_founder()	is_founder()
ALL	PERMISSIVE	founder_all_hhs_r1691	authenticated	hospital_health_scores_r1691	is_founder()	is_founder()
ALL	PERMISSIVE	founder_all_hhtal_r2131	authenticated	hospital_health_trend_action_log_r2131	is_founder()	is_founder()
ALL	PERMISSIVE	r3007_audits_founder_all	authenticated	hospital_helipad_audits_r3007	is_founder()	is_founder()
ALL	PERMISSIVE	r3007_rem_founder_all	authenticated	hospital_helipad_remediations_r3007	is_founder()	is_founder()
ALL	PERMISSIVE	founder_all	authenticated	hospital_infra_gap_log_r2307	is_founder()	is_founder()
ALL	PERMISSIVE	founder_all	authenticated	hospital_infra_precheck_r2307	is_founder()	is_founder()
ALL	PERMISSIVE	founder_all_stage_r2027	authenticated	hospital_innovation_stage_log_r2027	is_founder()	is_founder()
ALL	PERMISSIVE	hic_v2_events_founder_only	authenticated	hospital_insurance_claim_events_v2	is_founder()	is_founder()
ALL	PERMISSIVE	hic_r1719_founder_all	authenticated	hospital_insurance_claims_r1719	is_founder()	is_founder()
ALL	PERMISSIVE	hic_v2_founder_only	authenticated	hospital_insurance_claims_v2	is_founder()	is_founder()
ALL	PERMISSIVE	hip_r1719_founder_all	authenticated	hospital_insurance_premiums_r1719	is_founder()	is_founder()
ALL	PERMISSIVE	founder_all_hio_r1747	authenticated	hospital_invoices_outstanding_r1747	is_founder()	is_founder()
ALL	PERMISSIVE	founder_all_actions_r2031	authenticated	hospital_journey_action_log_r2031	is_founder()	is_founder()
ALL	PERMISSIVE	founder_all_actions_r2143	authenticated	hospital_lifecycle_action_log_r2143	is_founder()	is_founder()
ALL	PERMISSIVE	founder_all_actions_r1987	authenticated	hospital_lifetime_action_log_r1987	is_founder()	is_founder()
ALL	PERMISSIVE	founder_all_loaner_log_r1971	authenticated	hospital_loaner_action_log_r1971	is_founder()	is_founder()
ALL	PERMISSIVE	founder_all_loaner_billing_r1711	authenticated	hospital_loaner_billing_actions_r1711	is_founder()	is_founder()
ALL	PERMISSIVE	founder_all_loaner_dispatch_r1711	authenticated	hospital_loaner_dispatches_r1711	is_founder()	is_founder()
ALL	PERMISSIVE	founder_all_hlma_r1727	authenticated	hospital_local_marketing_activities_r1727	is_founder()	is_founder()
ALL	PERMISSIVE	founder_all_hospital_loss_lesson_r1999	authenticated	hospital_loss_lesson_log_r1999	is_founder()	is_founder()
ALL	PERMISSIVE	founder_all_hospital_loss_reason_r1999	authenticated	hospital_loss_reason_analytics_r1999	is_founder()	is_founder()
ALL	PERMISSIVE	founder_all_actions_r1951	authenticated	hospital_loyalty_action_log_r1951	is_founder()	is_founder()
ALL	PERMISSIVE	founder_all_hlpa1739	authenticated	hospital_loyalty_perk_activations_r1739	is_founder()	is_founder()
ALL	PERMISSIVE	founder_all_hltr1739	authenticated	hospital_loyalty_tiers_r1739	is_founder()	is_founder()
ALL	PERMISSIVE	founder_all_tiers_r1951	authenticated	hospital_loyalty_tiers_r1951	is_founder()	is_founder()
ALL	PERMISSIVE	hmal_r2051_founder	authenticated	hospital_maintenance_action_log_r2051	is_founder()	is_founder()
ALL	PERMISSIVE	hmcs_r2051_founder	authenticated	hospital_maintenance_contract_status_r2051	is_founder()	is_founder()
ALL	PERMISSIVE	founder_all_hmlo_r1727	authenticated	hospital_marketing_lead_outcomes_r1727	is_founder()	is_founder()
ALL	PERMISSIVE	hmal_r1975_founder	authenticated	hospital_match_action_log_r1975	is_founder()	is_founder()
ALL	PERMISSIVE	founder_all	authenticated	hospital_mou_pipeline_r2251	is_founder()	is_founder()
ALL	PERMISSIVE	founder_all	authenticated	hospital_mou_stage_events_r2251	is_founder()	is_founder()
ALL	PERMISSIVE	rollouts_founder_r1927	authenticated	hospital_multi_site_rollouts_r1927	is_founder()	is_founder()
ALL	PERMISSIVE	founder_all_contracts_r1959	authenticated	hospital_multi_year_contracts_r1959	is_founder()	is_founder()
ALL	PERMISSIVE	hmyp_r1723_founder_all	authenticated	hospital_multi_year_plans_r1723	is_founder()	is_founder()
ALL	PERMISSIVE	founder_all_renewals_r1959	authenticated	hospital_multi_year_renewal_log_r1959	is_founder()	is_founder()
ALL	PERMISSIVE	hneo_r1863_founder_all	authenticated	hospital_new_engineer_onboarding_r1863	is_founder()	is_founder()
ALL	PERMISSIVE	hnla_r1687_founder_all	authenticated	hospital_new_logo_activities_r1687	is_founder()	is_founder()
ALL	PERMISSIVE	hnlp_r1687_founder_all	authenticated	hospital_new_logo_prospects_r1687	is_founder()	is_founder()
ALL	PERMISSIVE	hospital_oem_warranty_claims_founder_only	authenticated	hospital_oem_warranty_claims	is_founder()	is_founder()
ALL	PERMISSIVE	hoalr1935_founder_all	authenticated	hospital_onboarding_action_log_r1935	is_founder()	is_founder()
ALL	PERMISSIVE	hofr1935_founder_all	authenticated	hospital_onboarding_friction_r1935	is_founder()	is_founder()
ALL	PERMISSIVE	founder_all	authenticated	hospital_onboarding_kit_events_r2275	is_founder()	is_founder()
ALL	PERMISSIVE	founder_all	authenticated	hospital_onboarding_kits_r2275	is_founder()	is_founder()
ALL	PERMISSIVE	founder_all_pace_action_r1979	authenticated	hospital_onboarding_pace_action_log_r1979	is_founder()	is_founder()
ALL	PERMISSIVE	founder_all_action_r2151	authenticated	hospital_onboarding_quality_action_log_r2151	is_founder()	is_founder()
ALL	PERMISSIVE	hops_actions_r1775_founder	authenticated	hospital_ops_action_plans_r1775	is_founder()	is_founder()
ALL	PERMISSIVE	hops_excl_r1775_founder	authenticated	hospital_ops_excellence_scores_r1775	is_founder()	is_founder()
ALL	PERMISSIVE	hoe_founder_all	authenticated	hospital_ownership_events	is_founder()	is_founder()
ALL	PERMISSIVE	hoo_founder_all	authenticated	hospital_ownership_outreach	is_founder()	is_founder()
ALL	PERMISSIVE	founder_all_hprl_r2087	authenticated	hospital_pain_resolution_log_r2087	is_founder()	is_founder()
ALL	PERMISSIVE	hpra_r1795_founder_all	authenticated	hospital_pause_resume_actions_r1795	is_founder()	is_founder()
ALL	PERMISSIVE	hps_r2247_founder_all	authenticated	hospital_payment_scorecard_r2247	is_founder()	is_founder()
ALL	PERMISSIVE	hpt_r2247_founder_all	authenticated	hospital_payment_trend_r2247	is_founder()	is_founder()
ALL	PERMISSIVE	hpqr_r1723_founder_all	authenticated	hospital_plan_quarterly_reviews_r1723	is_founder()	is_founder()
ALL	PERMISSIVE	founder_all	authenticated	hospital_pm_cm_monthly_r2412	is_founder()	is_founder()
INSERT	PERMISSIVE	hpdr_hospital_insert_own	public	hospital_portal_dispute_requests		(auth.uid() = hospital_user_id)
SELECT	PERMISSIVE	hpdr_hospital_owns	public	hospital_portal_dispute_requests	((auth.uid() = hospital_user_id) OR is_founder())	
SELECT	PERMISSIVE	hpff_hospital_owns	public	hospital_portal_feature_flags	((auth.uid() = hospital_user_id) OR is_founder())	
INSERT	PERMISSIVE	hpssr_hospital_insert_own	public	hospital_portal_self_service_requests		(auth.uid() = hospital_user_id)
SELECT	PERMISSIVE	hpssr_hospital_owns	public	hospital_portal_self_service_requests	((auth.uid() = hospital_user_id) OR is_founder())	
SELECT	PERMISSIVE	hpsl_hospital_owns	public	hospital_portal_session_log	((auth.uid() = hospital_user_id) OR is_founder())	
ALL	PERMISSIVE	hpal_r1871_founder_all	authenticated	hospital_pricing_approval_log_r1871	is_founder()	is_founder()
ALL	PERMISSIVE	hpa_r1871_founder_all	authenticated	hospital_pricing_approvals_r1871	is_founder()	is_founder()
ALL	PERMISSIVE	p_log_r2079	authenticated	hospital_pricing_change_log_r2079	is_founder()	is_founder()
ALL	PERMISSIVE	hpa_r1823_founder_all	authenticated	hospital_procurement_activities_r1823	is_founder()	is_founder()
ALL	PERMISSIVE	hpbc_founder_only	authenticated	hospital_procurement_bid_competitors	is_founder()	is_founder()
ALL	PERMISSIVE	founder_all_hpc_r1923	authenticated	hospital_procurement_contacts_r1923	is_founder()	is_founder()
ALL	PERMISSIVE	founder_all	authenticated	hospital_procurement_cycle_events_r2232	is_founder()	is_founder()
ALL	PERMISSIVE	p_cycle_founder_r2015	authenticated	hospital_procurement_cycle_r2015	is_founder()	is_founder()
ALL	PERMISSIVE	hpc_r1823_founder_all	authenticated	hospital_procurement_cycles_r1823	is_founder()	is_founder()
ALL	PERMISSIVE	hpo_founder_only	authenticated	hospital_procurement_officers	is_founder()	is_founder()
ALL	PERMISSIVE	founder_all_hpol_r1923	authenticated	hospital_procurement_outreach_log_r1923	is_founder()	is_founder()
ALL	PERMISSIVE	p_phase_founder_r2015	authenticated	hospital_procurement_phase_log_r2015	is_founder()	is_founder()
ALL	PERMISSIVE	founder_all	authenticated	hospital_procurement_predictions_r2232	is_founder()	is_founder()
ALL	PERMISSIVE	founder_all_hppss_r2083	authenticated	hospital_procurement_process_stages_r2083	is_founder()	is_founder()
ALL	PERMISSIVE	founder_all_hppl_r2083	authenticated	hospital_procurement_progress_log_r2083	is_founder()	is_founder()
ALL	PERMISSIVE	hps_founder_only	authenticated	hospital_procurement_signals	is_founder()	is_founder()
ALL	PERMISSIVE	hpt_founder_only	authenticated	hospital_procurement_tenders	is_founder()	is_founder()
ALL	PERMISSIVE	founder_all	authenticated	hospital_purchase_commitment_events_r2223	is_founder()	is_founder()
ALL	PERMISSIVE	founder_all	authenticated	hospital_purchase_commitments_r2223	is_founder()	is_founder()
ALL	PERMISSIVE	qbr_action_items_founder_only	authenticated	hospital_qbr_action_items	is_founder()	is_founder()
ALL	PERMISSIVE	founder_qbr_actions_r1671	authenticated	hospital_qbr_action_items_r1671	is_founder()	is_founder()
ALL	PERMISSIVE	founder_all	authenticated	hospital_qbr_action_items_r2215	is_founder()	is_founder()
ALL	PERMISSIVE	founder_all_qbr_followups_r1819	authenticated	hospital_qbr_followup_tasks_r1819	is_founder()	is_founder()
ALL	PERMISSIVE	founder_all_qbr_notes_r1819	authenticated	hospital_qbr_notes_r1819	is_founder()	is_founder()
ALL	PERMISSIVE	qbr_outcomes_founder_only	authenticated	hospital_qbr_outcomes	is_founder()	is_founder()
ALL	PERMISSIVE	founder_qbr_sessions_r1671	authenticated	hospital_qbr_sessions_r1671	is_founder()	is_founder()
ALL	PERMISSIVE	founder_all	authenticated	hospital_qbr_sessions_r2215	is_founder()	is_founder()
ALL	PERMISSIVE	hqal_r1915_founder_all	authenticated	hospital_quality_action_log_r1915	is_founder()	is_founder()
ALL	PERMISSIVE	hqr_r1735_founder	authenticated	hospital_quote_revisions_r1735	is_founder()	is_founder()
ALL	PERMISSIVE	founder_all_funnel_r2003	authenticated	hospital_quote_to_close_funnel_r2003	is_founder()	is_founder()
ALL	PERMISSIVE	founder_all_rate_hikes_r2271	authenticated	hospital_rate_hike_events_r2271	is_founder()	is_founder()
ALL	PERMISSIVE	actions_founder_all	authenticated	hospital_reference_grooming_actions_r1839	is_founder()	is_founder()
ALL	PERMISSIVE	pipeline_founder_all	authenticated	hospital_reference_pipeline_r1839	is_founder()	is_founder()
ALL	PERMISSIVE	founder_all_uses_r2119	authenticated	hospital_reference_use_log_r2119	is_founder()	is_founder()
ALL	PERMISSIVE	founder_all	authenticated	hospital_referral_attributions_r2395	is_founder()	is_founder()
ALL	PERMISSIVE	hrbp_founder_all	authenticated	hospital_referral_bounty_payouts	is_founder()	is_founder()
ALL	PERMISSIVE	founder_all	authenticated	hospital_referral_sources_r2395	is_founder()	is_founder()
ALL	PERMISSIVE	founder_all_actionlog_r1939	authenticated	hospital_renewal_action_log_r1939	is_founder()	is_founder()
ALL	PERMISSIVE	rar_intv_r1887_founder	public	hospital_renewal_at_risk_interventions_r1887	is_founder()	is_founder()
ALL	PERMISSIVE	rar_signals_r1887_founder	public	hospital_renewal_at_risk_signals_r1887	is_founder()	is_founder()
ALL	PERMISSIVE	hrfal_r2011_founder_all	authenticated	hospital_renewal_forecast_action_log_r2011	is_founder()	is_founder()
ALL	PERMISSIVE	founder_all_renewal_out_r1731	authenticated	hospital_renewal_outreach_log_r1731	is_founder()	is_founder()
ALL	PERMISSIVE	founder_all_renewal_pipe_r1731	authenticated	hospital_renewal_pipeline_r1731	is_founder()	is_founder()
ALL	PERMISSIVE	founder_all_hrv2_action_r2115	authenticated	hospital_renewal_v2_action_log_r2115	is_founder()	is_founder()
ALL	PERMISSIVE	hrw_r1767_founder_all	authenticated	hospital_renewal_winbacks_r1767	is_founder()	is_founder()
ALL	PERMISSIVE	founder_all_reopen_action_log_r2095	authenticated	hospital_reopen_action_log_r2095	is_founder()	is_founder()
ALL	PERMISSIVE	founder_all_reopen_tracker_r2095	authenticated	hospital_repair_job_reopen_tracker_r2095	is_founder()	is_founder()
ALL	PERMISSIVE	hrjvf_r2091_founder_all	authenticated	hospital_repair_job_volume_forecast_r2091	is_founder()	is_founder()
ALL	PERMISSIVE	founder_all_hrjvs_r2107	authenticated	hospital_repair_job_volume_spike_r2107	is_founder()	is_founder()
ALL	PERMISSIVE	founder_all_actionlog_r1967	public	hospital_repair_status_action_log_r1967	is_founder()	is_founder()
ALL	PERMISSIVE	founder_all_status_r1967	public	hospital_repair_status_realtime_r1967	is_founder()	is_founder()
ALL	PERMISSIVE	hrbd_r1907_founder_all	authenticated	hospital_repeat_booking_drivers_r1907	is_founder()	is_founder()
ALL	PERMISSIVE	hrbl_r1907_founder_all	authenticated	hospital_repeat_booking_log_r1907	is_founder()	is_founder()
ALL	PERMISSIVE	p_founder_forecast_r1995	authenticated	hospital_repeat_bookings_forecast_r1995	is_founder()	is_founder()
ALL	PERMISSIVE	p_founder_action_log_r1995	authenticated	hospital_repeat_forecast_action_log_r1995	is_founder()	is_founder()
ALL	PERMISSIVE	founder_all_hospital_replacement_action_log_r2047	authenticated	hospital_replacement_action_log_r2047	is_founder()	is_founder()
ALL	PERMISSIVE	hrq_r1735_founder	authenticated	hospital_replacement_quotes_r1735	is_founder()	is_founder()
ALL	PERMISSIVE	hralr2123_founder_all	authenticated	hospital_review_action_log_r2123	is_founder()	is_founder()
ALL	PERMISSIVE	founder_all	authenticated	hospital_rfp_events_r2207	is_founder()	is_founder()
ALL	PERMISSIVE	founder_all	authenticated	hospital_rfp_responses_r2207	is_founder()	is_founder()
ALL	PERMISSIVE	site_log_founder_r1927	authenticated	hospital_rollout_site_log_r1927	is_founder()	is_founder()
ALL	PERMISSIVE	hsr_founder_all	authenticated	hospital_sales_referrals	is_founder()	is_founder()
ALL	PERMISSIVE	hssv2_weights_founder_only	authenticated	hospital_satisfaction_dim_weights_v2	is_founder()	is_founder()
ALL	PERMISSIVE	hssv2_founder_only	authenticated	hospital_satisfaction_surveys_v2	is_founder()	is_founder()
ALL	PERMISSIVE	founder_all_r2007_act	authenticated	hospital_saturation_action_log_r2007	is_founder()	is_founder()
ALL	PERMISSIVE	hsps_founder_all	authenticated	hospital_save_plan_steps	is_founder()	is_founder()
ALL	PERMISSIVE	hsp_founder_all	authenticated	hospital_save_plans	is_founder()	is_founder()
ALL	PERMISSIVE	hsas_r2099_founder_all	authenticated	hospital_service_audit_schedule_r2099	is_founder()	is_founder()
ALL	PERMISSIVE	founder_all_backlog_r2043	authenticated	hospital_service_backlog_r2043	is_founder()	is_founder()
ALL	PERMISSIVE	founder_all_action_log_r2075	authenticated	hospital_service_calendar_action_log_r2075	is_founder()	is_founder()
ALL	PERMISSIVE	founder_all_heatmap_r1991	authenticated	hospital_service_cancellation_heatmap_r1991	is_founder()	is_founder()
ALL	PERMISSIVE	founder_all_hscf_r2071	authenticated	hospital_service_capacity_forecast_r2071	is_founder()	is_founder()
ALL	PERMISSIVE	founder_all_renewals_r1939	authenticated	hospital_service_contract_renewals_r1939	is_founder()	is_founder()
ALL	PERMISSIVE	founder_all_hscrv2_r2115	authenticated	hospital_service_contract_renewals_v2_r2115	is_founder()	is_founder()
ALL	PERMISSIVE	hscpj_r1879_founder_all	authenticated	hospital_service_cost_per_job_r1879	is_founder()	is_founder()
ALL	PERMISSIVE	founder_all_awards_r1827	authenticated	hospital_service_excellence_awards_r1827	is_founder()	is_founder()
ALL	PERMISSIVE	founder_all_nominations_r1827	authenticated	hospital_service_excellence_nominations_r1827	is_founder()	is_founder()
ALL	PERMISSIVE	founder_all_hses_r1955	authenticated	hospital_service_excellence_surveys_r1955	is_founder()	is_founder()
ALL	PERMISSIVE	founder_all_hsgh_r1831	authenticated	hospital_service_geo_hotspots_r1831	is_founder()	is_founder()
ALL	PERMISSIVE	founder_all_hsgl_r1831	authenticated	hospital_service_geo_locations_r1831	is_founder()	is_founder()
ALL	PERMISSIVE	founder_all_innov_r2027	authenticated	hospital_service_innovation_pipeline_r2027	is_founder()	is_founder()
ALL	PERMISSIVE	hsp_r1795_founder_all	authenticated	hospital_service_pauses_r1795	is_founder()	is_founder()
ALL	PERMISSIVE	hsqd_r1915_founder_all	authenticated	hospital_service_quality_dashboard_r1915	is_founder()	is_founder()
ALL	PERMISSIVE	hssla_r1771_founder_all	authenticated	hospital_service_sla_r1771	is_founder()	is_founder()
ALL	PERMISSIVE	founder_all_hssal_r1955	authenticated	hospital_service_survey_action_log_r1955	is_founder()	is_founder()
ALL	PERMISSIVE	hospital_service_tier_history_r1859_founder	public	hospital_service_tier_history_r1859	is_founder()	is_founder()
ALL	PERMISSIVE	p_tier_r2079	authenticated	hospital_service_tier_pricing_r2079	is_founder()	is_founder()
ALL	PERMISSIVE	hospital_service_tiers_r1859_founder	public	hospital_service_tiers_r1859	is_founder()	is_founder()
ALL	PERMISSIVE	founder_all_anomalies_r1779	authenticated	hospital_service_volume_anomalies_r1779	is_founder()	is_founder()
ALL	PERMISSIVE	founder_all_heatmap_r1779	authenticated	hospital_service_volume_heatmap_r1779	is_founder()	is_founder()
ALL	PERMISSIVE	founder_all_conflicts_r1843	authenticated	hospital_service_window_conflicts_r1843	is_founder()	is_founder()
ALL	PERMISSIVE	hsw_forecast_r1899_founder	authenticated	hospital_service_window_forecast_r1899	is_founder()	is_founder()
ALL	PERMISSIVE	hsw_opt_r1883_founder_all	authenticated	hospital_service_window_optimization_r1883	is_founder()	is_founder()
ALL	PERMISSIVE	hsw_opt_r2059_founder_all	authenticated	hospital_service_window_optimization_r2059	is_founder()	is_founder()
ALL	PERMISSIVE	founder_all_resolution_log_r1843	authenticated	hospital_service_window_resolution_log_r1843	is_founder()	is_founder()
ALL	PERMISSIVE	hsw_rules_r1883_founder_all	authenticated	hospital_service_window_routing_rules_r1883	is_founder()	is_founder()
ALL	PERMISSIVE	hsvo_founder_all	authenticated	hospital_site_visit_outcomes	is_founder()	is_founder()
ALL	PERMISSIVE	hsv_founder_all	authenticated	hospital_site_visits	is_founder()	is_founder()
ALL	PERMISSIVE	hsblog_r1771_founder_all	authenticated	hospital_sla_breach_log_r1771	is_founder()	is_founder()
ALL	PERMISSIVE	hsbl_r1963_founder_all	authenticated	hospital_sla_breach_log_r1963	is_founder()	is_founder()
ALL	PERMISSIVE	founder_all_drift_actions	authenticated	hospital_sla_drift_actions_r1807	is_founder()	is_founder()
ALL	PERMISSIVE	founder_all_drift_log	authenticated	hospital_sla_drift_log_r1807	is_founder()	is_founder()
ALL	PERMISSIVE	hsps_r1963_founder_all	authenticated	hospital_spare_parts_sla_r1963	is_founder()	is_founder()
ALL	PERMISSIVE	founder_all_hsal_r2183	authenticated	hospital_spend_action_log_r2183	is_founder()	is_founder()
ALL	PERMISSIVE	hsrl_r1931_founder	authenticated	hospital_spend_review_log_r1931	is_founder()	is_founder()
ALL	PERMISSIVE	hsq_snap_founder_only	authenticated	hospital_sq_benchmark_snapshots	is_founder()	is_founder()
ALL	PERMISSIVE	hsq_action_founder_only	authenticated	hospital_sq_review_actions	is_founder()	is_founder()
ALL	PERMISSIVE	hse_r1699_founder_all	authenticated	hospital_stakeholder_engagements_r1699	is_founder()	is_founder()
ALL	PERMISSIVE	hs_r1699_founder_all	authenticated	hospital_stakeholders_r1699	is_founder()	is_founder()
ALL	PERMISSIVE	founder_all_stickiness_actions_r2155	authenticated	hospital_stickiness_action_log_r2155	is_founder()	is_founder()
ALL	PERMISSIVE	founder_all_action_log_r1911	authenticated	hospital_stockout_action_log_r1911	is_founder()	is_founder()
ALL	PERMISSIVE	founder_all_log_r2039	authenticated	hospital_supply_action_log_r2039	is_founder()	is_founder()
ALL	PERMISSIVE	hscr_r1943_founder_all	authenticated	hospital_supply_chain_risks_r1943	is_founder()	is_founder()
ALL	PERMISSIVE	founder_all_vis_r2039	authenticated	hospital_supply_chain_visibility_r2039	is_founder()	is_founder()
ALL	PERMISSIVE	hsral_r1943_founder_all	authenticated	hospital_supply_risk_action_log_r1943	is_founder()	is_founder()
ALL	PERMISSIVE	founder_all_action_log_r2191	authenticated	hospital_survey_action_log_r2191	is_founder()	is_founder()
ALL	PERMISSIVE	hosp_sw_act_r1679_founder_all	authenticated	hospital_switching_actions_r1679	is_founder()	is_founder()
ALL	PERMISSIVE	hosp_sw_sig_r1679_founder_all	authenticated	hospital_switching_signals_r1679	is_founder()	is_founder()
ALL	PERMISSIVE	founder_all_intlog_r1919	authenticated	hospital_tech_integration_log_r1919	is_founder()	is_founder()
ALL	PERMISSIVE	founder_all_compat_r1919	authenticated	hospital_tech_stack_compatibility_r1919	is_founder()	is_founder()
ALL	PERMISSIVE	founder_all_tender_action_r2019	authenticated	hospital_tender_action_log_r2019	is_founder()	is_founder()
ALL	PERMISSIVE	founder_all_tender_bids_r1715	authenticated	hospital_tender_bids_r1715	is_founder()	is_founder()
ALL	PERMISSIVE	founder_all_tender_docs_r1715	authenticated	hospital_tender_documents_r1715	is_founder()	is_founder()
ALL	PERMISSIVE	founder_all_tender_eval_r2019	authenticated	hospital_tender_evaluation_r2019	is_founder()	is_founder()
ALL	PERMISSIVE	founder_all	authenticated	hospital_tender_loss_lessons_r2259	is_founder()	is_founder()
ALL	PERMISSIVE	founder_all	authenticated	hospital_tender_losses_r2259	is_founder()	is_founder()
ALL	PERMISSIVE	htao_founder_only	authenticated	hospital_tier_a_onboarding	is_founder()	is_founder()
ALL	PERMISSIVE	htas_founder_only	authenticated	hospital_tier_a_steps	is_founder()	is_founder()
ALL	PERMISSIVE	founder_all_action_log_r2187	authenticated	hospital_transition_action_log_r2187	is_founder()	is_founder()
ALL	PERMISSIVE	founder_all_efforts_r1787	authenticated	hospital_trial_conversion_efforts_r1787	is_founder()	is_founder()
ALL	PERMISSIVE	founder_all_velocity_log_r2167	authenticated	hospital_velocity_action_log_r2167	is_founder()	is_founder()
ALL	PERMISSIVE	r2111_vendor_log_founder	authenticated	hospital_vendor_action_log_r2111	is_founder()	is_founder()
ALL	PERMISSIVE	hvca_r1683_founder	authenticated	hospital_vendor_consolidation_actions_r1683	is_founder()	is_founder()
ALL	PERMISSIVE	hvl_r1683_founder	authenticated	hospital_vendor_listings_r1683	is_founder()	is_founder()
ALL	PERMISSIVE	founder_all	authenticated	hospital_vip_accounts_r2204	is_founder()	is_founder()
ALL	PERMISSIVE	hospital_vip_contacts_founder_only	authenticated	hospital_vip_contacts	is_founder()	is_founder()
ALL	PERMISSIVE	hve_events_founder_all	authenticated	hospital_vip_escalation_events	is_founder()	is_founder()
ALL	PERMISSIVE	hve_founder_all	authenticated	hospital_vip_escalations	is_founder()	is_founder()
ALL	PERMISSIVE	founder_all	authenticated	hospital_vip_escalations_r2204	is_founder()	is_founder()
ALL	PERMISSIVE	founder_all	authenticated	hospital_vip_followups_r2243	is_founder()	is_founder()
ALL	PERMISSIVE	hospital_vip_touchpoints_founder_only	authenticated	hospital_vip_touchpoints	is_founder()	is_founder()
ALL	PERMISSIVE	founder_all	authenticated	hospital_vip_visits_r2243	is_founder()	is_founder()
ALL	PERMISSIVE	founder_all_actions_r2035	authenticated	hospital_voice_action_log_r2035	is_founder()	is_founder()
ALL	PERMISSIVE	founder_all_voice_action_r2127	authenticated	hospital_voice_action_log_r2127	is_founder()	is_founder()
ALL	PERMISSIVE	hval_r2163_founder_all	authenticated	hospital_voice_action_log_r2163	is_founder()	is_founder()
ALL	PERMISSIVE	hve_r1891_founder_all	authenticated	hospital_voice_evolution_r1891	is_founder()	is_founder()
ALL	PERMISSIVE	founder_all_actions_r2067	authenticated	hospital_voice_trend_action_log_r2067	is_founder()	is_founder()
ALL	PERMISSIVE	hval_r2091_founder_all	authenticated	hospital_volume_action_log_r2091	is_founder()	is_founder()
ALL	PERMISSIVE	founder_all_hvsal_r2107	authenticated	hospital_volume_spike_action_log_r2107	is_founder()	is_founder()
ALL	PERMISSIVE	founder_all_hwra_r1903	authenticated	hospital_warranty_renewal_actions_r1903	is_founder()	is_founder()
ALL	PERMISSIVE	founder_all_r2179_actions	authenticated	hospital_win_back_action_log_r2179	is_founder()	is_founder()
ALL	PERMISSIVE	hws_r1815_founder_all	authenticated	hospital_win_stories_r1815	is_founder()	is_founder()
ALL	PERMISSIVE	hwsu_r1815_founder_all	authenticated	hospital_win_story_uses_r1815	is_founder()	is_founder()
ALL	PERMISSIVE	hwa_r1767_founder_all	authenticated	hospital_winback_attempts_r1767	is_founder()	is_founder()
ALL	PERMISSIVE	hsw_actions_r1899_founder	authenticated	hospital_window_capacity_actions_r1899	is_founder()	is_founder()
ALL	PERMISSIVE	hwo_log_r2059_founder_all	authenticated	hospital_window_optimization_log_r2059	is_founder()	is_founder()
ALL	PERMISSIVE	founder_only_writeoff_events	authenticated	hospital_writeoff_events	is_founder()	is_founder()
ALL	PERMISSIVE	founder_only_writeoff_risk	authenticated	hospital_writeoff_risk_snapshots	is_founder()	is_founder()
SELECT	PERMISSIVE	pol_hq_findings_r2953_select	authenticated	hq_lease_audit_findings_r2953	is_founder()	
SELECT	PERMISSIVE	pol_hq_lease_r2953_select	authenticated	hq_lease_renewal_candidates_r2953	is_founder()	
ALL	PERMISSIVE	founder_all	authenticated	icmr_research_projects_r2727	is_founder()	is_founder()
ALL	PERMISSIVE	founder_all	authenticated	icmr_research_publications_r2727	is_founder()	is_founder()
ALL	PERMISSIVE	icu_monitor_leadwire_audits_r3063_founder_all	authenticated	icu_monitor_leadwire_audits_r3063	is_founder()	is_founder()
ALL	PERMISSIVE	icu_monitor_leadwire_remediation_r3063_founder_all	authenticated	icu_monitor_leadwire_remediation_r3063	is_founder()	is_founder()
ALL	PERMISSIVE	founder_all	authenticated	incentive_leakage_audit_r2422	is_founder()	is_founder()
ALL	PERMISSIVE	findings_r2963_founder	authenticated	incubator_brand_audit_findings_r2963	is_founder()	
ALL	PERMISSIVE	fleet_units_r2963_founder	authenticated	incubator_brand_fleet_units_r2963	is_founder()	
SELECT	PERMISSIVE	founder_read_drift_r3075	authenticated	incubator_probe_drift_audits_r3075	is_founder()	
SELECT	PERMISSIVE	founder_read_rem_r3075	authenticated	incubator_safety_remediation_r3075	is_founder()	
ALL	PERMISSIVE	ipi_r3023_founder_all	authenticated	infusion_pump_inventory_r3023	is_founder()	is_founder()
ALL	PERMISSIVE	founder_all	authenticated	installed_base_upsell_actions_r2575	is_founder()	is_founder()
ALL	PERMISSIVE	founder_all	authenticated	internal_tool_candidates_r2797	is_founder()	is_founder()
ALL	PERMISSIVE	founder_all	authenticated	internal_tool_decisions_r2797	is_founder()	is_founder()
ALL	PERMISSIVE	ira_r3005_founder_all	public	inventor_recognition_audit_r3005	is_founder()	is_founder()
ALL	PERMISSIVE	founder_all	authenticated	investment_decision_actions_r2639	is_founder()	is_founder()
ALL	PERMISSIVE	investor_409a_grant_log_r1949_founder_all	authenticated	investor_409a_grant_log_r1949	is_founder()	is_founder()
ALL	PERMISSIVE	investor_409a_valuations_r1949_founder_all	authenticated	investor_409a_valuations_r1949	is_founder()	is_founder()
ALL	PERMISSIVE	founder_all_inv422_tests_r1857	authenticated	investor_422_substantial_tests_r1857	is_founder()	is_founder()
ALL	PERMISSIVE	founder_all_inv422_docs_r1857	authenticated	investor_422_test_documents_r1857	is_founder()	is_founder()
ALL	PERMISSIVE	founder_all_506b_attestations_r1809	authenticated	investor_506b_attestations_r1809	is_founder()	is_founder()
ALL	PERMISSIVE	founder_all_506b_compliance_r1809	authenticated	investor_506b_compliance_r1809	is_founder()	is_founder()
ALL	PERMISSIVE	founder_all_actions_r2009	authenticated	investor_8x8_action_log_r2009	is_founder()	is_founder()
ALL	PERMISSIVE	founder_all_packs_r2009	authenticated	investor_8x8_reporting_packs_r2009	is_founder()	is_founder()
ALL	PERMISSIVE	founder_all_iaal_r2137	authenticated	investor_alert_action_log_r2137	is_founder()	is_founder()
ALL	PERMISSIVE	p_founder_action_r2057	authenticated	investor_allocation_action_log_r2057	is_founder()	is_founder()
ALL	PERMISSIVE	p_founder_cap_r2057	authenticated	investor_allocation_cap_r2057	is_founder()	is_founder()
ALL	PERMISSIVE	founder_all_action_r2157	authenticated	investor_amendment_action_log_r2157	is_founder()	is_founder()
ALL	PERMISSIVE	p_founder_all_anniv_r1725	authenticated	investor_anniversary_dates_r1725	is_founder()	is_founder()
ALL	PERMISSIVE	founder_all_r1837_gifts	authenticated	investor_anniversary_gifts_r1837	is_founder()	is_founder()
ALL	PERMISSIVE	p_founder_all_outreach_r1725	authenticated	investor_anniversary_outreach_log_r1725	is_founder()	is_founder()
ALL	PERMISSIVE	p_ialdr1905_founder	authenticated	investor_annual_letter_drafts_r1905	is_founder()	is_founder()
ALL	PERMISSIVE	founder_all_ialr_r1741	authenticated	investor_annual_letter_reactions_r1741	is_founder()	is_founder()
ALL	PERMISSIVE	founder_all_ial_r1741	authenticated	investor_annual_letters_r1741	is_founder()	is_founder()
ALL	PERMISSIVE	founder_all_iaral_r2081	authenticated	investor_annual_report_action_log_r2081	is_founder()	is_founder()
ALL	PERMISSIVE	iarrl_r2129_founder_all	authenticated	investor_annual_report_reaction_log_r2129	is_founder()	is_founder()
ALL	PERMISSIVE	founder_all_iars_r2081	authenticated	investor_annual_report_schedule_r2081	is_founder()	is_founder()
ALL	PERMISSIVE	founder_all_actions_r1965	authenticated	investor_anti_dilution_action_log_r1965	is_founder()	is_founder()
ALL	PERMISSIVE	adl_r2165_founder	authenticated	investor_anti_dilution_action_log_r2165	is_founder()	is_founder()
ALL	PERMISSIVE	founder_all_triggers_r1965	authenticated	investor_anti_dilution_triggers_r1965	is_founder()	is_founder()
ALL	PERMISSIVE	iatc_r1981_founder_all	authenticated	investor_audit_trail_compliance_r1981	is_founder()	is_founder()
ALL	PERMISSIVE	iatl_r1981_founder_all	authenticated	investor_audit_trail_log_r1981	is_founder()	is_founder()
ALL	PERMISSIVE	founder_all_inv_benef_r1753	authenticated	investor_beneficiaries_r1753	is_founder()	is_founder()
ALL	PERMISSIVE	founder_all_inv_benef_doc_r1753	authenticated	investor_beneficiary_documents_r1753	is_founder()	is_founder()
ALL	PERMISSIVE	founder_all	authenticated	investor_board_pack_sends_r2429	is_founder()	is_founder()
ALL	PERMISSIVE	founder_all_assump_r1893	authenticated	investor_bridge_financing_assumptions_r1893	is_founder()	is_founder()
ALL	PERMISSIVE	founder_all_calcs_r1893	authenticated	investor_bridge_financing_calculators_r1893	is_founder()	is_founder()
ALL	PERMISSIVE	bridge_participants_founder_all	authenticated	investor_bridge_participants_r1853	is_founder()	is_founder()
ALL	PERMISSIVE	bridge_rounds_founder_all	authenticated	investor_bridge_rounds_r1853	is_founder()	is_founder()
ALL	PERMISSIVE	founder_all_buyback_actions_r2185	authenticated	investor_buyback_action_log_r2185	is_founder()	is_founder()
ALL	PERMISSIVE	drills_r2889_founder_all	authenticated	investor_call_objection_drills_r2889	is_founder()	is_founder()
ALL	PERMISSIVE	founder_only_docs_r1777	authenticated	investor_cap_refresh_documents_r1777	is_founder()	is_founder()
ALL	PERMISSIVE	founder_only_sched_r1777	authenticated	investor_cap_refresh_schedule_r1777	is_founder()	is_founder()
ALL	PERMISSIVE	founder_all_forecasts_r1961	authenticated	investor_cap_round_forecasts_r1961	is_founder()	is_founder()
ALL	PERMISSIVE	founder_all_scenarios_r1961	authenticated	investor_cap_round_scenario_log_r1961	is_founder()	is_founder()
ALL	PERMISSIVE	adt_r2165_founder	authenticated	investor_cap_table_anti_dilution_trigger_r2165	is_founder()	is_founder()
ALL	PERMISSIVE	founder_all_buyback_r2185	authenticated	investor_cap_table_buyback_r2185	is_founder()	is_founder()
ALL	PERMISSIVE	founder_all_trigger_r2193	authenticated	investor_cap_table_conversion_trigger_r2193	is_founder()	is_founder()
ALL	PERMISSIVE	founder_all_pref_r2189	authenticated	investor_cap_table_dividend_preference_r2189	is_founder()	is_founder()
ALL	PERMISSIVE	founder_all_drags_r2149	authenticated	investor_cap_table_drag_along_tracker_r2149	is_founder()	is_founder()
ALL	PERMISSIVE	founder_all_drift_r1929	authenticated	investor_cap_table_drift_r1929	is_founder()	is_founder()
ALL	PERMISSIVE	founder_all_r2181_refresh	authenticated	investor_cap_table_equity_refresh_r2181	is_founder()	is_founder()
ALL	PERMISSIVE	founder_all_lockup_r2101	authenticated	investor_cap_table_lockup_r2101	is_founder()	is_founder()
ALL	PERMISSIVE	founder_all_grants_r2177	authenticated	investor_cap_table_option_grant_r2177	is_founder()	is_founder()
ALL	PERMISSIVE	founder_all_recon_r1929	authenticated	investor_cap_table_reconciliation_log_r1929	is_founder()	is_founder()
ALL	PERMISSIVE	founder_all_sched_r2077	authenticated	investor_cap_table_reconciliation_schedule_r2077	is_founder()	is_founder()
ALL	PERMISSIVE	founder_all_classes_r2173	authenticated	investor_cap_table_share_class_tracker_r2173	is_founder()	is_founder()
ALL	PERMISSIVE	founder_all_rev_r2021	authenticated	investor_cap_table_snapshot_review_log_r2021	is_founder()	is_founder()
ALL	PERMISSIVE	founder_all_snap_r2021	authenticated	investor_cap_table_snapshots_r2021	is_founder()	is_founder()
ALL	PERMISSIVE	founder_all_plan_tracker_r2169	authenticated	investor_cap_table_stock_plan_tracker_r2169	is_founder()	is_founder()
ALL	PERMISSIVE	founder_all_schedule_r2153	authenticated	investor_cap_table_vesting_schedule_r2153	is_founder()	is_founder()
ALL	PERMISSIVE	founder_all_icadl_r1877	authenticated	investor_capital_account_dispute_log_r1877	is_founder()	is_founder()
ALL	PERMISSIVE	founder_all_icas_r1877	authenticated	investor_capital_account_statements_r1877	is_founder()	is_founder()
ALL	PERMISSIVE	iccl_r1909_founder_all	authenticated	investor_capital_call_log_r1909	is_founder()	is_founder()
ALL	PERMISSIVE	iccm_r1697_founder_all	authenticated	investor_capital_call_messages_r1697	is_founder()	is_founder()
ALL	PERMISSIVE	iccs_r1909_founder_all	authenticated	investor_capital_call_schedule_r1909	is_founder()	is_founder()
ALL	PERMISSIVE	icc_calls_founder_only	authenticated	investor_capital_calls	is_founder()	is_founder()
ALL	PERMISSIVE	icc_r1697_founder_all	authenticated	investor_capital_calls_r1697	is_founder()	is_founder()
ALL	PERMISSIVE	icc_founder_only	authenticated	investor_capital_commitments	is_founder()	is_founder()
ALL	PERMISSIVE	founder_all_entries_r1821	authenticated	investor_capital_pool_entries_r1821	is_founder()	is_founder()
ALL	PERMISSIVE	founder_all_events_r1821	authenticated	investor_capital_pool_events_r1821	is_founder()	is_founder()
ALL	PERMISSIVE	founder_all_recall_comms_r1885	authenticated	investor_capital_recall_comms_r1885	is_founder()	is_founder()
ALL	PERMISSIVE	p_icrd_r1869_founder	authenticated	investor_capital_recall_documents_r1869	is_founder()	is_founder()
ALL	PERMISSIVE	p_icr_r1869_founder	authenticated	investor_capital_recalls_r1869	is_founder()	is_founder()
ALL	PERMISSIVE	p_founder_actions_r1985	authenticated	investor_carry_action_log_r1985	is_founder()	is_founder()
ALL	PERMISSIVE	p_founder_calcs_r1985	authenticated	investor_carry_calculations_r1985	is_founder()	is_founder()
ALL	PERMISSIVE	p_founder_all_cim_dist_r1889	authenticated	investor_cim_distributions_r1889	is_founder()	is_founder()
ALL	PERMISSIVE	p_founder_all_cim_views_r1889	authenticated	investor_cim_view_metrics_r1889	is_founder()	is_founder()
ALL	PERMISSIVE	founder_all_obs_r1769	authenticated	investor_co_investment_observations_r1769	is_founder()	is_founder()
ALL	PERMISSIVE	founder_all_pairs_r1769	authenticated	investor_co_investment_pairings_r1769	is_founder()	is_founder()
ALL	PERMISSIVE	co_inv_log_r2033_founder_all	authenticated	investor_co_investor_action_log_r2033	is_founder()	is_founder()
ALL	PERMISSIVE	co_inv_net_r2033_founder_all	authenticated	investor_co_investor_network_r2033	is_founder()	is_founder()
ALL	PERMISSIVE	founder_all_actions_r2089	authenticated	investor_co_sale_action_log_r2089	is_founder()	is_founder()
ALL	PERMISSIVE	founder_all_rights_r2089	authenticated	investor_co_sale_rights_r2089	is_founder()	is_founder()
ALL	PERMISSIVE	p_inv_cold_actions_founder_only	authenticated	investor_cold_actions	is_founder()	is_founder()
ALL	PERMISSIVE	iccl_r1833_founder_all	authenticated	investor_comm_consent_log_r1833	is_founder()	is_founder()
ALL	PERMISSIVE	icp_r1833_founder_all	authenticated	investor_comm_preferences_r1833	is_founder()	is_founder()
ALL	PERMISSIVE	icsc_r1793_founder	authenticated	investor_commit_state_changes_r1793	is_founder()	is_founder()
ALL	PERMISSIVE	p_iccc_r1681_founder_all	authenticated	investor_comms_commitments_r1681	is_founder()	is_founder()
ALL	PERMISSIVE	p_iccd_r1681_founder_all	authenticated	investor_comms_deliveries_r1681	is_founder()	is_founder()
ALL	PERMISSIVE	icfa_r2073_founder_all	authenticated	investor_communication_frequency_audit_r2073	is_founder()	is_founder()
ALL	PERMISSIVE	founder_all_cadence_r2029	authenticated	investor_communication_touch_cadence_r2029	is_founder()	is_founder()
ALL	PERMISSIVE	ical_r2125_founder_all	authenticated	investor_compliance_action_log_r2125	is_founder()	is_founder()
ALL	PERMISSIVE	founder_all_log_r2013	authenticated	investor_compliance_checkin_log_r2013	is_founder()	is_founder()
ALL	PERMISSIVE	founder_all_schedule_r2013	authenticated	investor_compliance_checkin_schedule_r2013	is_founder()	is_founder()
ALL	PERMISSIVE	founder_all_actions_r2069	authenticated	investor_confidentiality_action_log_r2069	is_founder()	is_founder()
ALL	PERMISSIVE	founder_all_agreements_r2069	authenticated	investor_confidentiality_agreements_r2069	is_founder()	is_founder()
ALL	PERMISSIVE	founder_all_action_r2193	authenticated	investor_conversion_action_log_r2193	is_founder()	is_founder()
ALL	PERMISSIVE	founder_only_icne	authenticated	investor_convertible_note_events	is_founder()	is_founder()
ALL	PERMISSIVE	p_icn_log_r1969_founder	authenticated	investor_convertible_note_log_r1969	is_founder()	is_founder()
ALL	PERMISSIVE	founder_only_icn	authenticated	investor_convertible_notes	is_founder()	is_founder()
ALL	PERMISSIVE	p_icn_r1969_founder	authenticated	investor_convertible_notes_r1969	is_founder()	is_founder()
ALL	PERMISSIVE	founder_all	authenticated	investor_correspondence_follow_ups_r2517	is_founder()	is_founder()
ALL	PERMISSIVE	founder_all_treasury_log_r1957	authenticated	investor_crypto_treasury_log_r1957	is_founder()	is_founder()
ALL	PERMISSIVE	founder_all_treasury_r1957	authenticated	investor_crypto_treasury_r1957	is_founder()	is_founder()
ALL	PERMISSIVE	founder_all_action_r2061	authenticated	investor_data_room_action_log_r2061	is_founder()	is_founder()
ALL	PERMISSIVE	founder_all_audit_r2061	authenticated	investor_data_room_audit_log_r2061	is_founder()	is_founder()
ALL	PERMISSIVE	founder_all_inventory_r2093	authenticated	investor_data_room_inventory_r2093	is_founder()	is_founder()
ALL	PERMISSIVE	founder_all	authenticated	investor_data_room_sections_r2609	is_founder()	is_founder()
ALL	PERMISSIVE	p_inv_dr_access_founder_only	authenticated	investor_dataroom_access_log	is_founder()	is_founder()
ALL	PERMISSIVE	founder_all	authenticated	investor_dd_question_events_r2210	is_founder()	is_founder()
ALL	PERMISSIVE	founder_all	authenticated	investor_dd_questions_r2210	is_founder()	is_founder()
ALL	PERMISSIVE	founder_all_action_r2085	authenticated	investor_deal_closing_action_log_r2085	is_founder()	is_founder()
ALL	PERMISSIVE	founder_all_pipeline_r2085	authenticated	investor_deal_closing_pipeline_r2085	is_founder()	is_founder()
ALL	PERMISSIVE	founder_only_inv_dd_faq	authenticated	investor_diligence_faq	is_founder()	is_founder()
ALL	PERMISSIVE	founder_only_inv_dd_faq_rev	authenticated	investor_diligence_faq_revisions	is_founder()	is_founder()
ALL	PERMISSIVE	p_inv_dilig_items_founder	public	investor_diligence_items	is_founder()	is_founder()
ALL	PERMISSIVE	p_inv_dilig_ms_founder	public	investor_diligence_milestones	is_founder()	is_founder()
ALL	PERMISSIVE	founder_all_r2001_actions	authenticated	investor_director_action_log_r2001	is_founder()	is_founder()
ALL	PERMISSIVE	founder_all_r2001_elections	authenticated	investor_director_elections_r2001	is_founder()	is_founder()
ALL	PERMISSIVE	founder_all_action_r2025	authenticated	investor_distribution_action_log_r2025	is_founder()	is_founder()
ALL	PERMISSIVE	p_idc_r1745_founder	authenticated	investor_distribution_communications_r1745	is_founder()	is_founder()
ALL	PERMISSIVE	p_ids_r1745_founder	authenticated	investor_distribution_schedule_r1745	is_founder()	is_founder()
ALL	PERMISSIVE	founder_all_actions_r2005	authenticated	investor_dividend_action_log_r2005	is_founder()	is_founder()
ALL	PERMISSIVE	founder_all_dist_r2005	authenticated	investor_dividend_distributions_r2005	is_founder()	is_founder()
ALL	PERMISSIVE	founder_all_log_r2189	authenticated	investor_dividend_pref_action_log_r2189	is_founder()	is_founder()
ALL	PERMISSIVE	founder_all_drag_actions_r2149	authenticated	investor_drag_along_action_log_r2149	is_founder()	is_founder()
ALL	PERMISSIVE	founder_all_consents_r1897	authenticated	investor_drag_along_consents_r1897	is_founder()	is_founder()
ALL	PERMISSIVE	founder_all_thresholds_r1897	authenticated	investor_drag_along_thresholds_r1897	is_founder()	is_founder()
ALL	PERMISSIVE	founder_all_r2181_actions	authenticated	investor_equity_refresh_action_log_r2181	is_founder()	is_founder()
ALL	PERMISSIVE	p_ifc_r1813_founder	authenticated	investor_family_communications_r1813	is_founder()	is_founder()
ALL	PERMISSIVE	p_ifee_r1813_founder	authenticated	investor_family_engagement_events_r1813	is_founder()	is_founder()
ALL	PERMISSIVE	p_ifom_r1765_founder_all	authenticated	investor_family_office_meetings_r1765	is_founder()	is_founder()
ALL	PERMISSIVE	p_ifo_r1765_founder_all	authenticated	investor_family_offices_r1765	is_founder()	is_founder()
ALL	PERMISSIVE	founder_only_investor_forecast_scenarios	authenticated	investor_forecast_scenarios	is_founder()	is_founder()
ALL	PERMISSIVE	founder_only_investor_forecast_snapshots	authenticated	investor_forecast_snapshots	is_founder()	is_founder()
ALL	PERMISSIVE	ifal_r2073_founder_all	authenticated	investor_frequency_action_log_r2073	is_founder()	is_founder()
ALL	PERMISSIVE	founder_all_r1837_reactions	authenticated	investor_gift_reaction_log_r1837	is_founder()	is_founder()
ALL	PERMISSIVE	founder_all_iipl_r1917	authenticated	investor_info_packet_log_r1917	is_founder()	is_founder()
ALL	PERMISSIVE	founder_all_iir_r1917	authenticated	investor_information_rights_r1917	is_founder()	is_founder()
ALL	PERMISSIVE	founder_all_outcomes_r1729	authenticated	investor_intro_outcome_log_r1729	is_founder()	is_founder()
ALL	PERMISSIVE	founder_all_action_log_r2093	authenticated	investor_inventory_action_log_r2093	is_founder()	is_founder()
ALL	PERMISSIVE	founder_all_irr_log_r2037	authenticated	investor_irr_action_log_r2037	is_founder()	is_founder()
ALL	PERMISSIVE	founder_all_irr_cmp_r1849	authenticated	investor_irr_benchmark_comparisons_r1849	is_founder()	is_founder()
ALL	PERMISSIVE	founder_all_irr_notes_r1849	authenticated	investor_irr_benchmark_notes_r1849	is_founder()	is_founder()
ALL	PERMISSIVE	founder_all_irr_calc_r1829	authenticated	investor_irr_calculations_r1829	is_founder()	is_founder()
ALL	PERMISSIVE	founder_all_irr_calc_r2037	authenticated	investor_irr_calculations_r2037	is_founder()	is_founder()
ALL	PERMISSIVE	founder_all_irr_flow_r1829	authenticated	investor_irr_cash_flows_r1829	is_founder()	is_founder()
ALL	PERMISSIVE	founder_all_milestones_r1789	authenticated	investor_kpi_milestone_alerts_r1789	is_founder()	is_founder()
SELECT	PERMISSIVE	claims_founder_only_r2901	authenticated	investor_letter_claims_r2901	is_founder()	
ALL	PERMISSIVE	p_ilrr1905_founder	authenticated	investor_letter_revisions_r1905	is_founder()	is_founder()
ALL	PERMISSIVE	founder_all_ilsl_r2017	authenticated	investor_letter_send_log_r2017	is_founder()	is_founder()
ALL	PERMISSIVE	letters_r3057_founder_all	public	investor_letters_r3057	is_founder()	is_founder()
ALL	PERMISSIVE	founder_all_lpa_r2053	authenticated	investor_limited_partner_agreements_r2053	is_founder()	is_founder()
ALL	PERMISSIVE	founder_all_stack_r1937	authenticated	investor_liquidation_preference_stack_r1937	is_founder()	is_founder()
ALL	PERMISSIVE	founder_all_stack_log_r1937	authenticated	investor_liquidation_stack_action_log_r1937	is_founder()	is_founder()
ALL	PERMISSIVE	founder_all_pre_ipo_buyers_r1841	authenticated	investor_liquidity_secondary_buyers_r1841	is_founder()	is_founder()
ALL	PERMISSIVE	founder_all_lockup_action_r2101	authenticated	investor_lockup_action_log_r2101	is_founder()	is_founder()
ALL	PERMISSIVE	founder_all_r1721_perks	authenticated	investor_loyalty_perk_activations_r1721	is_founder()	is_founder()
ALL	PERMISSIVE	founder_all_r1721_tiers	authenticated	investor_loyalty_tiers_r1721	is_founder()	is_founder()
ALL	PERMISSIVE	founder_all_cadence_r1933	authenticated	investor_lp_update_cadence_r1933	is_founder()	is_founder()
ALL	PERMISSIVE	founder_all_send_log_r1933	authenticated	investor_lp_update_send_log_r1933	is_founder()	is_founder()
ALL	PERMISSIVE	founder_all_lpa_action_r2053	authenticated	investor_lpa_action_log_r2053	is_founder()	is_founder()
ALL	PERMISSIVE	founder_all	authenticated	investor_monthly_updates_r2441	is_founder()	is_founder()
ALL	PERMISSIVE	p_founder_all_nda_r2121	authenticated	investor_mutual_nda_tracker_r2121	is_founder()	is_founder()
ALL	PERMISSIVE	founder_all	authenticated	investor_narrative_reactions_r2769	is_founder()	is_founder()
ALL	PERMISSIVE	founder_all_nav_log_r1945	authenticated	investor_nav_action_log_r1945	is_founder()	is_founder()
ALL	PERMISSIVE	founder_all_nda_access_log_r1801	authenticated	investor_nda_access_log_r1801	is_founder()	is_founder()
ALL	PERMISSIVE	p_founder_all_nda_act_r2121	authenticated	investor_nda_action_log_r2121	is_founder()	is_founder()
ALL	PERMISSIVE	founder_all_nda_vault_r1801	authenticated	investor_nda_vault_r1801	is_founder()	is_founder()
ALL	PERMISSIVE	founder_all_act_r1989	authenticated	investor_negotiation_action_log_r1989	is_founder()	is_founder()
ALL	PERMISSIVE	founder_all_intros_r1729	authenticated	investor_network_intros_r1729	is_founder()	is_founder()
ALL	PERMISSIVE	p_inld_r1805_founder	public	investor_newsletter_distributions_r1805	is_founder()	is_founder()
ALL	PERMISSIVE	founder_all_newsletter_reactions_r1689	authenticated	investor_newsletter_reactions_r1689	is_founder()	is_founder()
ALL	PERMISSIVE	p_inrs_r1805_founder	public	investor_newsletter_recipient_segments_r1805	is_founder()	is_founder()
ALL	PERMISSIVE	founder_all_insl_r1873	authenticated	investor_newsletter_send_log_r1873	is_founder()	is_founder()
ALL	PERMISSIVE	founder_all_subs_r2049	authenticated	investor_newsletter_subscriptions_r2049	is_founder()	is_founder()
ALL	PERMISSIVE	founder_all_newsletters_r1689	authenticated	investor_newsletters_r1689	is_founder()	is_founder()
ALL	PERMISSIVE	narrative_beats_founder_only	authenticated	investor_next_round_narrative_beats	is_founder()	is_founder()
ALL	PERMISSIVE	narrative_critique_founder_only	authenticated	investor_next_round_narrative_critique	is_founder()	is_founder()
ALL	PERMISSIVE	p_founder_all_inv_open_item_updates_r1861	authenticated	investor_open_item_updates_r1861	is_founder()	is_founder()
ALL	PERMISSIVE	p_founder_all_inv_open_items_r1861	authenticated	investor_open_items_tracker_r1861	is_founder()	is_founder()
ALL	PERMISSIVE	founder_all_actions_r2177	authenticated	investor_option_grant_action_log_r2177	is_founder()	is_founder()
ALL	PERMISSIVE	founder_all_milestones_r1737	authenticated	investor_partnership_milestones_r1737	is_founder()	is_founder()
ALL	PERMISSIVE	founder_all_ipr_r1749	authenticated	investor_performance_reports_r1749	is_founder()	is_founder()
ALL	PERMISSIVE	founder_all_action_r2041	authenticated	investor_pipeline_action_log_r2041	is_founder()	is_founder()
ALL	PERMISSIVE	founder_all_hist_r1705	authenticated	investor_pipeline_stage_history_r1705	is_founder()	is_founder()
ALL	PERMISSIVE	founder_all_states_r1705	authenticated	investor_pipeline_states_r1705	is_founder()	is_founder()
ALL	PERMISSIVE	founder_only_inv_pipeline_v2	authenticated	investor_pipeline_v2	is_founder()	is_founder()
ALL	PERMISSIVE	founder_only_inv_pipeline_v2_events	authenticated	investor_pipeline_v2_events	is_founder()	is_founder()
ALL	PERMISSIVE	ipf_r1921_founder_all	authenticated	investor_pitch_feedback_r1921	is_founder()	is_founder()
ALL	PERMISSIVE	ipi_r1921_founder_all	authenticated	investor_pitch_iterations_r1921	is_founder()	is_founder()
ALL	PERMISSIVE	ipmd_r1817_founder_all	authenticated	investor_pitch_material_distributions_r1817	is_founder()	is_founder()
ALL	PERMISSIVE	ipmvl_r1817_founder_all	authenticated	investor_pitch_material_view_log_r1817	is_founder()	is_founder()
ALL	PERMISSIVE	founder_only_investor_portfolio_logo_events	authenticated	investor_portfolio_logo_events	is_founder()	is_founder()
ALL	PERMISSIVE	founder_only_investor_portfolio_logos	authenticated	investor_portfolio_logos	is_founder()	is_founder()
ALL	PERMISSIVE	ipua_founder_only	authenticated	investor_portfolio_update_actions	is_founder()	is_founder()
ALL	PERMISSIVE	ipu_founder_only	authenticated	investor_portfolio_updates	is_founder()	is_founder()
ALL	PERMISSIVE	founder_all_actions_r1997	authenticated	investor_pre_emption_action_log_r1997	is_founder()	is_founder()
ALL	PERMISSIVE	founder_all_rights_r1997	authenticated	investor_pre_emption_rights_r1997	is_founder()	is_founder()
ALL	PERMISSIVE	founder_all_pre_ipo_offers_r1841	authenticated	investor_pre_ipo_liquidity_offers_r1841	is_founder()	is_founder()
ALL	PERMISSIVE	founder_all_press_followups_r1717	authenticated	investor_press_followups_r1717	is_founder()	is_founder()
ALL	PERMISSIVE	founder_all_press_mentions_r1717	authenticated	investor_press_mentions_r1717	is_founder()	is_founder()
ALL	PERMISSIVE	iprdv2_r1901_founder_all	authenticated	investor_pro_rata_decisions_v2_r1901	is_founder()	is_founder()
ALL	PERMISSIVE	founder_all_exercises_r1669	authenticated	investor_pro_rata_exercises_r1669	is_founder()	is_founder()
ALL	PERMISSIVE	iprr_followup_founder_only	authenticated	investor_pro_rata_followups	is_founder()	is_founder()
ALL	PERMISSIVE	iprr_founder_only	authenticated	investor_pro_rata_rights	is_founder()	is_founder()
ALL	PERMISSIVE	founder_all_rights_r1669	authenticated	investor_pro_rata_rights_r1669	is_founder()	is_founder()
ALL	PERMISSIVE	iprrv2_r1901_founder_all	authenticated	investor_pro_rata_rights_v2_r1901	is_founder()	is_founder()
ALL	PERMISSIVE	founder_all	authenticated	investor_pulse_log_r2429	is_founder()	is_founder()
SELECT	PERMISSIVE	qa_a_founder_r2957	authenticated	investor_qa_prep_answers_r2957	is_founder()	
SELECT	PERMISSIVE	qa_q_founder_r2957	authenticated	investor_qa_prep_questions_r2957	is_founder()	
ALL	PERMISSIVE	founder_all_plan_r2025	authenticated	investor_quarterly_distribution_plan_r2025	is_founder()	is_founder()
ALL	PERMISSIVE	founder_all_kpis_r1789	authenticated	investor_quarterly_kpis_r1789	is_founder()	is_founder()
ALL	PERMISSIVE	founder_all_iql_r2017	authenticated	investor_quarterly_letters_r2017	is_founder()	is_founder()
ALL	PERMISSIVE	founder_all_nav_r1945	authenticated	investor_quarterly_nav_r1945	is_founder()	is_founder()
ALL	PERMISSIVE	founder_all_iqn_r1873	authenticated	investor_quarterly_newsletters_r1873	is_founder()	is_founder()
ALL	PERMISSIVE	founder_all_iqur_r1713	authenticated	investor_quarterly_update_reviewers_r1713	is_founder()	is_founder()
ALL	PERMISSIVE	founder_all_iqu_r1713	authenticated	investor_quarterly_updates_r1713	is_founder()	is_founder()
ALL	PERMISSIVE	founder_all	authenticated	investor_quote_highlights_r2325	is_founder()	is_founder()
ALL	PERMISSIVE	founder_all	authenticated	investor_quote_weekly_themes_r2325	is_founder()	is_founder()
ALL	PERMISSIVE	iral_r2129_founder_all	authenticated	investor_reaction_action_log_r2129	is_founder()	is_founder()
ALL	PERMISSIVE	founder_all_recall_responses_r1885	authenticated	investor_recall_comm_responses_r1885	is_founder()	is_founder()
ALL	PERMISSIVE	founder_all_act_r2077	authenticated	investor_reconciliation_action_log_r2077	is_founder()	is_founder()
ALL	PERMISSIVE	iref_calls_founder_all	authenticated	investor_reference_calls	is_founder()	is_founder()
ALL	PERMISSIVE	founder_all_ref_calls_r1673	authenticated	investor_reference_calls_r1673	is_founder()	is_founder()
ALL	PERMISSIVE	founder_all_irc_r1913	authenticated	investor_reference_checks_r1913	is_founder()	is_founder()
ALL	PERMISSIVE	founder_all_ref_questions_r1673	authenticated	investor_reference_questions_r1673	is_founder()	is_founder()
ALL	PERMISSIVE	iref_quota_founder_all	authenticated	investor_reference_quota	is_founder()	is_founder()
ALL	PERMISSIVE	founder_all_irrl_r1913	authenticated	investor_reference_response_log_r1913	is_founder()	is_founder()
ALL	PERMISSIVE	founder_all_irb_r1733	authenticated	investor_referral_bonuses_r1733	is_founder()	is_founder()
ALL	PERMISSIVE	founder_all_irc_r1733	authenticated	investor_referral_communications_r1733	is_founder()	is_founder()
ALL	PERMISSIVE	inv_ref_payouts_founder_all	authenticated	investor_referral_payouts	is_founder()	is_founder()
ALL	PERMISSIVE	inv_ref_founder_all	authenticated	investor_referrals	is_founder()	is_founder()
ALL	PERMISSIVE	founder_all_irdl_r1749	authenticated	investor_report_dispute_log_r1749	is_founder()	is_founder()
ALL	PERMISSIVE	irc_r1781_founder	authenticated	investor_reporting_calendar_r1781	is_founder()	is_founder()
ALL	PERMISSIVE	ircl_r2125_founder_all	authenticated	investor_reporting_compliance_log_r2125	is_founder()	is_founder()
ALL	PERMISSIVE	ird_r1781_founder	authenticated	investor_reporting_deliverables_r1781	is_founder()	is_founder()
ALL	PERMISSIVE	founder_reserve_act_r2105	authenticated	investor_reserve_action_log_r2105	is_founder()	is_founder()
ALL	PERMISSIVE	founder_reserve_r2105	authenticated	investor_reserve_capital_tracker_r2105	is_founder()	is_founder()
ALL	PERMISSIVE	iral_r2133_founder_all	authenticated	investor_rofr_action_log_r2133	is_founder()	is_founder()
ALL	PERMISSIVE	irt_r2133_founder_all	authenticated	investor_rofr_tracker_r2133	is_founder()	is_founder()
ALL	PERMISSIVE	founder_all_changes_r1773	authenticated	investor_round_negotiation_changes_r1773	is_founder()	is_founder()
ALL	PERMISSIVE	founder_all_notes_r1773	authenticated	investor_round_negotiation_notes_r1773	is_founder()	is_founder()
ALL	PERMISSIVE	founder_all_funnel_r2041	authenticated	investor_round_pipeline_funnel_r2041	is_founder()	is_founder()
ALL	PERMISSIVE	founder_all_models_r1785	authenticated	investor_safe_conversion_models_r1785	is_founder()	is_founder()
ALL	PERMISSIVE	founder_all_scenarios_r1785	authenticated	investor_safe_conversion_scenarios_r1785	is_founder()	is_founder()
ALL	PERMISSIVE	safe_events_founder_all	authenticated	investor_safe_events	is_founder()	is_founder()
ALL	PERMISSIVE	founder_all_assumptions_r1825	authenticated	investor_safe_maturity_assumptions_r1825	is_founder()	is_founder()
ALL	PERMISSIVE	founder_all_forecasts_r1825	authenticated	investor_safe_maturity_forecasts_r1825	is_founder()	is_founder()
ALL	PERMISSIVE	founder_all_safe_log_r1973	authenticated	investor_safe_note_log_r1973	is_founder()	is_founder()
ALL	PERMISSIVE	isn_founder_all	authenticated	investor_safe_notes	is_founder()	is_founder()
ALL	PERMISSIVE	founder_all_safes_r1973	authenticated	investor_safe_notes_r1973	is_founder()	is_founder()
ALL	PERMISSIVE	isrq_founder_all	authenticated	investor_safe_refresh_queue	is_founder()	is_founder()
ALL	PERMISSIVE	safes_founder_all	authenticated	investor_safes	is_founder()	is_founder()
ALL	PERMISSIVE	founder_all	authenticated	investor_secondary_interests_r2202	is_founder()	is_founder()
ALL	PERMISSIVE	founder_all	authenticated	investor_secondary_matches_r2202	is_founder()	is_founder()
ALL	PERMISSIVE	founder_all_neg_r1989	authenticated	investor_series_negotiations_r1989	is_founder()	is_founder()
ALL	PERMISSIVE	founder_all_actions_r2173	authenticated	investor_share_class_action_log_r2173	is_founder()	is_founder()
SELECT	PERMISSIVE	investor_share_tokens_select	authenticated	investor_share_tokens	is_founder()	
SELECT	PERMISSIVE	investor_share_view_log_select	authenticated	investor_share_view_log	is_founder()	
ALL	PERMISSIVE	founder_all_actionlog_r2113	authenticated	investor_side_letter_action_log_r2113	is_founder()	is_founder()
ALL	PERMISSIVE	founder_all_bookkeeping_r2113	authenticated	investor_side_letter_bookkeeping_r2113	is_founder()	is_founder()
ALL	PERMISSIVE	r1941_compliance_log_founder	authenticated	investor_side_letter_compliance_log_r1941	is_founder()	is_founder()
ALL	PERMISSIVE	r1941_compliance_founder	authenticated	investor_side_letter_compliance_r1941	is_founder()	is_founder()
ALL	PERMISSIVE	founder_all_oblig_r1709	authenticated	investor_side_letter_obligations_r1709	is_founder()	is_founder()
ALL	PERMISSIVE	founder_all_r1993_r	authenticated	investor_side_letter_review_log_r1993	is_founder()	is_founder()
ALL	PERMISSIVE	founder_all_r1993_w	authenticated	investor_side_letter_watchdog_r1993	is_founder()	is_founder()
ALL	PERMISSIVE	founder_all_letters_r1709	authenticated	investor_side_letters_r1709	is_founder()	is_founder()
ALL	PERMISSIVE	isi_actions_founder_all	authenticated	investor_signal_actions	is_founder()	is_founder()
ALL	PERMISSIVE	isi_msgs_founder_all	authenticated	investor_signal_messages	is_founder()	is_founder()
ALL	PERMISSIVE	isloiev2_founder_all	authenticated	investor_signed_loi_events_v2	is_founder()	is_founder()
ALL	PERMISSIVE	isloitv2_founder_all	authenticated	investor_signed_loi_tracker_v2	is_founder()	is_founder()
ALL	PERMISSIVE	isc_r1793_founder	authenticated	investor_soft_commits_r1793	is_founder()	is_founder()
ALL	PERMISSIVE	founder_all_r2145_log	authenticated	investor_special_dist_action_log_r2145	is_founder()	is_founder()
ALL	PERMISSIVE	founder_all_r2145_dist	authenticated	investor_special_distribution_tracker_r2145	is_founder()	is_founder()
ALL	PERMISSIVE	founder_all_responses_r1881	authenticated	investor_special_notice_responses_r1881	is_founder()	is_founder()
ALL	PERMISSIVE	founder_all_notices_r1881	authenticated	investor_special_notices_r1881	is_founder()	is_founder()
ALL	PERMISSIVE	founder_all_isl_r1797	authenticated	investor_stock_ledger_r1797	is_founder()	is_founder()
ALL	PERMISSIVE	founder_all_plan_action_log_r2169	authenticated	investor_stock_plan_action_log_r2169	is_founder()	is_founder()
ALL	PERMISSIVE	founder_all_ist_r1797	authenticated	investor_stock_transactions_r1797	is_founder()	is_founder()
ALL	PERMISSIVE	founder_all_votes_r1977	authenticated	investor_stockholder_votes_r1977	is_founder()	is_founder()
ALL	PERMISSIVE	founder_all_partnerships_r1737	authenticated	investor_strategic_partnerships_r1737	is_founder()	is_founder()
ALL	PERMISSIVE	founder_all_r1845_a	authenticated	investor_stress_test_assumptions_r1845	is_founder()	is_founder()
ALL	PERMISSIVE	founder_all_r1845_s	authenticated	investor_stress_test_scenarios_r1845	is_founder()	is_founder()
ALL	PERMISSIVE	founder_all_actions_r2049	authenticated	investor_subscription_action_log_r2049	is_founder()	is_founder()
ALL	PERMISSIVE	founder_all_actions_r2109	authenticated	investor_tag_along_action_log_r2109	is_founder()	is_founder()
ALL	PERMISSIVE	founder_all_rights_r2109	authenticated	investor_tag_along_rights_r2109	is_founder()	is_founder()
ALL	PERMISSIVE	founder_all_inv_tax_req_r1761	authenticated	investor_tax_doc_requests_r1761	is_founder()	is_founder()
ALL	PERMISSIVE	founder_all_inv_tax_docs_r1761	authenticated	investor_tax_documents_r1761	is_founder()	is_founder()
ALL	PERMISSIVE	p_founder_all_inv_tlh_r1865	authenticated	investor_tax_loss_harvesting_r1865	is_founder()	is_founder()
ALL	PERMISSIVE	p_founder_all_inv_tlh_rec_r1865	authenticated	investor_tax_loss_recommendations_r1865	is_founder()	is_founder()
ALL	PERMISSIVE	itral_r2045_founder	authenticated	investor_tax_receipt_action_log_r2045	is_founder()	is_founder()
ALL	PERMISSIVE	itr_r2045_founder	authenticated	investor_tax_receipts_r2045	is_founder()	is_founder()
ALL	PERMISSIVE	founder_all_ts_amend_r2157	authenticated	investor_term_sheet_amendment_tracker_r2157	is_founder()	is_founder()
ALL	PERMISSIVE	founder_all_clauses_r1925	authenticated	investor_term_sheet_clause_r1925	is_founder()	is_founder()
ALL	PERMISSIVE	founder_all_terms_r1925	authenticated	investor_term_sheets_r1925	is_founder()	is_founder()
ALL	PERMISSIVE	founder_all_action_r2065	authenticated	investor_termination_action_log_r2065	is_founder()	is_founder()
ALL	PERMISSIVE	founder_all_watch_r2065	authenticated	investor_termination_watchlist_r2065	is_founder()	is_founder()
ALL	PERMISSIVE	itd_founder_all	authenticated	investor_thank_you_debts	is_founder()	is_founder()
ALL	PERMISSIVE	founder_all_touch_log_r2029	authenticated	investor_touch_log_r2029	is_founder()	is_founder()
ALL	PERMISSIVE	founder_all_yields_r2161	authenticated	investor_treasury_yield_tracker_r2161	is_founder()	is_founder()
ALL	PERMISSIVE	founder_all_actions_r2117	authenticated	investor_trust_action_log_r2117	is_founder()	is_founder()
ALL	PERMISSIVE	founder_all_scores_r2117	authenticated	investor_trust_score_tracker_r2117	is_founder()	is_founder()
ALL	PERMISSIVE	founder_all	public	investor_update_drafts_r2289	is_founder()	is_founder()
ALL	PERMISSIVE	founder_all	authenticated	investor_update_narratives_r2769	is_founder()	is_founder()
ALL	PERMISSIVE	founder_all	public	investor_update_responses_r2289	is_founder()	is_founder()
ALL	PERMISSIVE	founder_all_action_r2153	authenticated	investor_vesting_action_log_r2153	is_founder()	is_founder()
ALL	PERMISSIVE	ivs_r1693_founder_all	authenticated	investor_vesting_schedules_r1693	is_founder()	is_founder()
ALL	PERMISSIVE	ivt_r1693_founder_all	authenticated	investor_vesting_tranches_r1693	is_founder()	is_founder()
ALL	PERMISSIVE	ive_r1701_founder_all	authenticated	investor_vote_events_r1701	is_founder()	is_founder()
ALL	PERMISSIVE	founder_all_vote_log_r1977	authenticated	investor_vote_log_r1977	is_founder()	is_founder()
ALL	PERMISSIVE	founder_all_actions_r2141	authenticated	investor_voting_block_action_log_r2141	is_founder()	is_founder()
ALL	PERMISSIVE	founder_all_blocks_r2141	authenticated	investor_voting_block_tracker_r2141	is_founder()	is_founder()
ALL	PERMISSIVE	ivr_r1701_founder_all	authenticated	investor_voting_rights_r1701	is_founder()	is_founder()
ALL	PERMISSIVE	iwi_founder_all	authenticated	investor_warm_intros	is_founder()	is_founder()
ALL	PERMISSIVE	founder_all_iwas_r2137	authenticated	investor_watchlist_alert_system_r2137	is_founder()	is_founder()
ALL	PERMISSIVE	r1757_wires_founder_all	authenticated	investor_wire_confirmations_r1757	is_founder()	is_founder()
ALL	PERMISSIVE	founder_all_action_r2097	authenticated	investor_wire_recon_action_log_r2097	is_founder()	is_founder()
ALL	PERMISSIVE	founder_all_recon_r1953	authenticated	investor_wire_reconciliation_log_r1953	is_founder()	is_founder()
ALL	PERMISSIVE	r1757_thanks_founder_all	authenticated	investor_wire_thanks_queue_r1757	is_founder()	is_founder()
ALL	PERMISSIVE	founder_all_recon_r2097	authenticated	investor_wire_transfer_reconciliation_r2097	is_founder()	is_founder()
ALL	PERMISSIVE	founder_all_wires_r1953	authenticated	investor_wire_transfers_r1953	is_founder()	is_founder()
ALL	PERMISSIVE	founder_all_actions_r2161	authenticated	investor_yield_action_log_r2161	is_founder()	is_founder()
ALL	PERMISSIVE	founder_all	authenticated	invoice_aging_r2452	is_founder()	is_founder()
ALL	PERMISSIVE	founder_all	authenticated	invoice_collection_actions_r2452	is_founder()	is_founder()
ALL	PERMISSIVE	founder_all	authenticated	ir_hour_reallocation_actions_r2569	is_founder()	is_founder()
ALL	PERMISSIVE	founder_all	authenticated	isolation_decontam_cycles_r2795	is_founder()	is_founder()
SELECT	PERMISSIVE	isol_audit_founder_r3092	public	isolation_room_audit_visits_r3092	is_founder()	
SELECT	PERMISSIVE	isol_read_founder_r3092	public	isolation_room_pressure_readings_r3092	is_founder()	
ALL	PERMISSIVE	ivpbmd_r3090_founder_all	authenticated	iv_pump_battery_memory_drift_r3090	is_founder()	is_founder()
ALL	PERMISSIVE	ivpffsa_r3090_founder_all	authenticated	iv_pump_free_flow_safety_audit_r3090	is_founder()	is_founder()
SELECT	PERMISSIVE	founder_read_tickets_r3040	authenticated	iv_stand_remediation_tickets_r3040	is_founder()	
ALL	PERMISSIVE	founder_all	authenticated	job_completion_photo_archive_r2816	is_founder()	is_founder()
ALL	PERMISSIVE	scale_rollouts_r2366_founder_all	authenticated	kaizen_scale_rollouts_r2366	is_founder()	is_founder()
ALL	PERMISSIVE	founder_all	authenticated	kb_contribution_recognition_r2446	is_founder()	is_founder()
ALL	PERMISSIVE	founder_all	authenticated	key_account_quarterly_checkpoints_r2547	is_founder()	is_founder()
ALL	PERMISSIVE	founder_all	authenticated	key_customer_touch_log_r2581	is_founder()	is_founder()
ALL	PERMISSIVE	founder_all	authenticated	key_hire_pipeline_actions_r2601	is_founder()	is_founder()
SELECT	PERMISSIVE	kiosk_devices_r3016_founder	authenticated	kiosk_devices_r3016	is_founder()	
SELECT	PERMISSIVE	kiosk_incidents_r3016_founder	authenticated	kiosk_incidents_r3016	is_founder()	
ALL	PERMISSIVE	founder_all	authenticated	kt_session_assessments_r2518	is_founder()	is_founder()
ALL	PERMISSIVE	founder_all	authenticated	lang_mismatch_incidents_r2768	is_founder()	is_founder()
ALL	PERMISSIVE	founder_all	authenticated	lang_mismatch_monthly_rollup_r2768	is_founder()	is_founder()
ALL	PERMISSIVE	founder_all	authenticated	language_coaching_outcomes_r2550	is_founder()	is_founder()
ALL	PERMISSIVE	founder_all	authenticated	language_coverage_actions_r2490	is_founder()	is_founder()
ALL	PERMISSIVE	founder_all	authenticated	launch_dependency_status_r2437	is_founder()	is_founder()
ALL	PERMISSIVE	founder_all	authenticated	leadership_dev_milestones_r2693	is_founder()	is_founder()
ALL	PERMISSIVE	founder_all	authenticated	leadership_dev_plans_r2693	is_founder()	is_founder()
ALL	PERMISSIVE	founder_all	authenticated	leadership_growth_actions_r2589	is_founder()	is_founder()
ALL	PERMISSIVE	founder_all_plays_r2317	authenticated	leadership_retention_plays_r2317	is_founder()	is_founder()
ALL	PERMISSIVE	founder_all_members_r2317	authenticated	leadership_team_members_r2317	is_founder()	is_founder()
ALL	PERMISSIVE	founder_all	authenticated	leakage_recovery_actions_r2651	is_founder()	is_founder()
ALL	PERMISSIVE	founder_all	authenticated	lemon_scorecards_r2420	is_founder()	is_founder()
SELECT	PERMISSIVE	lec_r2988_founder_read	authenticated	lift_elevator_amc_sync_contracts_r2988	is_founder()	
SELECT	PERMISSIVE	lev_r2988_founder_read	authenticated	lift_elevator_amc_sync_visits_r2988	is_founder()	
ALL	PERMISSIVE	founder_all	authenticated	loaner_wait_queue_r2528	is_founder()	is_founder()
INSERT	PERMISSIVE	Auth users can create logistics jobs	public	logistics_jobs		(auth.uid() IS NOT NULL)
SELECT	PERMISSIVE	logistics_jobs parties read	public	logistics_jobs	(is_org_member(auth.uid(), requester_org_id) OR (EXISTS ( SELECT 1 FROM logistics_partners lp WHERE ((lp.id = logistics_jobs.logistics_partner_id) AND (lp.user_id = auth.uid())))) OR is_admin(auth.uid()))	
UPDATE	PERMISSIVE	logistics_jobs parties update	public	logistics_jobs	(is_org_member(auth.uid(), requester_org_id) OR (EXISTS ( SELECT 1 FROM logistics_partners lp WHERE ((lp.id = logistics_jobs.logistics_partner_id) AND (lp.user_id = auth.uid())))) OR is_admin(auth.uid()))	(is_org_member(auth.uid(), requester_org_id) OR (EXISTS ( SELECT 1 FROM logistics_partners lp WHERE ((lp.id = logistics_jobs.logistics_partner_id) AND (lp.user_id = auth.uid())))) OR is_admin(auth.uid()))
INSERT	PERMISSIVE	logistics_jobs requester insert	public	logistics_jobs		is_org_member(auth.uid(), requester_org_id)
INSERT	PERMISSIVE	logistics_partners owner insert	public	logistics_partners		(auth.uid() = user_id)
UPDATE	PERMISSIVE	logistics_partners owner update	public	logistics_partners	((auth.uid() = user_id) OR is_admin(auth.uid()))	((auth.uid() = user_id) OR is_admin(auth.uid()))
SELECT	PERMISSIVE	logistics_partners read	public	logistics_partners	true	
ALL	PERMISSIVE	founder_all	authenticated	loyalty_bond_outcomes_r2631	is_founder()	is_founder()
ALL	PERMISSIVE	founder_all	authenticated	loyalty_bonus_payout_log_r2650	is_founder()	is_founder()
ALL	PERMISSIVE	founder_all	authenticated	loyalty_expansion_actions_r2667	is_founder()	is_founder()
ALL	PERMISSIVE	founder_all	authenticated	loyalty_repeat_redeem_metrics_r2524	is_founder()	is_founder()
ALL	PERMISSIVE	founder_all	authenticated	loyalty_tier_progression_history_r2492	is_founder()	is_founder()
ALL	PERMISSIVE	founder_all	authenticated	ma_renegotiation_plans_r2531	is_founder()	is_founder()
ALL	PERMISSIVE	maint_logs org access	public	maintenance_logs	((EXISTS ( SELECT 1 FROM equipment eq WHERE ((eq.id = maintenance_logs.equipment_id) AND is_org_member(auth.uid(), eq.organization_id)))) OR is_admin(auth.uid()))	((EXISTS ( SELECT 1 FROM equipment eq WHERE ((eq.id = maintenance_logs.equipment_id) AND is_org_member(auth.uid(), eq.organization_id)))) OR is_admin(auth.uid()))
ALL	PERMISSIVE	maint_sched org access	public	maintenance_schedules	((EXISTS ( SELECT 1 FROM equipment eq WHERE ((eq.id = maintenance_schedules.equipment_id) AND is_org_member(auth.uid(), eq.organization_id)))) OR is_admin(auth.uid()))	((EXISTS ( SELECT 1 FROM equipment eq WHERE ((eq.id = maintenance_schedules.equipment_id) AND is_org_member(auth.uid(), eq.organization_id)))) OR is_admin(auth.uid()))
SELECT	PERMISSIVE	Manufacturers are public	public	manufacturers	true	
INSERT	PERMISSIVE	manufacturers org insert	public	manufacturers		is_org_member(auth.uid(), organization_id)
UPDATE	PERMISSIVE	manufacturers org update	authenticated	manufacturers	(is_org_member(auth.uid(), organization_id) OR is_admin(auth.uid()))	(is_org_member(auth.uid(), organization_id) OR is_admin(auth.uid()))
SELECT	PERMISSIVE	manufacturers read	public	manufacturers	true	
ALL	PERMISSIVE	founder_all	authenticated	market_share_events_r2673	is_founder()	is_founder()
ALL	PERMISSIVE	founder_all	authenticated	market_share_snapshots_r2673	is_founder()	is_founder()
ALL	PERMISSIVE	mkt_budget_lines_no_direct	authenticated	marketing_budget_lines	false	false
ALL	PERMISSIVE	mkt_spend_entries_no_direct	authenticated	marketing_spend_entries	false	false
SELECT	PERMISSIVE	Listings are public	public	marketplace_listings	true	
UPDATE	PERMISSIVE	Sellers can update listings	public	marketplace_listings	(auth.uid() = seller_user_id)	(auth.uid() = seller_user_id)
INSERT	PERMISSIVE	Users can create listings	public	marketplace_listings		(auth.uid() = seller_user_id)
INSERT	PERMISSIVE	offers buyer insert	public	marketplace_offers		(auth.uid() = buyer_user_id)
SELECT	PERMISSIVE	offers parties read	public	marketplace_offers	((auth.uid() = buyer_user_id) OR (EXISTS ( SELECT 1 FROM marketplace_listings l WHERE ((l.id = marketplace_offers.listing_id) AND (l.seller_user_id = auth.uid())))) OR is_admin(auth.uid()))	
UPDATE	PERMISSIVE	offers parties update	authenticated	marketplace_offers	((auth.uid() = buyer_user_id) OR (EXISTS ( SELECT 1 FROM marketplace_listings l WHERE ((l.id = marketplace_offers.listing_id) AND (l.seller_user_id = auth.uid())))))	((auth.uid() = buyer_user_id) OR (EXISTS ( SELECT 1 FROM marketplace_listings l WHERE ((l.id = marketplace_offers.listing_id) AND (l.seller_user_id = auth.uid())))))
INSERT	PERMISSIVE	txn admin write	public	marketplace_transactions		(is_admin(auth.uid()) OR is_org_member(auth.uid(), buyer_org_id))
SELECT	PERMISSIVE	txn parties read	public	marketplace_transactions	(is_org_member(auth.uid(), seller_org_id) OR is_org_member(auth.uid(), buyer_org_id) OR is_admin(auth.uid()))	
UPDATE	PERMISSIVE	txn parties update	public	marketplace_transactions	(is_org_member(auth.uid(), seller_org_id) OR is_org_member(auth.uid(), buyer_org_id) OR is_admin(auth.uid()))	(is_org_member(auth.uid(), seller_org_id) OR is_org_member(auth.uid(), buyer_org_id) OR is_admin(auth.uid()))
ALL	PERMISSIVE	founder_all	authenticated	master_data_cleanup_actions_r2523	is_founder()	is_founder()
SELECT	PERMISSIVE	mqaf_r3017_founder_select	authenticated	match_quality_audit_findings_r3017	is_founder()	
ALL	PERMISSIVE	founder_all	authenticated	mbr_action_followups_r2469	is_founder()	is_founder()
ALL	PERMISSIVE	founder_all	authenticated	mental_model_application_log_r2489	is_founder()	is_founder()
ALL	PERMISSIVE	founder_all	authenticated	mentor_board_candidates_r2873	is_founder()	is_founder()
ALL	PERMISSIVE	founder_all	authenticated	mentor_board_meetings_r2873	is_founder()	is_founder()
SELECT	PERMISSIVE	mmm_r3017_founder_select	authenticated	mentor_mentee_matches_r3017	is_founder()	
ALL	PERMISSIVE	founder_all	authenticated	mentor_pairing_meetings_r2458	is_founder()	is_founder()
ALL	PERMISSIVE	founder_all	authenticated	mentor_pairings_r2458	is_founder()	is_founder()
ALL	PERMISSIVE	mtd_r2250_founder_all	authenticated	modality_training_demand_r2250	is_founder()	is_founder()
ALL	PERMISSIVE	founder_all_model_refinement_log_r2332	authenticated	model_refinement_log_r2332	is_founder()	is_founder()
ALL	PERMISSIVE	founder_all_monthly_engineer_walkthrough_audits_r2992	authenticated	monthly_engineer_walkthrough_audits_r2992	is_founder()	is_founder()
ALL	PERMISSIVE	founder_all	authenticated	monthly_funnel_summary_r2728	is_founder()	is_founder()
ALL	PERMISSIVE	founder_all	authenticated	monthly_handover_time_of_day_pattern_signals_r2866	is_founder()	is_founder()
ALL	PERMISSIVE	founder_all	authenticated	mood_intervention_actions_r2658	is_founder()	is_founder()
SELECT	PERMISSIVE	r3044_incidents_founder_select	authenticated	mortuary_fridge_incidents_r3044	is_founder()	
SELECT	PERMISSIVE	r3044_readings_founder_select	authenticated	mortuary_fridge_readings_r3044	is_founder()	
SELECT	PERMISSIVE	founder_read_r3020_readings	public	mri_helium_boiloff_readings_r3020	is_founder()	
SELECT	PERMISSIVE	founder_read_r3020_refills	public	mri_helium_refill_events_r3020	is_founder()	
ALL	PERMISSIVE	founder_all	authenticated	multi_year_contract_progress_r2619	is_founder()	is_founder()
SELECT	PERMISSIVE	nabh_export_audit_no_read	anon,authenticated	nabh_export_audit	false	
ALL	PERMISSIVE	founder_all	authenticated	narrative_arc_evolution_r2541	is_founder()	is_founder()
ALL	PERMISSIVE	founder_all	authenticated	narrative_resonance_signals_r2853	is_founder()	is_founder()
ALL	PERMISSIVE	founder_all	authenticated	near_miss_runbook_updates_r2558	is_founder()	is_founder()
ALL	PERMISSIVE	founder_all	authenticated	network_recovery_actions_r2661	is_founder()	is_founder()
ALL	PERMISSIVE	nicu_findings_r3059_founder_all	authenticated	nicu_phototherapy_audit_findings_r3059	is_founder()	is_founder()
ALL	PERMISSIVE	nicu_lamps_r3059_founder_all	authenticated	nicu_phototherapy_lamps_r3059	is_founder()	is_founder()
ALL	PERMISSIVE	founder_all	authenticated	night_shift_fairness_metrics_r2442	is_founder()	is_founder()
UPDATE	PERMISSIVE	Users can update own notifications	public	notifications	(auth.uid() = user_id)	(auth.uid() = user_id)
INSERT	PERMISSIVE	Users or admins insert notifications	public	notifications		((auth.uid() = user_id) OR is_admin(auth.uid()))
SELECT	PERMISSIVE	Users see own notifications	public	notifications	(auth.uid() = user_id)	
ALL	PERMISSIVE	founder_all	authenticated	nps_conversion_actions_r2628	is_founder()	is_founder()
ALL	PERMISSIVE	founder_all_nps_snap_r2272	authenticated	nps_segment_snapshots_r2272	is_founder()	is_founder()
ALL	PERMISSIVE	founder_all_nps_resp_r2272	authenticated	nps_survey_responses_r2272	is_founder()	is_founder()
ALL	PERMISSIVE	oem_partnership_founder_all_r2343	authenticated	oem_partnership_status_r2343	is_founder()	is_founder()
ALL	PERMISSIVE	oem_warranty_claim_events_v2_no_anon	authenticated	oem_warranty_claim_events_v2	is_founder()	is_founder()
ALL	PERMISSIVE	oem_warranty_claims_v2_no_anon	authenticated	oem_warranty_claims_v2	is_founder()	is_founder()
ALL	PERMISSIVE	founder_all	authenticated	oem_warranty_response_benchmarks_r2851	is_founder()	is_founder()
ALL	PERMISSIVE	founder_all	authenticated	okr_grading_session_log_r2457	is_founder()	is_founder()
ALL	PERMISSIVE	founder_all	authenticated	on_call_pings_r2410	is_founder()	is_founder()
ALL	PERMISSIVE	founder_all	authenticated	on_call_rebalance_actions_r2702	is_founder()	is_founder()
ALL	PERMISSIVE	founder_all	authenticated	on_job_coaching_credits_r2554	is_founder()	is_founder()
ALL	PERMISSIVE	founder_all	authenticated	onboarding_checklist_outcomes_r2630	is_founder()	is_founder()
ALL	PERMISSIVE	founder_all	authenticated	onboarding_milestones_r2885	is_founder()	is_founder()
ALL	PERMISSIVE	founder_all	authenticated	onboarding_survey_followups_r2500	is_founder()	is_founder()
ALL	PERMISSIVE	founder_all	authenticated	one_on_one_action_items_r2417	is_founder()	is_founder()
SELECT	PERMISSIVE	founder_read_audits_r3010	authenticated	or_temp_humidity_logger_audits_r3010	is_founder()	
SELECT	PERMISSIVE	founder_read_readings_r3010	authenticated	or_temp_humidity_logger_readings_r3010	is_founder()	
ALL	PERMISSIVE	founder_all	authenticated	org_chart_drift_events_r2281	is_founder()	is_founder()
ALL	PERMISSIVE	founder_all	authenticated	org_chart_target_roles_r2281	is_founder()	is_founder()
ALL	PERMISSIVE	founder_all	authenticated	org_function_capacity_r2757	is_founder()	is_founder()
ALL	PERMISSIVE	founder_all	authenticated	org_redesign_plays_r2757	is_founder()	is_founder()
INSERT	PERMISSIVE	Authenticated users can create orgs	public	organizations		(auth.uid() IS NOT NULL)
UPDATE	PERMISSIVE	Org members can update	public	organizations	(auth.uid() = created_by)	(auth.uid() = created_by)
SELECT	PERMISSIVE	Orgs are viewable by everyone	public	organizations	true	
SELECT	PERMISSIVE	r3074_audits_founder	public	ot_air_particle_audits_r3074	is_founder()	
SELECT	PERMISSIVE	ot_apv_r2958_founder	authenticated	ot_air_pressure_verifications_r2958	is_founder()	
SELECT	PERMISSIVE	r3074_actions_founder	public	ot_air_remediation_actions_r3074	is_founder()	
SELECT	PERMISSIVE	ot_bulb_signals_r2971_founder_read	public	ot_bulb_reorder_signals_r2971	is_founder()	
SELECT	PERMISSIVE	ot_bulb_reserve_r2971_founder_read	public	ot_light_bulb_reserve_audits_r2971	is_founder()	
ALL	PERMISSIVE	ot_mic_headset_steril_audits_r2982_founder	authenticated	ot_mic_headset_steril_audits_r2982	is_founder()	is_founder()
ALL	PERMISSIVE	ot_mic_headset_steril_findings_r2982_founder	authenticated	ot_mic_headset_steril_findings_r2982	is_founder()	is_founder()
SELECT	PERMISSIVE	ot_pra_r2958_founder	authenticated	ot_pressure_remediation_actions_r2958	is_founder()	
SELECT	PERMISSIVE	ot_table_hydraulic_audits_r2999_founder_select	authenticated	ot_table_hydraulic_audits_r2999	is_founder()	
SELECT	PERMISSIVE	ot_table_pump_diagnostic_findings_r2999_founder_select	authenticated	ot_table_pump_diagnostic_findings_r2999	is_founder()	
ALL	PERMISSIVE	founder_all	authenticated	outcome_story_publications_r2448	is_founder()	is_founder()
ALL	PERMISSIVE	founder_all	authenticated	overflow_reroute_jobs_r2784	is_founder()	is_founder()
ALL	PERMISSIVE	founder_all	authenticated	overflow_reroute_refinements_r2784	is_founder()	is_founder()
ALL	PERMISSIVE	founder_all	authenticated	overlap_gap_actions_r2642	is_founder()	is_founder()
ALL	PERMISSIVE	ofd_r3056_founder_all	authenticated	oxygen_filter_devices_r3056	is_founder()	is_founder()
ALL	PERMISSIVE	ofr_r3056_founder_all	authenticated	oxygen_filter_replacements_r3056	is_founder()	is_founder()
SELECT	PERMISSIVE	wheel_summary_founder_r3048	authenticated	oxygen_trolley_monthly_summary_r3048	is_founder()	
SELECT	PERMISSIVE	wheel_audit_founder_r3048	authenticated	oxygen_trolley_wheel_audits_r3048	is_founder()	
ALL	PERMISSIVE	founder_all	authenticated	pain_point_fix_actions_r2476	is_founder()	is_founder()
ALL	PERMISSIVE	founder_all	authenticated	pairing_swap_outcomes_r2590	is_founder()	is_founder()
ALL	PERMISSIVE	founder_all	authenticated	part_knowledge_reuse_events_r2606	is_founder()	is_founder()
ALL	PERMISSIVE	pfp_r3005_founder_all	public	patent_filing_pipeline_r3005	is_founder()	is_founder()
SELECT	PERMISSIVE	pbbca_r2978_founder	public	patient_bed_brake_caster_audit_r2978	is_founder()	
SELECT	PERMISSIVE	pbsrf_r2978_founder	public	patient_bed_side_rail_function_r2978	is_founder()	
SELECT	PERMISSIVE	pol_r3046_audits_select	public	patient_hoist_charger_audits_r3046	is_founder()	
SELECT	PERMISSIVE	wbc_r3084_founder	public	patient_id_wristband_compliance_findings_r3084	is_founder()	
SELECT	PERMISSIVE	wbs_r3084_founder	public	patient_id_wristband_scans_r3084	is_founder()	
SELECT	PERMISSIVE	founder_select_psa_r3054	public	patient_lift_sling_audits_r3054	is_founder()	
ALL	PERMISSIVE	psle_r2969_founder_all	public	patient_safety_lesson_endorsements_r2969	is_founder()	is_founder()
ALL	PERMISSIVE	psl_r2969_founder_all	public	patient_safety_lessons_r2969	is_founder()	is_founder()
ALL	PERMISSIVE	pts_r2960_founder_all	authenticated	patient_trust_scores_r2960	is_founder()	is_founder()
ALL	PERMISSIVE	pwra_r3070_founder_all	authenticated	patient_warmer_remediation_actions_r3070	is_founder()	is_founder()
ALL	PERMISSIVE	pwssa_r3070_founder_all	authenticated	patient_warmer_skin_sensor_audits_r3070	is_founder()	is_founder()
ALL	PERMISSIVE	wifi_ssid_trust_r3008_founder_all	public	patient_wifi_ssid_trust_r3008	is_founder()	is_founder()
ALL	PERMISSIVE	founder_all	authenticated	pay_yourself_decisions_r2665	is_founder()	is_founder()
ALL	PERMISSIVE	founder_all	authenticated	payment_collection_actions_r2640	is_founder()	is_founder()
ALL	PERMISSIVE	founder_all_pmc_r2376	authenticated	payment_mode_collections_r2376	is_founder()	is_founder()
ALL	PERMISSIVE	founder_all_pmco_r2376	authenticated	payment_mode_cost_overrides_r2376	is_founder()	is_founder()
SELECT	PERMISSIVE	payment_verify_events_founder_read	authenticated	payment_verify_events	is_founder()	
SELECT	PERMISSIVE	Payment parties can view	public	payments	((deleted_at IS NULL) AND ((auth.uid() = payer_user_id) OR (auth.uid() = payee_user_id) OR ((payer_org_id IS NOT NULL) AND (payer_org_id IN ( SELECT profiles.organization_id FROM profiles WHERE (profiles.id = auth.uid())))) OR ((payee_org_id IS NOT NULL) AND (payee_org_id IN ( SELECT profiles.organization_id FROM profiles WHERE (profiles.id = auth.uid())))) OR is_admin(auth.uid())))	
SELECT	PERMISSIVE	Founder reads payouts_webhook_events	authenticated	payouts_webhook_events	is_founder()	
SELECT	PERMISSIVE	r3067_findings_founder_select	authenticated	pediatric_iv_pump_chain_audit_findings_r3067	is_founder()	
SELECT	PERMISSIVE	r3067_overrides_founder_select	authenticated	pediatric_iv_pump_hard_limit_overrides_r3067	is_founder()	
ALL	PERMISSIVE	founder_all	authenticated	personal_cashflow_actions_r2685	is_founder()	is_founder()
ALL	PERMISSIVE	founder_all	authenticated	personal_cashflow_categories_r2685	is_founder()	is_founder()
ALL	PERMISSIVE	founder_all	authenticated	personal_dev_application_log_r2625	is_founder()	is_founder()
ALL	PERMISSIVE	founder_all	authenticated	personal_okr_lessons_log_r2505	is_founder()	is_founder()
SELECT	PERMISSIVE	pcsa_r3015_founder_select	authenticated	pharmacy_cold_storage_audits_r3015	is_founder()	
SELECT	PERMISSIVE	pcsf_r3015_founder_select	authenticated	pharmacy_cold_storage_findings_r3015	is_founder()	
ALL	PERMISSIVE	founder_all	authenticated	pharmacy_cross_sell_actions_r2543	is_founder()	is_founder()
ALL	PERMISSIVE	founder_all	authenticated	pharmacy_equipment_overlap_r2711	is_founder()	is_founder()
ALL	PERMISSIVE	founder_all	authenticated	pharmacy_fridge_inventory_r2815	is_founder()	is_founder()
ALL	PERMISSIVE	founder_all	authenticated	pharmacy_overlap_integration_r2711	is_founder()	is_founder()
ALL	PERMISSIVE	founder_all	authenticated	photo_ai_action_log_r2666	is_founder()	is_founder()
ALL	PERMISSIVE	founder_all	authenticated	photo_archive_audit_log_r2816	is_founder()	is_founder()
ALL	PERMISSIVE	founder_all	authenticated	photo_audit_coaching_sessions_r2494	is_founder()	is_founder()
ALL	PERMISSIVE	founder_all	authenticated	photo_redo_actions_r2614	is_founder()	is_founder()
ALL	PERMISSIVE	founder_all	authenticated	photo_retrieval_requests_r2586	is_founder()	is_founder()
ALL	PERMISSIVE	founder_all	authenticated	photo_share_engagement_log_r2510	is_founder()	is_founder()
SELECT	PERMISSIVE	founder_read_ledger	authenticated	phototherapy_bulb_hour_ledger_r3022	is_founder()	
SELECT	PERMISSIVE	founder_read_uv	authenticated	phototherapy_lamp_uv_audits_r3022	is_founder()	
SELECT	PERMISSIVE	pipeline_findings_r3066_founder_select	authenticated	pipeline_audit_findings_r3066	is_founder()	
ALL	PERMISSIVE	founder_all	authenticated	pipeline_deal_commitments_r2513	is_founder()	is_founder()
ALL	PERMISSIVE	founder_all	authenticated	playbook_deviations_r2483	is_founder()	is_founder()
ALL	PERMISSIVE	founder_all	authenticated	pm_cm_trend_alerts_r2412	is_founder()	is_founder()
SELECT	PERMISSIVE	pdc_r3004_founder	public	pneumatic_door_checks_r3004	is_founder()	
SELECT	PERMISSIVE	pdi_r3004_founder	public	pneumatic_door_incidents_r3004	is_founder()	
SELECT	PERMISSIVE	pta_r2986_founder_select	authenticated	pneumatic_tube_audits_r2986	is_founder()	
ALL	PERMISSIVE	founder_all	authenticated	policy_engagement_log_r2817	is_founder()	is_founder()
ALL	PERMISSIVE	founder_all	authenticated	policy_evolution_events_r2539	is_founder()	is_founder()
ALL	PERMISSIVE	founder_all	authenticated	policy_items_r2817	is_founder()	is_founder()
ALL	PERMISSIVE	founder_all	authenticated	portability_revenue_log_r2584	is_founder()	is_founder()
ALL	PERMISSIVE	founder_all	authenticated	portable_equipment_loss_events_r2756	is_founder()	is_founder()
ALL	PERMISSIVE	founder_all	authenticated	portable_equipment_prevention_playbook_r2756	is_founder()	is_founder()
ALL	PERMISSIVE	founder_all	authenticated	postmortem_action_items_r2548	is_founder()	is_founder()
SELECT	PERMISSIVE	psa_r2966_founder	public	power_strip_audits_r2966	is_founder()	
SELECT	PERMISSIVE	psf_r2966_founder	public	power_strip_findings_r2966	is_founder()	
ALL	PERMISSIVE	founder_all	authenticated	ppe_compliance_audits_r2462	is_founder()	is_founder()
ALL	PERMISSIVE	pr_crisis_invocations_founder_all	authenticated	pr_crisis_invocations	is_founder()	is_founder()
ALL	PERMISSIVE	pr_crisis_playbooks_founder_all	authenticated	pr_crisis_playbooks	is_founder()	is_founder()
ALL	PERMISSIVE	founder_all	authenticated	praise_award_ledger_r2438	is_founder()	is_founder()
ALL	PERMISSIVE	founder_all	authenticated	pre_read_section_quality_r2533	is_founder()	is_founder()
SELECT	PERMISSIVE	pved_select	authenticated,service_role	pre_visit_engineer_dossiers	((hospital_user_id = auth.uid()) OR (engineer_user_id = auth.uid()) OR is_founder())	
ALL	PERMISSIVE	crisis_r3109_founder_all	authenticated	press_crisis_response_queue_r3109	is_founder()	is_founder()
ALL	PERMISSIVE	press_hits_r3109_founder_all	authenticated	press_media_hits_r3109	is_founder()	is_founder()
ALL	PERMISSIVE	founder_all	authenticated	press_mention_followups_r2689	is_founder()	is_founder()
ALL	PERMISSIVE	founder_all	authenticated	press_mentions_r2689	is_founder()	is_founder()
ALL	PERMISSIVE	founder_all	authenticated	press_monthly_outreach_log_r2773	is_founder()	is_founder()
ALL	PERMISSIVE	founder_all	authenticated	press_reporter_relationships_r2773	is_founder()	is_founder()
ALL	PERMISSIVE	founder_all	authenticated	prevention_measures_catalog_r2820	is_founder()	is_founder()
ALL	PERMISSIVE	founder_all	authenticated	pricing_experiment_observations_r2479	is_founder()	is_founder()
ALL	PERMISSIVE	pricing_power_matrix_r3127_founder_all	public	pricing_power_matrix_r3127	is_founder()	is_founder()
ALL	PERMISSIVE	founder_all	authenticated	pricing_power_test_outcomes_r2627	is_founder()	is_founder()
ALL	PERMISSIVE	founder_all	authenticated	pricing_tier_revision_outcomes_r2833	is_founder()	is_founder()
ALL	PERMISSIVE	founder_all	authenticated	pricing_tier_revisions_r2833	is_founder()	is_founder()
ALL	PERMISSIVE	founder_all	authenticated	procurement_acceleration_actions_r2655	is_founder()	is_founder()
ALL	PERMISSIVE	founder_all	authenticated	procurement_leader_touchpoints_r2519	is_founder()	is_founder()
ALL	PERMISSIVE	founder_all	authenticated	product_bets_r2681	is_founder()	is_founder()
ALL	PERMISSIVE	founder_all	authenticated	product_deprecation_candidates_r2809	is_founder()	is_founder()
ALL	PERMISSIVE	founder_all	authenticated	product_deprecation_steps_r2809	is_founder()	is_founder()
ALL	PERMISSIVE	founder_all	authenticated	product_strategy_pivot_events_r2561	is_founder()	is_founder()
ALL	PERMISSIVE	founder_all	authenticated	product_thesis_signals_r2829	is_founder()	is_founder()
ALL	PERMISSIVE	founder_all	authenticated	product_thesis_statements_r2829	is_founder()	is_founder()
SELECT	PERMISSIVE	Users can read their own profile	public	profiles	(auth.uid() = id)	
UPDATE	PERMISSIVE	Users can update own profile	public	profiles	(auth.uid() = id)	(auth.uid() = id)
SELECT	PERMISSIVE	promo_redemptions_select	authenticated,service_role	promo_redemptions	((hospital_user_id = auth.uid()) OR is_founder())	
ALL	PERMISSIVE	founder_all	authenticated	promotion_followup_outcomes_r2546	is_founder()	is_founder()
ALL	PERMISSIVE	ptcc_r3027_founder_all	public	ptube_capsule_catalog_r3027	is_founder()	is_founder()
ALL	PERMISSIVE	ptesw_r3027_founder_all	public	ptube_end_station_wear_r3027	is_founder()	is_founder()
ALL	PERMISSIVE	founder_all	authenticated	pulse_followup_actions_r2576	is_founder()	is_founder()
SELECT	PERMISSIVE	pl_cal_r3026_founder_select	authenticated	pulse_lavage_tool_audit_calibrations_r3026	is_founder()	
SELECT	PERMISSIVE	pl_audit_find_r3026_founder_select	authenticated	pulse_lavage_tool_audit_findings_r3026	is_founder()	
SELECT	PERMISSIVE	battery_audits_founder_r3018	authenticated	pulse_ox_battery_audits_r3018	is_founder()	
SELECT	PERMISSIVE	probe_audits_founder_r3018	authenticated	pulse_ox_probe_audits_r3018	is_founder()	
ALL	PERMISSIVE	founder_all	authenticated	pulse_survey_followup_actions_r2634	is_founder()	is_founder()
SELECT	PERMISSIVE	pwm_actions_founder_r	authenticated	pwm_heating_mat_calibration_actions_r3052	is_founder()	
SELECT	PERMISSIVE	pwm_runs_founder_r	authenticated	pwm_heating_mat_calibration_runs_r3052	is_founder()	
ALL	PERMISSIVE	founder_all	authenticated	qbr_followup_commitments_r2532	is_founder()	is_founder()
SELECT	PERMISSIVE	qstr_letters_founder_r3065	authenticated	qstr_apology_letters_r3065	is_founder()	
SELECT	PERMISSIVE	qstr_actions_founder_r3065	authenticated	qstr_recovery_actions_r3065	is_founder()	
ALL	PERMISSIVE	founder_all	authenticated	quarterly_experiments_r2785	is_founder()	is_founder()
SELECT	PERMISSIVE	letters_founder_only_r2901	authenticated	quarterly_investor_letters_r2901	is_founder()	
SELECT	PERMISSIVE	findings_founder_select	authenticated	quarterly_mentor_audit_findings_r3053	is_founder()	
SELECT	PERMISSIVE	sessions_founder_select	authenticated	quarterly_mentor_office_hours_sessions_r3053	is_founder()	
ALL	PERMISSIVE	founder_all	authenticated	quarterly_narrative_drafts_r2709	is_founder()	is_founder()
ALL	PERMISSIVE	founder_all	authenticated	quarterly_narrative_resonance_signals_r2709	is_founder()	is_founder()
ALL	PERMISSIVE	qta_r3077_founder_all	public	quarterly_townhall_audit_findings_r3077	is_founder()	is_founder()
ALL	PERMISSIVE	qts_r3077_founder_all	public	quarterly_townhall_sessions_r3077	is_founder()	is_founder()
ALL	PERMISSIVE	founder_all	authenticated	quote_acceptance_events_r2872	is_founder()	is_founder()
SELECT	PERMISSIVE	r3091_calib_founder_select	authenticated	radiotherapy_linac_calibrations_r3091	is_founder()	
SELECT	PERMISSIVE	r3091_wedge_founder_select	authenticated	radiotherapy_wedge_filter_audits_r3091	is_founder()	
ALL	PERMISSIVE	founder_all	authenticated	rapport_growth_actions_r2542	is_founder()	is_founder()
SELECT	PERMISSIVE	razorpay_webhook_events_founder_read	authenticated	razorpay_webhook_events	is_founder()	
ALL	PERMISSIVE	founder_all_r2314_cost	authenticated	reassignment_costs_r2314	is_founder()	is_founder()
ALL	PERMISSIVE	founder_all	authenticated	rebate_redemption_actions_r2527	is_founder()	is_founder()
ALL	PERMISSIVE	founder_all	authenticated	recall_blocker_actions_r2750	is_founder()	is_founder()
SELECT	PERMISSIVE	reconciliation_anomalies_select	authenticated,service_role	reconciliation_anomalies	is_founder()	
SELECT	PERMISSIVE	reconciliation_runs_select	authenticated,service_role	reconciliation_runs	is_founder()	
ALL	PERMISSIVE	founder_all	authenticated	recovery_script_library_r2814	is_founder()	is_founder()
ALL	PERMISSIVE	founder_all	authenticated	recurring_issue_kill_actions_r2463	is_founder()	is_founder()
ALL	PERMISSIVE	founder_all	authenticated	reference_call_thank_you_log_r2480	is_founder()	is_founder()
SELECT	PERMISSIVE	rra_r3049_founder_select	public	reference_refresh_audit_r3049	is_founder()	
SELECT	PERMISSIVE	referral_bounty_payouts_select	authenticated	referral_bounty_payouts	((beneficiary_user_id = auth.uid()) OR is_founder())	
ALL	PERMISSIVE	founder_all	authenticated	reflection_commitment_outcomes_r2577	is_founder()	is_founder()
ALL	PERMISSIVE	founder_all	authenticated	refresh_pipeline_milestones_r2563	is_founder()	is_founder()
SELECT	PERMISSIVE	refund_auth_select	authenticated,service_role	refund_authorization_requests	((requested_by = auth.uid()) OR is_founder())	
ALL	PERMISSIVE	regsub_events_founder_all	authenticated	regulatory_submission_events	is_founder()	is_founder()
ALL	PERMISSIVE	regsub_founder_all	authenticated	regulatory_submissions	is_founder()	is_founder()
ALL	PERMISSIVE	founder_all	authenticated	relationship_investment_outcomes_r2654	is_founder()	is_founder()
ALL	PERMISSIVE	founder_all	authenticated	renewal_acceleration_outcomes_r2587	is_founder()	is_founder()
ALL	PERMISSIVE	founder_all	authenticated	renewal_conversation_outcomes_r2504	is_founder()	is_founder()
ALL	PERMISSIVE	founder_all	authenticated	renewal_followup_calendar_r2428	is_founder()	is_founder()
ALL	PERMISSIVE	founder_all	authenticated	renewal_risk_mitigation_actions_r2659	is_founder()	is_founder()
SELECT	PERMISSIVE	rental parties read	public	rental_contracts	(is_org_member(auth.uid(), renter_org_id) OR is_org_member(auth.uid(), owner_org_id) OR is_admin(auth.uid()))	
UPDATE	PERMISSIVE	rental parties update	public	rental_contracts	(is_org_member(auth.uid(), renter_org_id) OR is_org_member(auth.uid(), owner_org_id) OR is_admin(auth.uid()))	(is_org_member(auth.uid(), renter_org_id) OR is_org_member(auth.uid(), owner_org_id) OR is_admin(auth.uid()))
INSERT	PERMISSIVE	rental renter insert	public	rental_contracts		is_org_member(auth.uid(), renter_org_id)
SELECT	PERMISSIVE	Rental listings are public	public	rental_listings	true	
INSERT	PERMISSIVE	rental listings owner insert	authenticated	rental_listings		is_org_member(auth.uid(), owner_org_id)
SELECT	PERMISSIVE	repair_invoice_emails_founder_read	public	repair_invoice_emails	is_founder()	
SELECT	PERMISSIVE	Admin sees all repair bids	public	repair_job_bids	is_admin(auth.uid())	
SELECT	PERMISSIVE	Engineers see own repair bids	public	repair_job_bids	(auth.uid() = engineer_user_id)	
UPDATE	PERMISSIVE	Engineers update own pending bid	authenticated	repair_job_bids	((auth.uid() = engineer_user_id) AND (status = 'pending'::text))	((auth.uid() = engineer_user_id) AND (((status = 'pending'::text) AND (created_at > (now() - '24:00:00'::interval))) OR (status = 'withdrawn'::text)))
SELECT	PERMISSIVE	Hospitals see bids on their repair jobs	public	repair_job_bids	(EXISTS ( SELECT 1 FROM repair_jobs rj WHERE ((rj.id = repair_job_bids.repair_job_id) AND (rj.hospital_user_id = auth.uid()))))	
INSERT	PERMISSIVE	Verified engineers insert own bid (no self-job bidding)	authenticated	repair_job_bids		((auth.uid() = engineer_user_id) AND (EXISTS ( SELECT 1 FROM engineers e WHERE ((e.user_id = auth.uid()) AND (e.verification_status = 'verified'::verification_status)))) AND (NOT (EXISTS ( SELECT 1 FROM repair_jobs rj WHERE ((rj.id = repair_job_bids.repair_job_id) AND (rj.hospital_user_id = auth.uid()))))))
SELECT	PERMISSIVE	repair_job_cost_revisions_select_admin	authenticated	repair_job_cost_revisions	is_admin(auth.uid())	
SELECT	PERMISSIVE	repair_job_cost_revisions_select_participant	authenticated	repair_job_cost_revisions	(EXISTS ( SELECT 1 FROM repair_jobs rj WHERE ((rj.id = repair_job_cost_revisions.repair_job_id) AND ((rj.hospital_user_id = auth.uid()) OR (repair_job_cost_revisions.engineer_user_id = auth.uid())))))	
SELECT	PERMISSIVE	rj_escrow_select_admin	public	repair_job_escrow	(is_admin(auth.uid()) OR is_founder())	
SELECT	PERMISSIVE	rj_escrow_select_party	public	repair_job_escrow	((auth.uid() = hospital_user_id) OR (auth.uid() = engineer_user_id))	
SELECT	PERMISSIVE	rj_escrow_events_select_party	public	repair_job_escrow_events	(EXISTS ( SELECT 1 FROM repair_job_escrow e WHERE ((e.id = repair_job_escrow_events.escrow_id) AND (((auth.uid() = e.hospital_user_id) OR (auth.uid() = e.engineer_user_id)) OR is_admin(auth.uid()) OR is_founder()))))	
SELECT	PERMISSIVE	Engineers can view open repair jobs	public	repair_jobs	((status = 'requested'::job_status) AND (EXISTS ( SELECT 1 FROM engineers e WHERE (e.user_id = auth.uid()))))	
INSERT	PERMISSIVE	Hospitals can create repair jobs	authenticated	repair_jobs		((auth.uid() IS NOT NULL) AND (hospital_user_id = auth.uid()) AND ((status)::text = 'requested'::text) AND ((hospital_org_id IS NULL) OR (hospital_org_id = ( SELECT p.organization_id FROM profiles p WHERE (p.id = auth.uid())))) AND ((issue_photos IS NULL) OR (COALESCE(array_length(issue_photos, 1), 0) <= 5)))
UPDATE	PERMISSIVE	Involved parties can update repair jobs	public	repair_jobs	((auth.uid() = hospital_user_id) OR (auth.uid() IN ( SELECT engineers.user_id FROM engineers WHERE (engineers.id = repair_jobs.engineer_id))))	((auth.uid() = hospital_user_id) OR (auth.uid() IN ( SELECT engineers.user_id FROM engineers WHERE (engineers.id = repair_jobs.engineer_id))))
SELECT	PERMISSIVE	Repair jobs viewable by involved parties	public	repair_jobs	((auth.uid() = hospital_user_id) OR (auth.uid() IN ( SELECT engineers.user_id FROM engineers WHERE (engineers.id = repair_jobs.engineer_id))) OR is_admin(auth.uid()))	
ALL	PERMISSIVE	founder_all	authenticated	replacement_incentive_close_log_r2608	is_founder()	is_founder()
ALL	PERMISSIVE	founder_all	authenticated	replacement_proposal_log_r2596	is_founder()	is_founder()
ALL	PERMISSIVE	founder_all	authenticated	resilience_practice_outcomes_r2629	is_founder()	is_founder()
ALL	PERMISSIVE	founder_all	authenticated	resolution_response_actions_r2615	is_founder()	is_founder()
ALL	PERMISSIVE	founder_all	authenticated	rest_debt_recovery_actions_r2566	is_founder()	is_founder()
ALL	PERMISSIVE	founder_all	authenticated	retention_attribution_events_r2578	is_founder()	is_founder()
ALL	PERMISSIVE	founder_all	authenticated	revenue_quality_improvement_actions_r2636	is_founder()	is_founder()
ALL	PERMISSIVE	founder_all	authenticated	review_360_action_items_r2530	is_founder()	is_founder()
SELECT	PERMISSIVE	Reviews are public	public	reviews	true	
INSERT	PERMISSIVE	Users can write reviews	public	reviews		(auth.uid() = reviewer_user_id)
ALL	PERMISSIVE	rework_incidents_r2906_founder_all	authenticated	rework_incidents_r2906	is_founder()	is_founder()
INSERT	PERMISSIVE	rfq_bids bidder insert	public	rfq_bids		(EXISTS ( SELECT 1 FROM manufacturers m WHERE ((m.id = rfq_bids.manufacturer_id) AND is_org_member(auth.uid(), m.organization_id))))
UPDATE	PERMISSIVE	rfq_bids bidder update	authenticated	rfq_bids	((EXISTS ( SELECT 1 FROM manufacturers m WHERE ((m.id = rfq_bids.manufacturer_id) AND is_org_member(auth.uid(), m.organization_id)))) OR is_admin(auth.uid()))	((EXISTS ( SELECT 1 FROM manufacturers m WHERE ((m.id = rfq_bids.manufacturer_id) AND is_org_member(auth.uid(), m.organization_id)))) OR is_admin(auth.uid()))
SELECT	PERMISSIVE	rfq_bids parties read	public	rfq_bids	((EXISTS ( SELECT 1 FROM rfqs r WHERE ((r.id = rfq_bids.rfq_id) AND (r.requester_user_id = auth.uid())))) OR (EXISTS ( SELECT 1 FROM manufacturers m WHERE ((m.id = rfq_bids.manufacturer_id) AND is_org_member(auth.uid(), m.organization_id)))) OR is_admin(auth.uid()))	
SELECT	PERMISSIVE	rfqs read	authenticated	rfqs	(is_org_member(auth.uid(), requester_org_id) OR (EXISTS ( SELECT 1 FROM manufacturers m WHERE is_org_member(auth.uid(), m.organization_id))) OR is_admin(auth.uid()))	
INSERT	PERMISSIVE	rfqs requester insert	public	rfqs		(auth.uid() = requester_user_id)
UPDATE	PERMISSIVE	rfqs requester update	public	rfqs	((auth.uid() = requester_user_id) OR is_admin(auth.uid()))	((auth.uid() = requester_user_id) OR is_admin(auth.uid()))
SELECT	PERMISSIVE	ribbon_stock_movements_r3036_founder_select	public	ribbon_stock_movements_r3036	is_founder()	
SELECT	PERMISSIVE	risk_score_snapshots_select	authenticated,service_role	risk_score_snapshots	is_founder()	
ALL	PERMISSIVE	founder_all	authenticated	roadmap_promise_communications_r2753	is_founder()	is_founder()
ALL	PERMISSIVE	founder_all	authenticated	roadmap_promises_r2753	is_founder()	is_founder()
SELECT	PERMISSIVE	r3076_battery_select	authenticated	robot_battery_audits_r3076	is_founder()	
SELECT	PERMISSIVE	r3076_path_select	authenticated	robot_path_coverage_r3076	is_founder()	
ALL	PERMISSIVE	founder_all	authenticated	rotation_outcome_catalog_r2688	is_founder()	is_founder()
ALL	PERMISSIVE	founder_all	authenticated	rotation_slots_r2410	is_founder()	is_founder()
ALL	PERMISSIVE	founder_all	authenticated	rude_engineer_summary_r2806	is_founder()	is_founder()
ALL	PERMISSIVE	founder_all	authenticated	rude_incidents_r2806	is_founder()	is_founder()
ALL	PERMISSIVE	sabbatical_pre_plan_audits_r3073_founder_all	authenticated	sabbatical_pre_plan_audits_r3073	is_founder()	is_founder()
ALL	PERMISSIVE	sabbatical_risk_register_r3073_founder_all	authenticated	sabbatical_risk_register_r3073	is_founder()	is_founder()
ALL	PERMISSIVE	founder_all	authenticated	safety_incident_metrics_r2450	is_founder()	is_founder()
SELECT	PERMISSIVE	sbcf_r2977_founder_select	public	salary_band_compression_findings_r2977	is_founder()	
SELECT	PERMISSIVE	sbs_r2977_founder_select	public	salary_band_snapshots_r2977	is_founder()	
ALL	PERMISSIVE	founder_all	authenticated	satisfaction_recovery_actions_r2244	is_founder()	is_founder()
ALL	PERMISSIVE	founder_all	authenticated	satisfaction_recovery_cases_r2244	is_founder()	is_founder()
SELECT	PERMISSIVE	scd_sleeve_audit_actions_r3030_founder	public	scd_sleeve_audit_actions_r3030	is_founder()	
SELECT	PERMISSIVE	scd_sleeve_audits_r3030_founder	public	scd_sleeve_audits_r3030	is_founder()	
ALL	PERMISSIVE	sle_listings_founder_all	authenticated	second_life_equipment_listings	is_founder()	is_founder()
ALL	PERMISSIVE	sle_resales_founder_all	authenticated	second_life_equipment_resales	is_founder()	is_founder()
ALL	PERMISSIVE	founder_all	authenticated	second_opinion_learning_catalog_r2808	is_founder()	is_founder()
ALL	PERMISSIVE	founder_all	authenticated	second_visit_prevention_actions_r2618	is_founder()	is_founder()
ALL	PERMISSIVE	founder_all	authenticated	second_visit_prevention_jobs_r2820	is_founder()	is_founder()
ALL	PERMISSIVE	smc_founder_only	authenticated	secondary_market_counterparties	is_founder()	is_founder()
ALL	PERMISSIVE	founder_all	authenticated	secondary_market_requests_r2761	is_founder()	is_founder()
ALL	PERMISSIVE	smt_founder_only	authenticated	secondary_market_transactions	is_founder()	is_founder()
ALL	PERMISSIVE	founder_all	authenticated	secondary_market_valuation_signals_r2761	is_founder()	is_founder()
INSERT	PERMISSIVE	owners insert own verification	authenticated	seller_verification_requests		((submitted_by = auth.uid()) AND (EXISTS ( SELECT 1 FROM profiles p WHERE ((p.id = auth.uid()) AND (p.organization_id = p.organization_id)))))
SELECT	PERMISSIVE	owners read own verification	authenticated	seller_verification_requests	((submitted_by = auth.uid()) OR (EXISTS ( SELECT 1 FROM profiles p WHERE ((p.id = auth.uid()) AND (p.organization_id = seller_verification_requests.organization_id)))))	
ALL	PERMISSIVE	founder_all	authenticated	sentiment_recovery_actions_r2657	is_founder()	is_founder()
ALL	PERMISSIVE	scmr_r2368_founder_all	authenticated	service_cost_monthly_rollup_r2368	is_founder()	is_founder()
ALL	PERMISSIVE	scpj_r2368_founder_all	authenticated	service_cost_per_job_r2368	is_founder()	is_founder()
ALL	PERMISSIVE	founder_all_events_r2380	authenticated	service_recovery_events_r2380	is_founder()	is_founder()
ALL	PERMISSIVE	founder_all_playbooks_r2380	authenticated	service_recovery_playbooks_r2380	is_founder()	is_founder()
SELECT	PERMISSIVE	sb_actions_founder_r2970	public	sharps_biohazard_corrective_actions_r2970	is_founder()	
SELECT	PERMISSIVE	sb_sweeps_founder_r2970	public	sharps_biohazard_sweeps_r2970	is_founder()	
ALL	PERMISSIVE	founder_all_signage_damage_reports_r2992	authenticated	signage_damage_reports_r2992	is_founder()	is_founder()
ALL	PERMISSIVE	founder_all	authenticated	skill_decay_alerts_r2414	is_founder()	is_founder()
SELECT	PERMISSIVE	founder_read_sessions_r3033	authenticated	skip_level_pulse_sessions_r3033	is_founder()	
SELECT	PERMISSIVE	founder_read_signals_r3033	authenticated	skip_level_strategic_signals_r3033	is_founder()	
ALL	PERMISSIVE	founder_all	authenticated	sla_credit_actions_r2684	is_founder()	is_founder()
SELECT	PERMISSIVE	founder_select_sra_r3054	public	sling_recall_actions_r3054	is_founder()	
SELECT	PERMISSIVE	founder_read_audits_r3040	authenticated	smart_iv_stand_battery_audits_r3040	is_founder()	
SELECT	PERMISSIVE	r3028_filters_founder_select	public	smoke_evac_filter_replacements_r3028	is_founder()	
SELECT	PERMISSIVE	r3028_score_founder_select	public	smoke_evac_hospital_scorecard_r3028	is_founder()	
ALL	PERMISSIVE	founder_all	authenticated	spare_counterfeit_signals_r2812	is_founder()	is_founder()
ALL	PERMISSIVE	spds_no_access	public	spare_part_demand_signals	false	false
SELECT	PERMISSIVE	Order parties can view	authenticated	spare_part_orders	((auth.uid() = buyer_user_id) OR (supplier_org_id IN ( SELECT profiles.organization_id FROM profiles WHERE ((profiles.id = auth.uid()) AND (profiles.organization_id IS NOT NULL)))))	
INSERT	PERMISSIVE	Users can create orders	public	spare_part_orders		(auth.uid() = buyer_user_id)
UPDATE	PERMISSIVE	spare_part_orders_supplier_update_fulfillment	authenticated	spare_part_orders	(supplier_org_id IN ( SELECT profiles.organization_id FROM profiles WHERE ((profiles.id = auth.uid()) AND (profiles.organization_id IS NOT NULL))))	((supplier_org_id IN ( SELECT profiles.organization_id FROM profiles WHERE ((profiles.id = auth.uid()) AND (profiles.organization_id IS NOT NULL)))) AND (order_status = ANY (ARRAY['confirmed'::order_status, 'shipped'::order_status, 'delivered'::order_status])))
ALL	PERMISSIVE	founder_all	authenticated	spare_part_substitution_events_r2704	is_founder()	is_founder()
ALL	PERMISSIVE	founder_all	authenticated	spare_part_substitution_feedback_r2704	is_founder()	is_founder()
SELECT	PERMISSIVE	Parts are public	public	spare_parts	true	
UPDATE	PERMISSIVE	Suppliers can update parts	public	spare_parts	(supplier_org_id IN ( SELECT profiles.organization_id FROM profiles WHERE (profiles.id = auth.uid())))	(supplier_org_id IN ( SELECT profiles.organization_id FROM profiles WHERE (profiles.id = auth.uid())))
INSERT	PERMISSIVE	verified suppliers can insert parts	authenticated	spare_parts		(supplier_org_id IN ( SELECT p.organization_id FROM (profiles p JOIN organizations o ON ((o.id = p.organization_id))) WHERE ((p.id = auth.uid()) AND (p.organization_id IS NOT NULL) AND (o.verification_status = 'verified'::verification_status))))
UPDATE	PERMISSIVE	verified suppliers can update own parts	authenticated	spare_parts	(supplier_org_id IN ( SELECT p.organization_id FROM profiles p WHERE ((p.id = auth.uid()) AND (p.organization_id IS NOT NULL))))	(supplier_org_id IN ( SELECT p.organization_id FROM (profiles p JOIN organizations o ON ((o.id = p.organization_id))) WHERE ((p.id = auth.uid()) AND (p.organization_id IS NOT NULL) AND (o.verification_status = 'verified'::verification_status))))
ALL	PERMISSIVE	founder_all	authenticated	spare_reorder_history_r2444	is_founder()	is_founder()
ALL	PERMISSIVE	founder_all	authenticated	spare_stock_levels_r2444	is_founder()	is_founder()
ALL	PERMISSIVE	founder_all	authenticated	spare_stockouts_r2416	is_founder()	is_founder()
ALL	PERMISSIVE	founder_all	authenticated	speaking_lead_attributions_r2621	is_founder()	is_founder()
ALL	PERMISSIVE	sba_r3068_founder_all	authenticated	specimen_bag_heat_seal_audits_r3068	is_founder()	is_founder()
ALL	PERMISSIVE	sbr_r3068_founder_all	authenticated	specimen_bag_remediation_actions_r3068	is_founder()	is_founder()
ALL	PERMISSIVE	founder_all	authenticated	spend_attribution_changes_r2573	is_founder()	is_founder()
ALL	PERMISSIVE	founder_all	authenticated	spending_correction_actions_r2585	is_founder()	is_founder()
SELECT	PERMISSIVE	spot_audit_invitations_select	authenticated	spot_audit_invitations	((auth.uid() = hospital_user_id) OR is_admin(auth.uid()) OR is_founder())	
SELECT	PERMISSIVE	spot_audit_responses_select	authenticated	spot_audit_responses	(EXISTS ( SELECT 1 FROM spot_audit_invitations i WHERE ((i.id = spot_audit_responses.invitation_id) AND ((i.hospital_user_id = auth.uid()) OR is_admin(auth.uid()) OR is_founder()))))	
ALL	PERMISSIVE	founder_all	authenticated	standardization_recommendation_r2764	is_founder()	is_founder()
SELECT	PERMISSIVE	sgav_r3062_founder_read	public	steriliser_gasket_audit_visits_r3062	is_founder()	
SELECT	PERMISSIVE	sgro_r3062_founder_read	public	steriliser_gasket_replacement_orders_r3062	is_founder()	
ALL	PERMISSIVE	founder_all	authenticated	stickiness_improvement_actions_r2656	is_founder()	is_founder()
ALL	PERMISSIVE	founder_all	authenticated	stockout_supplier_scorecard_r2416	is_founder()	is_founder()
ALL	PERMISSIVE	founder_all	authenticated	strategic_bets_r2737	is_founder()	is_founder()
ALL	PERMISSIVE	founder_all	authenticated	strategic_debt_pay_off_plans_r2521	is_founder()	is_founder()
ALL	PERMISSIVE	founder_all	authenticated	strategic_hire_interview_log_r2473	is_founder()	is_founder()
ALL	PERMISSIVE	founder_all	authenticated	strategic_narratives_r2853	is_founder()	is_founder()
ALL	PERMISSIVE	founder_all	authenticated	strategic_new_hires_r2885	is_founder()	is_founder()
ALL	PERMISSIVE	founder_all	authenticated	strategy_doc_stakeholder_reviews_r2485	is_founder()	is_founder()
SELECT	PERMISSIVE	sdt_r3060_founder_select	public	stretcher_drop_tests_r3060	is_founder()	
SELECT	PERMISSIVE	sli_r3060_founder_select	public	stretcher_latch_inspections_r3060	is_founder()	
ALL	PERMISSIVE	founder_all	authenticated	stuck_point_resolution_outcomes_r2544	is_founder()	is_founder()
SELECT	PERMISSIVE	sub_district_expansion_plan_r2965_select	public	sub_district_expansion_plan_r2965	is_founder()	
SELECT	PERMISSIVE	sub_district_white_space_r2965_select	public	sub_district_white_space_r2965	is_founder()	
ALL	PERMISSIVE	founder_all	authenticated	success_story_distribution_log_r2607	is_founder()	is_founder()
ALL	PERMISSIVE	saf_r3058_founder_all	authenticated	suction_audit_findings_r3058	is_founder()	is_founder()
ALL	PERMISSIVE	scu_r3058_founder_all	authenticated	suction_canister_units_r3058	is_founder()	is_founder()
SELECT	PERMISSIVE	sfr_r3014_founder	public	suction_filter_replacements_r3014	is_founder()	
SELECT	PERMISSIVE	ssa_r3014_founder	public	suction_system_audits_r3014	is_founder()	
ALL	PERMISSIVE	founder_all_assign_r2246	authenticated	supervisor_assignments_r2246	is_founder()	is_founder()
ALL	PERMISSIVE	smr_r2262_founder_all	authenticated	supervisor_monthly_reviews_r2262	is_founder()	is_founder()
ALL	PERMISSIVE	founder_all_thresh_r2246	authenticated	supervisor_ratio_thresholds_r2246	is_founder()	is_founder()
ALL	PERMISSIVE	founder_all	authenticated	supplier_quarantine_actions_r2812	is_founder()	is_founder()
INSERT	PERMISSIVE	tickets owner insert	public	support_tickets		(auth.uid() = user_id)
SELECT	PERMISSIVE	tickets owner read	public	support_tickets	((auth.uid() = user_id) OR (auth.uid() = assigned_to) OR is_admin(auth.uid()))	
UPDATE	PERMISSIVE	tickets owner update	public	support_tickets	((auth.uid() = user_id) OR (auth.uid() = assigned_to) OR is_admin(auth.uid()))	((auth.uid() = user_id) OR (auth.uid() = assigned_to) OR is_admin(auth.uid()))
SELECT	PERMISSIVE	drape_burn_founder_read	authenticated	surgical_drape_burn_tests_r3000	is_founder()	
SELECT	PERMISSIVE	boom_audits_founder_r3051	authenticated	surgical_tower_boom_audits_r3051	is_founder()	
SELECT	PERMISSIVE	boom_findings_founder_r3051	authenticated	surgical_tower_boom_findings_r3051	is_founder()	
ALL	PERMISSIVE	founder_all	authenticated	switch_pressure_counter_actions_r2583	is_founder()	is_founder()
SELECT	PERMISSIVE	tcci_r3072_founder_select	public	tablet_charging_cable_inspections_r3072	is_founder()	
SELECT	PERMISSIVE	tds_deductions_select	authenticated,service_role	tds_deductions	((engineer_user_id = auth.uid()) OR is_founder())	
ALL	PERMISSIVE	founder_all	authenticated	tea_acceptance_audits_r2884	is_founder()	is_founder()
ALL	PERMISSIVE	founder_all	authenticated	tea_offers_r2884	is_founder()	is_founder()
ALL	PERMISSIVE	founder_all	authenticated	team_1on1_commitments_r2869	is_founder()	is_founder()
ALL	PERMISSIVE	founder_all	authenticated	team_1on1_sessions_r2869	is_founder()	is_founder()
ALL	PERMISSIVE	founder_all	authenticated	team_energy_actions_r2697	is_founder()	is_founder()
ALL	PERMISSIVE	founder_all	authenticated	team_energy_pulse_r2697	is_founder()	is_founder()
ALL	PERMISSIVE	founder_all	authenticated	team_energy_pulse_surveys_r2241	is_founder()	is_founder()
ALL	PERMISSIVE	founder_all	authenticated	team_energy_pulse_themes_r2241	is_founder()	is_founder()
ALL	PERMISSIVE	founder_all	authenticated	team_mission_clarity_checks_r2845	is_founder()	is_founder()
ALL	PERMISSIVE	founder_all	authenticated	team_mission_clarity_signals_r2845	is_founder()	is_founder()
ALL	PERMISSIVE	founder_all	authenticated	team_pulse_response_themes_r2545	is_founder()	is_founder()
ALL	PERMISSIVE	founder_all	authenticated	temperature_intervention_actions_r2652	is_founder()	is_founder()
ALL	PERMISSIVE	founder_all	authenticated	tender_response_roi_r2219	is_founder()	is_founder()
ALL	PERMISSIVE	founder_all	authenticated	tender_roi_milestones_r2219	is_founder()	is_founder()
ALL	PERMISSIVE	founder_all	authenticated	thank_you_followup_actions_r2622	is_founder()	is_founder()
ALL	PERMISSIVE	founder_all	authenticated	thank_you_notes_r2690	is_founder()	is_founder()
ALL	PERMISSIVE	founder_all	authenticated	thank_you_outcomes_r2690	is_founder()	is_founder()
ALL	PERMISSIVE	founder_all	authenticated	ticket_nps_correlation_actions_r2384	is_founder()	is_founder()
ALL	PERMISSIVE	founder_all	authenticated	ticket_nps_correlation_samples_r2384	is_founder()	is_founder()
ALL	PERMISSIVE	founder_all	authenticated	ticket_recurrence_clusters_r2284	is_founder()	is_founder()
ALL	PERMISSIVE	founder_all	authenticated	ticket_recurrence_rca_log_r2284	is_founder()	is_founder()
SELECT	PERMISSIVE	tier2_outreach_followups_r3045_select	public	tier2_outreach_followups_r3045	is_founder()	
SELECT	PERMISSIVE	tier2_outreach_sessions_r3045_select	public	tier2_outreach_sessions_r3045	is_founder()	
ALL	PERMISSIVE	founder_all	authenticated	tier_promotion_log_r2644	is_founder()	is_founder()
ALL	PERMISSIVE	founder_all	authenticated	tier_promotion_pipeline_r2506	is_founder()	is_founder()
ALL	PERMISSIVE	founder_all	authenticated	time_allocation_corrections_r2633	is_founder()	is_founder()
ALL	PERMISSIVE	founder_all	authenticated	time_distribution_insights_r2498	is_founder()	is_founder()
ALL	PERMISSIVE	findings_r3057_founder_all	public	tone_drift_findings_r3057	is_founder()	is_founder()
ALL	PERMISSIVE	founder_all	authenticated	tool_kit_audits_r2434	is_founder()	is_founder()
ALL	PERMISSIVE	founder_all	authenticated	tool_loss_repeat_offenders_r2486	is_founder()	is_founder()
SELECT	PERMISSIVE	townhall_questions_r2981_founder_select	public	townhall_questions_r2981	is_founder()	
SELECT	PERMISSIVE	townhall_sessions_r2981_founder_select	public	townhall_sessions_r2981	is_founder()	
ALL	PERMISSIVE	tray_window_audits_r3043_founder_all	authenticated	tray_window_audits_r3043	is_founder()	is_founder()
ALL	PERMISSIVE	tray_window_findings_r3043_founder_all	authenticated	tray_window_findings_r3043	is_founder()	is_founder()
ALL	PERMISSIVE	bh_founder_r2961	authenticated	treasury_bond_holdings_r2961	is_founder()	is_founder()
ALL	PERMISSIVE	yc_founder_r2961	authenticated	treasury_yield_curve_points_r2961	is_founder()	is_founder()
ALL	PERMISSIVE	founder_all	authenticated	trend_alert_actions_r2592	is_founder()	is_founder()
ALL	PERMISSIVE	founder_all	authenticated	truck_roll_avoidability_analysis_r2502	is_founder()	is_founder()
SELECT	PERMISSIVE	tc_sessions_r3061_founder_select	public	trust_channel_sessions_r3061	is_founder()	
SELECT	PERMISSIVE	tc_themes_r3061_founder_select	public	trust_channel_themes_r3061	is_founder()	
ALL	PERMISSIVE	founder_all	authenticated	trust_event_log_r2574	is_founder()	is_founder()
ALL	PERMISSIVE	founder_all	authenticated	trust_recovery_steps_r2626	is_founder()	is_founder()
ALL	PERMISSIVE	founder_all	authenticated	trust_temperature_interventions_r2722	is_founder()	is_founder()
ALL	PERMISSIVE	founder_all	authenticated	trustee_touch_events_r2579	is_founder()	is_founder()
ALL	PERMISSIVE	founder_all	authenticated	ugc_inspections_r2718	is_founder()	is_founder()
ALL	PERMISSIVE	founder_all	authenticated	ugc_violations_r2718	is_founder()	is_founder()
SELECT	PERMISSIVE	probe_findings_r2967_founder_read	authenticated	ultrasound_probe_audit_findings_r2967	is_founder()	
SELECT	PERMISSIVE	probe_fleet_r2967_founder_read	authenticated	ultrasound_probe_fleet_r2967	is_founder()	
ALL	PERMISSIVE	founder_all	authenticated	uniform_compliance_actions_r2736	is_founder()	is_founder()
ALL	PERMISSIVE	founder_all	authenticated	uniform_photo_captures_r2736	is_founder()	is_founder()
ALL	PERMISSIVE	founder_all	authenticated	update_followup_actions_r2669	is_founder()	is_founder()
ALL	PERMISSIVE	founder_all	authenticated	update_recipient_replies_r2441	is_founder()	is_founder()
SELECT	PERMISSIVE	ubp_founder_r2974	authenticated	ups_bypass_events_r2974	is_founder()	
ALL	PERMISSIVE	founder_all	authenticated	uptime_breach_actions_r2612	is_founder()	is_founder()
ALL	PERMISSIVE	founder_all	authenticated	uptime_credit_payment_log_r2568	is_founder()	is_founder()
ALL	PERMISSIVE	founder_all	authenticated	uptime_sla_records_r2684	is_founder()	is_founder()
DELETE	PERMISSIVE	user_addresses_delete_own	authenticated	user_addresses	(user_id = auth.uid())	
INSERT	PERMISSIVE	user_addresses_insert_own	authenticated	user_addresses		(user_id = auth.uid())
SELECT	PERMISSIVE	user_addresses_select_own	authenticated	user_addresses	(user_id = auth.uid())	
UPDATE	PERMISSIVE	user_addresses_update_own	authenticated	user_addresses	(user_id = auth.uid())	(user_id = auth.uid())
DELETE	PERMISSIVE	user_blocks_delete_own	authenticated	user_blocks	(auth.uid() = blocker_user_id)	
INSERT	PERMISSIVE	user_blocks_insert_own	authenticated	user_blocks		(auth.uid() = blocker_user_id)
SELECT	PERMISSIVE	user_blocks_select_own	authenticated	user_blocks	(auth.uid() = blocker_user_id)	
DELETE	PERMISSIVE	owners delete own settings	authenticated	user_profile_settings	(user_id = auth.uid())	
INSERT	PERMISSIVE	owners insert own settings	authenticated	user_profile_settings		(user_id = auth.uid())
SELECT	PERMISSIVE	owners read own settings	authenticated	user_profile_settings	(user_id = auth.uid())	
UPDATE	PERMISSIVE	owners update own settings	authenticated	user_profile_settings	(user_id = auth.uid())	(user_id = auth.uid())
ALL	PERMISSIVE	founder_all	authenticated	util_gap_cause_action_r2700	is_founder()	is_founder()
ALL	PERMISSIVE	founder_all	authenticated	utilization_action_log_r2440	is_founder()	is_founder()
ALL	PERMISSIVE	founder_all	authenticated	utilization_growth_lever_actions_r2580	is_founder()	is_founder()
ALL	PERMISSIVE	founder_all	authenticated	utilization_improvement_actions_r2664	is_founder()	is_founder()
SELECT	PERMISSIVE	vds_r3086_founder_select	public	vaporizer_discipline_scorecards_r3086	is_founder()	
SELECT	PERMISSIVE	vrv_r3086_founder_select	public	vaporizer_refill_visits_r3086	is_founder()	
ALL	PERMISSIVE	founder_all	authenticated	variance_dispute_outcomes_r2836	is_founder()	is_founder()
ALL	PERMISSIVE	founder_all	authenticated	vehicle_maintenance_log_r2710	is_founder()	is_founder()
ALL	PERMISSIVE	founder_all	authenticated	vehicle_outlier_flags_r2426	is_founder()	is_founder()
ALL	PERMISSIVE	founder_all	authenticated	vendor_action_log_r2225	is_founder()	is_founder()
ALL	PERMISSIVE	founder_all	authenticated	vendor_comparison_win_loss_log_r2567	is_founder()	is_founder()
ALL	PERMISSIVE	founder_all	authenticated	vendor_contracts_r2449	is_founder()	is_founder()
ALL	PERMISSIVE	founder_all	authenticated	vendor_relationship_scores_r2225	is_founder()	is_founder()
ALL	PERMISSIVE	vrqv2_founder_all	authenticated	vendor_replacement_queue_v2	is_founder()	is_founder()
ALL	PERMISSIVE	founder_all	authenticated	vendor_risk_review_log_r2449	is_founder()	is_founder()
ALL	PERMISSIVE	vssv2_founder_all	authenticated	vendor_sla_scorecards_v2	is_founder()	is_founder()
ALL	PERMISSIVE	vcal_r3106_founder_all	authenticated	ventilator_calibration_runs_r3106	is_founder()	is_founder()
ALL	PERMISSIVE	vcapa_r3106_founder_all	authenticated	ventilator_capa_actions_r3106	is_founder()	is_founder()
ALL	PERMISSIVE	founder_all	authenticated	vesting_events_r2741	is_founder()	is_founder()
ALL	PERMISSIVE	vip_concierge_accounts_no_direct	authenticated	vip_concierge_accounts	false	false
ALL	PERMISSIVE	vip_concierge_touchpoints_no_direct	authenticated	vip_concierge_touchpoints	false	false
SELECT	PERMISSIVE	vre_r2946_founder_sel	authenticated	vip_recognition_events_r2946	is_founder()	
ALL	PERMISSIVE	founder_all	authenticated	vip_white_glove_events_r2471	is_founder()	is_founder()
SELECT	PERMISSIVE	virtual_call_sessions_select_participant	authenticated	virtual_call_sessions	((auth.uid() = hospital_user_id) OR (auth.uid() = engineer_user_id))	
ALL	PERMISSIVE	founder_all	authenticated	vision_alignment_practices_r2637	is_founder()	is_founder()
SELECT	PERMISSIVE	vwte_r2984_founder	public	visitor_wifi_throttle_events_r2984	is_founder()	
ALL	PERMISSIVE	founder_all	authenticated	warranty_claim_decisions_r2488	is_founder()	is_founder()
ALL	PERMISSIVE	founder_all	authenticated	warranty_claim_disposition_r2680	is_founder()	is_founder()
ALL	PERMISSIVE	founder_all	authenticated	warranty_claim_dispute_notes_r2680	is_founder()	is_founder()
ALL	PERMISSIVE	founder_all	authenticated	warranty_claim_losses_r2227	is_founder()	is_founder()
ALL	PERMISSIVE	founder_all	authenticated	warranty_claims_r2424	is_founder()	is_founder()
ALL	PERMISSIVE	founder_all	authenticated	warranty_conversion_touches_r2239	is_founder()	is_founder()
ALL	PERMISSIVE	founder_all	authenticated	warranty_expiry_pipeline_r2239	is_founder()	is_founder()
ALL	PERMISSIVE	founder_all_wext_cohort_r2392	authenticated	warranty_extension_cohort_snapshots_r2392	is_founder()	is_founder()
ALL	PERMISSIVE	founder_all_wext_offers_r2392	authenticated	warranty_extension_offers_r2392	is_founder()	is_founder()
ALL	PERMISSIVE	founder_all	authenticated	warranty_extension_outcomes_r2744	is_founder()	is_founder()
ALL	PERMISSIVE	founder_all	authenticated	warranty_extension_pitches_r2744	is_founder()	is_founder()
ALL	PERMISSIVE	founder_all	authenticated	warranty_renewal_outcomes_r2620	is_founder()	is_founder()
ALL	PERMISSIVE	founder_all	authenticated	warranty_supplier_liability_r2424	is_founder()	is_founder()
ALL	PERMISSIVE	founder_all	authenticated	warranty_vendor_recoveries_r2227	is_founder()	is_founder()
ALL	PERMISSIVE	founder_all	authenticated	weekend_ot_fairness_metrics_r2526	is_founder()	is_founder()
ALL	PERMISSIVE	founder_all	authenticated	weekly_inbox_zero_emails_r2389	is_founder()	is_founder()
ALL	PERMISSIVE	founder_all	authenticated	weekly_inbox_zero_snapshots_r2389	is_founder()	is_founder()
ALL	PERMISSIVE	founder_all	authenticated	weekly_metric_anomaly_reviews_r2203	is_founder()	is_founder()
ALL	PERMISSIVE	founder_all	authenticated	weekly_metric_snapshots_r2203	is_founder()	is_founder()
ALL	PERMISSIVE	founder_all	authenticated	weekly_no_show_metrics_r2465	is_founder()	is_founder()
SELECT	PERMISSIVE	calvisits_r3006_founder_select	authenticated	weighing_scale_calibration_visits_r3006	is_founder()	
SELECT	PERMISSIVE	patincidents_r3006_founder_select	authenticated	weighing_scale_patient_incidents_r3006	is_founder()	
SELECT	PERMISSIVE	wrapper_actions_r3035_founder_select	public	wrapper_audit_corrective_actions_r3035	is_founder()	
SELECT	PERMISSIVE	wristband_printers_r3036_founder_select	public	wristband_printers_r3036	is_founder()	
ALL	PERMISSIVE	founder_all	authenticated	zone_demand_forecast_r2350	is_founder()	is_founder()
