anon_delete	anon_insert	anon_select	anon_update	auth_delete	auth_insert	auth_select	auth_update	owner	policy_count	rls_enabled	rls_forced	service_select	table_name
false	false	false	false	false	false	false	false	postgres	0	true	false	true	_app_admin_config
false	false	false	false	false	false	false	false	postgres	0	true	false	true	_app_invoice_config
false	false	false	false	false	false	false	false	postgres	0	true	false	true	_app_repair_invoice_config
true	true	true	true	true	true	true	true	postgres	0	true	false	true	a11y_capa_actions_r3711
true	true	true	true	true	true	true	true	postgres	0	true	false	true	a11y_r3711
true	true	true	true	true	true	true	true	postgres	0	true	false	true	abc_xyz_inventory_policy_capa_actions_r3445
true	true	true	true	true	true	true	true	postgres	0	true	false	true	abc_xyz_inventory_policy_r3445
true	true	true	true	true	true	true	true	postgres	1	true	false	true	acceptance_signoff_checklist_r2508
true	true	true	true	true	true	true	true	postgres	0	true	false	true	access_card_capa_actions_r3693
true	true	true	true	true	true	true	true	postgres	0	true	false	true	access_card_r3693
true	true	true	true	true	true	true	true	postgres	0	true	false	true	access_review_capa_actions_r3658
true	true	true	true	true	true	true	true	postgres	0	true	false	true	access_review_r3658
true	true	true	true	true	true	true	true	postgres	1	true	false	true	account_deletions
true	true	true	true	true	true	true	true	postgres	1	true	false	true	account_equity_kt_items_r2379
true	true	true	true	true	true	true	true	postgres	1	true	false	true	account_equity_transfers_r2379
true	true	true	true	true	true	true	true	postgres	1	true	false	true	account_plan_actions_r2683
true	true	true	true	true	true	true	true	postgres	1	true	false	true	account_plan_initiative_progress_r2603
true	true	true	true	true	true	true	true	postgres	2	true	false	true	admin_audit_log
true	true	true	true	true	true	true	true	postgres	0	true	false	true	admin_spend_capa_actions_r3677
true	true	true	true	true	true	true	true	postgres	0	true	false	true	admin_spend_r3677
true	true	true	true	true	true	true	true	postgres	1	true	false	true	adoption_help_requests_r2484
true	true	true	true	true	true	true	true	postgres	0	true	false	true	advance_tax_capa_actions_r3629
true	true	true	true	true	true	true	true	postgres	0	true	false	true	advance_tax_r3629
true	true	true	true	true	true	true	true	postgres	0	true	false	true	advanced_energy_qc_capa_actions_r3278
true	true	true	true	true	true	true	true	postgres	0	true	false	true	advanced_energy_qc_r3278
true	true	true	true	true	true	true	true	postgres	1	true	false	true	advisory_board_action_log_r2613
true	true	true	true	true	true	true	true	postgres	1	true	false	true	advocacy_activities_r2495
true	true	true	true	true	true	true	true	postgres	0	true	false	true	aer_cycle_logs_r3102
true	true	true	true	true	true	true	true	postgres	0	true	false	true	aer_scope_registry_r3102
true	true	true	true	true	true	true	true	postgres	0	true	false	true	aesthetic_laser_capa_actions_r3382
true	true	true	true	true	true	true	true	postgres	0	true	false	true	aesthetic_laser_r3382
true	true	true	true	true	true	true	true	postgres	0	true	false	true	after_hours_wa_engineer_scorecard_r2912
true	true	true	true	true	true	true	true	postgres	0	true	false	true	after_hours_wa_messages_r2912
true	true	true	true	true	true	true	true	postgres	0	true	false	true	aggregometer_qc_capa_actions_r3559
true	true	true	true	true	true	true	true	postgres	0	true	false	true	aggregometer_qc_r3559
true	true	true	true	true	true	true	true	postgres	1	true	false	true	alignment_recovery_actions_r2641
true	true	true	true	true	true	true	true	postgres	0	true	false	true	ambulance_equip_capa_actions_r3215
true	true	true	true	true	true	true	true	postgres	0	true	false	true	ambulance_equip_r3215
false	false	true	false	false	false	true	false	postgres	1	true	false	true	amc_admin_escalations
false	false	true	false	false	false	true	false	postgres	1	true	false	true	amc_affidavits
true	true	true	true	true	true	true	true	postgres	1	true	false	true	amc_attach_improvement_actions_r2668
true	true	true	true	true	true	true	true	postgres	0	true	false	true	amc_cmc_contract_capa_actions_r3317
true	true	true	true	true	true	true	true	postgres	0	true	false	true	amc_cmc_contract_r3317
false	false	true	false	false	false	true	false	postgres	3	true	false	true	amc_contracts
false	false	true	false	false	false	true	false	postgres	1	true	false	true	amc_engineer_rotation
true	true	true	true	true	true	true	true	postgres	0	true	false	true	amc_escalation_capa_actions_r3722
true	true	true	true	true	true	true	true	postgres	0	true	false	true	amc_escalation_r3722
true	true	true	true	true	true	true	true	postgres	1	true	false	true	amc_onboarding_handover_signoffs_r2460
true	true	true	true	true	true	true	true	postgres	1	true	false	true	amc_onboarding_steps_r2460
false	false	true	false	false	false	true	false	postgres	2	true	false	true	amc_payment_orders
false	false	true	false	false	false	true	false	postgres	3	true	false	true	amc_payment_pool
false	false	true	false	false	false	true	false	postgres	2	true	false	true	amc_renewal_attempts
true	true	true	true	true	true	true	true	postgres	1	true	false	true	amc_renewal_runway_r2428
false	false	true	false	false	false	true	false	postgres	3	true	false	true	amc_sla_breaches
false	false	true	false	false	false	true	false	postgres	3	true	false	true	amc_subscription_charges
false	false	true	false	false	false	true	false	postgres	1	true	false	true	amc_subscription_tiers
false	false	true	false	false	false	true	false	postgres	3	true	false	true	amc_subscriptions
true	true	true	true	true	true	true	true	postgres	1	true	false	true	amc_tier_bump_events_r2208
true	true	true	true	true	true	true	true	postgres	1	true	false	true	amc_tier_bump_requests_r2208
true	true	true	true	true	true	true	true	postgres	1	true	false	true	amc_upsell_opportunities_r2436
true	true	true	true	true	true	true	true	postgres	1	true	false	true	amc_upsell_signals_log_r2436
true	true	true	true	true	true	true	true	postgres	0	true	false	true	anaerobic_chamber_qc_capa_actions_r3498
true	true	true	true	true	true	true	true	postgres	0	true	false	true	anaerobic_chamber_qc_r3498
true	true	true	true	true	true	true	true	postgres	0	true	false	true	anaesthesia_machine_capa_actions_r3140
true	true	true	true	true	true	true	true	postgres	0	true	false	true	anaesthesia_machine_r3140
false	false	false	false	false	false	false	false	postgres	1	true	false	true	analytics_events
false	false	false	false	false	false	false	false	postgres	0	true	false	true	analytics_funnel_steps
false	false	false	false	false	false	false	false	postgres	0	true	false	true	analytics_funnels
true	true	true	true	true	true	true	true	postgres	0	true	false	true	anesthesia_fleet_remediation_r2903
true	true	true	true	true	true	true	true	postgres	0	true	false	true	anesthesia_workstation_audits_r2903
true	true	true	true	true	true	true	true	postgres	1	true	false	true	anniversary_gesture_impact_ledger_r2762
true	true	true	true	true	true	true	true	postgres	1	true	false	true	anniversary_milestones_r2805
true	true	true	true	true	true	true	true	postgres	1	true	false	true	anniversary_stories_r2805
true	true	true	true	true	true	true	true	postgres	1	true	false	true	annual_letter_promises_r3037
true	true	true	true	true	true	true	true	postgres	1	true	false	true	anti_pattern_kill_actions_r2509
true	true	true	true	true	true	true	true	postgres	0	true	false	true	ap_invoice_capa_actions_r3744
true	true	true	true	true	true	true	true	postgres	0	true	false	true	ap_invoice_r3744
true	true	true	true	true	true	true	true	postgres	0	true	false	true	apheresis_irradiator_qc_capa_actions_r3283
true	true	true	true	true	true	true	true	postgres	0	true	false	true	apheresis_irradiator_qc_r3283
true	true	true	true	true	true	true	true	postgres	0	true	false	true	api_slo_capa_actions_r3696
true	true	true	true	true	true	true	true	postgres	0	true	false	true	api_slo_r3696
true	true	true	true	true	true	true	true	postgres	0	true	false	true	app_version_capa_actions_r3694
true	true	true	true	true	true	true	true	postgres	0	true	false	true	app_version_r3694
true	true	true	true	true	true	true	true	postgres	0	true	false	true	appraisal_review_capa_actions_r3297
true	true	true	true	true	true	true	true	postgres	0	true	false	true	appraisal_review_r3297
true	true	true	true	true	true	true	true	postgres	1	true	false	true	apprentice_milestones_v2
true	true	true	true	true	true	true	true	postgres	1	true	false	true	apprentice_pairings_v2
true	true	true	true	true	true	true	true	postgres	0	true	false	true	ar_aging_capa_actions_r3169
true	true	true	true	true	true	true	true	postgres	0	true	false	true	ar_aging_r3169
true	true	true	true	true	true	true	true	postgres	0	true	false	true	argon_plasma_apc_qc_capa_actions_r3455
true	true	true	true	true	true	true	true	postgres	0	true	false	true	argon_plasma_apc_qc_r3455
true	true	true	true	true	true	true	true	postgres	1	true	false	true	arrival_buffer_jobs_r2828
true	true	true	true	true	true	true	true	postgres	1	true	false	true	arrival_buffer_refine_actions_r2828
true	true	true	true	true	true	true	true	postgres	1	true	false	true	arrival_window_promises_r2712
true	true	true	true	true	true	true	true	postgres	1	true	false	true	arrival_window_refinements_r2712
true	true	true	true	true	true	true	true	postgres	0	true	false	true	arthroscope_qc_capa_actions_r3543
true	true	true	true	true	true	true	true	postgres	0	true	false	true	arthroscope_qc_r3543
true	true	true	true	true	true	true	true	postgres	1	true	false	true	asset_tag_compliance_gap_actions_r2835
true	true	true	true	true	true	true	true	postgres	0	true	false	true	asset_turnover_capa_actions_r3573
true	true	true	true	true	true	true	true	postgres	0	true	false	true	asset_turnover_r3573
true	true	true	true	true	true	true	true	postgres	1	true	false	true	asset_utilization_growth_actions_r2503
true	true	true	true	true	true	true	true	postgres	1	true	false	true	assurance_letter_clauses_r2993
true	true	true	true	true	true	true	true	postgres	1	true	false	true	attrition_retention_plans_r2482
true	true	true	true	true	true	true	true	postgres	0	true	false	true	audiometer_qa_capa_actions_r3214
true	true	true	true	true	true	true	true	postgres	0	true	false	true	audiometer_qa_r3214
true	true	true	true	true	true	true	true	postgres	1	true	false	true	audit_corrective_actions_r2516
true	true	true	true	true	true	true	true	postgres	0	true	false	true	autoclave_capa_actions_r3136
true	true	true	true	true	true	true	true	postgres	0	true	false	true	autoclave_cycle_log_r3136
true	true	true	true	true	true	true	true	postgres	0	true	false	true	backup_dr_capa_actions_r3659
true	true	true	true	true	true	true	true	postgres	0	true	false	true	backup_dr_r3659
true	true	true	true	true	true	true	true	postgres	1	true	false	true	backup_engineer_coverage_r2470
true	true	true	true	true	true	true	true	postgres	0	true	false	true	baddebt_recovery_capa_actions_r3619
true	true	true	true	true	true	true	true	postgres	0	true	false	true	baddebt_recovery_r3619
false	false	false	false	false	true	true	true	postgres	1	true	false	true	bank_accounts
true	true	true	true	true	true	true	true	postgres	0	true	false	true	bank_recon_capa_actions_r3627
true	true	true	true	true	true	true	true	postgres	0	true	false	true	bank_recon_r3627
false	false	false	false	true	true	true	true	postgres	1	true	false	true	bath_lift_hydraulic_audits_r3039
false	false	false	false	true	true	true	true	postgres	1	true	false	true	bath_lift_remediation_workorders_r3039
false	false	false	false	true	true	true	true	postgres	1	true	false	true	bath_lift_sling_inspections_r3002
false	false	false	false	true	true	true	true	postgres	1	true	false	true	bath_lift_sling_replacements_r3002
true	true	true	true	true	true	true	true	postgres	0	true	false	true	battery_health_capa_actions_r3364
true	true	true	true	true	true	true	true	postgres	0	true	false	true	battery_health_r3364
true	true	true	true	true	true	true	true	postgres	1	true	false	true	bb_uptime_interventions_r2791
false	false	false	false	true	true	true	true	postgres	1	true	false	true	bedside_tablet_lock_discipline_r3072
true	true	true	true	true	true	true	true	postgres	1	true	false	true	bet_evidence_log_r2433
true	true	true	true	true	true	true	true	postgres	1	true	false	true	bet_learnings_r2681
true	true	true	true	true	true	true	true	postgres	1	true	false	true	bet_reweight_events_r2737
true	true	true	true	true	true	true	true	postgres	0	true	false	true	bid_analytics_capa_actions_r3220
true	true	true	true	true	true	true	true	postgres	0	true	false	true	bid_analytics_r3220
true	true	true	true	true	true	true	true	postgres	0	true	false	true	bid_funnel_capa_actions_r3698
true	true	true	true	true	true	true	true	postgres	0	true	false	true	bid_funnel_r3698
true	true	true	true	true	true	true	true	postgres	1	true	false	true	bilingual_handover_sessions_r2876
true	true	true	true	true	true	true	true	postgres	1	true	false	true	billing_correction_actions_r2604
true	true	true	true	true	true	true	true	postgres	1	true	false	true	billing_dispute_root_cause_kills_r2439
true	true	true	true	true	true	true	true	postgres	0	true	false	true	biocompat_capa_actions_r3647
true	true	true	true	true	true	true	true	postgres	0	true	false	true	biocompat_r3647
true	true	true	true	true	true	true	true	postgres	0	true	false	true	biomed_test_equipment_capa_actions_r3371
true	true	true	true	true	true	true	true	postgres	0	true	false	true	biomed_test_equipment_r3371
true	true	true	true	true	true	true	true	postgres	0	true	false	true	biosafety_cabinet_capa_actions_r3263
true	true	true	true	true	true	true	true	postgres	0	true	false	true	biosafety_cabinet_r3263
true	true	true	true	true	true	true	true	postgres	0	true	false	true	bipap_cpap_capa_actions_r3210
true	true	true	true	true	true	true	true	postgres	0	true	false	true	bipap_cpap_r3210
true	true	true	true	true	true	true	true	postgres	0	true	false	true	bis_depth_anesthesia_qc_capa_actions_r3438
true	true	true	true	true	true	true	true	postgres	0	true	false	true	bis_depth_anesthesia_qc_r3438
true	true	true	true	true	true	true	true	postgres	0	true	false	true	blood_bank_fridge_capa_actions_r3134
true	true	true	true	true	true	true	true	postgres	0	true	false	true	blood_bank_fridge_event_r3134
true	true	true	true	true	true	true	true	postgres	1	true	false	true	blood_bank_refrigerator_uptime_r2791
true	true	true	true	true	true	true	true	postgres	0	true	false	true	blood_collection_monitor_qc_capa_actions_r3502
true	true	true	true	true	true	true	true	postgres	0	true	false	true	blood_collection_monitor_qc_r3502
true	true	true	true	true	true	true	true	postgres	0	true	false	true	blood_culture_micro_qc_capa_actions_r3418
true	true	true	true	true	true	true	true	postgres	0	true	false	true	blood_culture_micro_qc_r3418
true	true	true	true	true	true	true	true	postgres	0	true	false	true	blood_gas_qc_capa_actions_r3170
true	true	true	true	true	true	true	true	postgres	0	true	false	true	blood_gas_qc_r3170
true	true	true	true	true	true	true	true	postgres	0	true	false	true	blood_plasma_thawer_qc_capa_actions_r3446
true	true	true	true	true	true	true	true	postgres	0	true	false	true	blood_plasma_thawer_qc_r3446
true	true	true	true	true	true	true	true	postgres	0	true	false	true	blood_warmer_capa_actions_r3219
true	true	true	true	true	true	true	true	postgres	0	true	false	true	blood_warmer_r3219
true	true	true	true	true	true	true	true	postgres	0	true	false	true	bloodbag_processing_qc_capa_actions_r3395
true	true	true	true	true	true	true	true	postgres	0	true	false	true	bloodbag_processing_qc_r3395
true	true	true	true	true	true	true	true	postgres	0	true	false	true	bloodbank_storage_qc_capa_actions_r3243
true	true	true	true	true	true	true	true	postgres	0	true	false	true	bloodbank_storage_qc_r3243
true	true	true	true	true	true	true	true	postgres	0	true	false	true	bmw_site_access_capa_actions_r3160
true	true	true	true	true	true	true	true	postgres	0	true	false	true	bmw_site_access_r3160
true	true	true	true	true	true	true	true	postgres	1	true	false	true	board_action_items_r2857
true	true	true	true	true	true	true	true	postgres	0	true	false	true	board_actions_capa_actions_r3209
true	true	true	true	true	true	true	true	postgres	0	true	false	true	board_actions_r3209
false	false	false	false	true	true	true	true	postgres	2	true	false	true	board_advisor_action_items_r3081
false	false	false	false	true	true	true	true	postgres	2	true	false	true	board_advisor_office_hours_r3081
true	true	true	true	true	true	true	true	postgres	0	true	false	true	board_advisory_members_r3135
true	true	true	true	true	true	true	true	postgres	0	true	false	true	board_cadence_sessions_r3135
true	true	true	true	true	true	true	true	postgres	0	true	false	true	board_committee_capa_actions_r3707
true	true	true	true	true	true	true	true	postgres	0	true	false	true	board_committee_r3707
true	true	true	true	true	true	true	true	postgres	1	true	false	true	board_deck_archive_r2801
true	true	true	true	true	true	true	true	postgres	1	true	false	true	board_deck_followup_log_r2801
true	true	true	true	true	true	true	true	postgres	1	true	false	true	board_deck_hard_question_drills_r2861
true	true	true	true	true	true	true	true	postgres	1	true	false	true	board_deck_questions_r2501
true	true	true	true	true	true	true	true	postgres	1	true	false	true	board_deck_rehearsal_sessions_r2861
true	true	true	true	true	true	true	true	postgres	1	true	false	true	board_engagement_follow_ups_r2559
true	true	true	true	true	true	true	true	postgres	0	true	false	true	board_kpi_pack_capa_actions_r3149
true	true	true	true	true	true	true	true	postgres	0	true	false	true	board_kpi_pack_r3149
true	true	true	true	true	true	true	true	postgres	1	true	false	true	board_meeting_actions_r2453
true	true	true	true	true	true	true	true	postgres	1	true	false	true	board_meetings_r2453
true	true	true	true	true	true	true	true	postgres	1	true	false	true	board_meetings_r2857
true	true	true	true	true	true	true	true	postgres	1	true	false	true	board_observer_onboarding
true	true	true	true	true	true	true	true	postgres	1	true	false	true	board_observer_step_log
true	true	true	true	true	true	true	true	postgres	1	true	false	true	board_pack_finalize_log_r2285
true	true	true	true	true	true	true	true	postgres	1	true	false	true	board_pack_metrics_r2285
true	true	true	true	true	true	true	true	postgres	1	true	false	true	board_pack_narrative_claims_r2889
true	true	true	true	true	true	true	true	postgres	1	true	false	true	board_pack_section_quality_r2481
true	true	true	true	true	true	true	true	postgres	1	true	false	true	board_pre_meeting_outcomes_r2645
true	true	true	true	true	true	true	true	postgres	1	true	false	true	board_prep_checklist_evidence_r2749
true	true	true	true	true	true	true	true	postgres	1	true	false	true	board_prep_checklist_items_r2749
true	true	true	true	true	true	true	true	postgres	0	true	false	true	body_composition_metabolic_qc_capa_actions_r3311
true	true	true	true	true	true	true	true	postgres	0	true	false	true	body_composition_metabolic_qc_r3311
false	false	true	false	false	false	true	false	postgres	1	true	false	true	bonded_parts_dispatch
false	false	true	false	false	false	true	false	postgres	1	true	false	true	bonded_parts_install_event
false	false	true	false	false	false	true	false	postgres	1	true	false	true	bonded_parts_intake
false	false	true	false	false	false	true	false	postgres	1	true	false	true	bonded_parts_suppliers
true	true	true	true	true	true	true	true	postgres	0	true	false	true	bone_growth_qc_capa_actions_r3591
true	true	true	true	true	true	true	true	postgres	0	true	false	true	bone_growth_qc_r3591
true	true	true	true	true	true	true	true	postgres	0	true	false	true	borrowing_cost_capa_actions_r3611
true	true	true	true	true	true	true	true	postgres	0	true	false	true	borrowing_cost_r3611
true	true	true	true	true	true	true	true	postgres	0	true	false	true	brachy_afterloader_qc_capa_actions_r3327
true	true	true	true	true	true	true	true	postgres	0	true	false	true	brachy_afterloader_qc_r3327
true	true	true	true	true	true	true	true	postgres	1	true	false	true	brand_equity_campaigns_r2781
true	true	true	true	true	true	true	true	postgres	1	true	false	true	brand_equity_segments_r2781
true	true	true	true	true	true	true	true	postgres	0	true	false	true	breakdown_mttr_capa_actions_r3400
true	true	true	true	true	true	true	true	postgres	0	true	false	true	breakdown_mttr_r3400
true	true	true	true	true	true	true	true	postgres	0	true	false	true	breast_milk_analyzer_qc_capa_actions_r3583
true	true	true	true	true	true	true	true	postgres	0	true	false	true	breast_milk_analyzer_qc_r3583
true	true	true	true	true	true	true	true	postgres	1	true	false	true	bridge_funding_asks_r2725
true	true	true	true	true	true	true	true	postgres	1	true	false	true	bridge_funding_wires_r2725
true	true	true	true	true	true	true	true	postgres	1	true	false	true	buddy_program_outcomes_r2662
true	true	true	true	true	true	true	true	postgres	1	true	false	true	budget_cycle_decision_log_r2556
true	true	true	true	true	true	true	true	postgres	1	true	false	true	budget_cycle_refill_actions_r2696
true	true	true	true	true	true	true	true	postgres	0	true	false	true	budget_reforecast_capa_actions_r3557
true	true	true	true	true	true	true	true	postgres	0	true	false	true	budget_reforecast_r3557
true	true	true	true	true	true	true	true	postgres	0	true	false	true	budget_variance_capa_actions_r3313
true	true	true	true	true	true	true	true	postgres	0	true	false	true	budget_variance_r3313
true	true	true	true	true	true	true	true	postgres	1	true	false	true	bug_report_quality_scores_r2514
true	true	true	true	true	true	true	true	postgres	0	true	false	true	building_electrical_capa_actions_r3689
true	true	true	true	true	true	true	true	postgres	0	true	false	true	building_electrical_r3689
true	true	true	true	true	true	true	true	postgres	1	true	false	true	bulk_pricing_decision_log_r2588
true	true	true	true	true	true	true	true	postgres	1	true	false	true	bundle_amc_renewal_refine_plays_r2856
true	true	true	true	true	true	true	true	postgres	1	true	false	true	bundle_attach_log_r2611
false	false	false	false	true	true	true	true	postgres	1	true	false	true	burn_unit_disinfection_findings_r3087
false	false	false	false	true	true	true	true	postgres	1	true	false	true	burn_unit_tub_calibrations_r3087
true	true	true	true	true	true	true	true	postgres	1	true	false	true	burnout_interventions_r2430
false	true	true	true	false	true	true	true	postgres	2	true	false	true	buyer_kyc_verifications
true	true	true	true	true	true	true	true	postgres	1	true	false	true	c_suite_intro_outcomes_r2475
true	true	true	true	true	true	true	true	postgres	1	true	false	true	c_suite_meeting_outcomes_r2595
true	true	true	true	true	true	true	true	postgres	1	true	false	true	c_suite_tone_adjustment_actions_r2599
true	true	true	true	true	true	true	true	postgres	1	true	false	true	cab_contributions_r2717
true	true	true	true	true	true	true	true	postgres	1	true	false	true	cab_members_r2717
false	false	false	false	true	true	true	true	postgres	1	true	false	true	cab_quarterly_outputs_r3041
false	false	false	false	true	true	true	true	postgres	1	true	false	true	cafeteria_hygiene_audits_r2956
false	false	false	false	true	true	true	true	postgres	1	true	false	true	cafeteria_hygiene_findings_r2956
true	true	true	true	true	true	true	true	postgres	0	true	false	true	cal_ref_standards_capa_actions_r3360
true	true	true	true	true	true	true	true	postgres	0	true	false	true	cal_ref_standards_r3360
true	true	true	true	true	true	true	true	postgres	0	true	false	true	calibration_recall_capa_actions_r3536
true	true	true	true	true	true	true	true	postgres	0	true	false	true	calibration_recall_r3536
true	true	true	true	true	true	true	true	postgres	1	true	false	true	calibration_records
true	true	true	true	true	true	true	true	postgres	3	true	false	true	calibration_services
false	false	false	false	true	true	true	true	postgres	1	true	false	true	call_bell_cable_checks_r3024
false	false	false	false	true	true	true	true	postgres	1	true	false	true	call_bell_monthly_summary_r3024
true	true	true	true	true	true	true	true	postgres	1	true	false	true	callback_elimination_action_r2732
true	true	true	true	true	true	true	true	postgres	1	true	false	true	callback_loose_ends_resolution_r2522
true	true	true	true	true	true	true	true	postgres	1	true	false	true	callout_fatigue_metrics_r2467
true	true	true	true	true	true	true	true	postgres	0	true	false	true	canteen_fssai_capa_actions_r3747
true	true	true	true	true	true	true	true	postgres	0	true	false	true	canteen_fssai_r3747
true	true	true	true	true	true	true	true	postgres	1	true	false	true	cap_table_dilution_events_r2529
true	true	true	true	true	true	true	true	postgres	0	true	false	true	cap_table_dilution_scenarios_r2937
true	true	true	true	true	true	true	true	postgres	1	true	false	true	cap_table_quarterly_snapshots_r1685
true	true	true	true	true	true	true	true	postgres	1	true	false	true	cap_table_scenario_lines_v2
true	true	true	true	true	true	true	true	postgres	1	true	false	true	cap_table_scenarios_r2421
true	true	true	true	true	true	true	true	postgres	1	true	false	true	cap_table_scenarios_v2
true	true	true	true	true	true	true	true	postgres	1	true	false	true	cap_table_shareholder_snapshots_r1685
true	true	true	true	true	true	true	true	postgres	0	true	false	true	cap_table_stakeholder_positions_r2937
true	true	true	true	true	true	true	true	postgres	1	true	false	true	cap_table_v3_events
true	true	true	true	true	true	true	true	postgres	1	true	false	true	cap_table_v3_holdings
true	true	true	true	true	true	true	true	postgres	0	true	false	true	capex_approval_pipeline_capa_actions_r3425
true	true	true	true	true	true	true	true	postgres	0	true	false	true	capex_approval_pipeline_r3425
true	true	true	true	true	true	true	true	postgres	0	true	false	true	capex_budget_capa_actions_r3603
true	true	true	true	true	true	true	true	postgres	0	true	false	true	capex_budget_r3603
true	true	true	true	true	true	true	true	postgres	0	true	false	true	capex_roi_postaudit_capa_actions_r3393
true	true	true	true	true	true	true	true	postgres	0	true	false	true	capex_roi_postaudit_r3393
true	true	true	true	true	true	true	true	postgres	0	true	false	true	capital_commitment_capa_actions_r3620
true	true	true	true	true	true	true	true	postgres	0	true	false	true	capital_commitment_r3620
true	true	true	true	true	true	true	true	postgres	0	true	false	true	capital_structure_covenant_capa_actions_r3485
true	true	true	true	true	true	true	true	postgres	0	true	false	true	capital_structure_covenant_r3485
true	true	true	true	true	true	true	true	postgres	0	true	false	true	capno_multigas_qc_capa_actions_r3415
true	true	true	true	true	true	true	true	postgres	0	true	false	true	capno_multigas_qc_r3415
false	false	false	false	true	true	true	true	postgres	1	true	false	true	capsule_route_events_r2986
true	true	true	true	true	true	true	true	postgres	0	true	false	true	cardiac_output_qc_capa_actions_r3531
true	true	true	true	true	true	true	true	postgres	0	true	false	true	cardiac_output_qc_r3531
true	true	true	true	true	true	true	true	postgres	0	true	false	true	cardiac_programmer_qc_capa_actions_r3387
true	true	true	true	true	true	true	true	postgres	0	true	false	true	cardiac_programmer_qc_r3387
true	true	true	true	true	true	true	true	postgres	1	true	false	true	care_package_followup_actions_r2638
true	true	true	true	true	true	true	true	postgres	0	true	false	true	carm_dose_capa_actions_r3151
true	true	true	true	true	true	true	true	postgres	0	true	false	true	carm_dose_r3151
true	true	true	true	true	true	true	true	postgres	0	true	false	true	carrying_cost_capa_actions_r3553
true	true	true	true	true	true	true	true	postgres	0	true	false	true	carrying_cost_r3553
true	true	true	true	true	true	true	true	postgres	4	true	false	true	cart_items
true	true	true	true	true	true	true	true	postgres	0	true	false	true	cas_coverage_golive_capa_actions_r3412
true	true	true	true	true	true	true	true	postgres	0	true	false	true	cas_coverage_golive_r3412
true	true	true	true	true	true	true	true	postgres	0	true	false	true	cash_flow_statement_capa_actions_r3505
true	true	true	true	true	true	true	true	postgres	0	true	false	true	cash_flow_statement_r3505
true	true	true	true	true	true	true	true	postgres	0	true	false	true	cash_pooling_capa_actions_r3541
true	true	true	true	true	true	true	true	postgres	0	true	false	true	cash_pooling_r3541
true	true	true	true	true	true	true	true	postgres	2	true	false	true	cash_survey_responses
true	true	true	true	true	true	true	true	postgres	0	true	false	true	cast_saw_qc_capa_actions_r3507
true	true	true	true	true	true	true	true	postgres	0	true	false	true	cast_saw_qc_r3507
true	true	true	true	true	true	true	true	postgres	1	true	false	true	catalog_brands
true	true	true	true	true	true	true	true	postgres	1	true	false	true	catalog_devices
true	true	true	true	true	true	true	true	postgres	1	true	false	true	catalog_reference_items
true	true	true	true	true	true	true	true	postgres	0	true	false	true	cathlab_carm_dose_audits_r3114
true	true	true	true	true	true	true	true	postgres	0	true	false	true	cathlab_carm_dose_findings_r3114
true	true	true	true	true	true	true	true	postgres	0	true	false	true	cathlab_injector_capa_actions_r3238
true	true	true	true	true	true	true	true	postgres	0	true	false	true	cathlab_injector_r3238
true	true	true	true	true	true	true	true	postgres	0	true	false	true	cbm_predictive_capa_actions_r3480
true	true	true	true	true	true	true	true	postgres	0	true	false	true	cbm_predictive_r3480
true	true	true	true	true	true	true	true	postgres	0	true	false	true	ccc_leak_events_r2897
true	true	true	true	true	true	true	true	postgres	1	true	false	true	celebration_engagement_outcomes_r2646
true	true	true	true	true	true	true	true	postgres	0	true	false	true	cell_salvage_qc_capa_actions_r3443
true	true	true	true	true	true	true	true	postgres	0	true	false	true	cell_salvage_qc_r3443
true	true	true	true	true	true	true	true	postgres	0	true	false	true	cell_saver_qc_capa_actions_r3331
true	true	true	true	true	true	true	true	postgres	0	true	false	true	cell_saver_qc_r3331
true	true	true	true	true	true	true	true	postgres	0	true	false	true	cell_therapy_gmp_qc_capa_actions_r3407
true	true	true	true	true	true	true	true	postgres	0	true	false	true	cell_therapy_gmp_qc_r3407
true	true	true	true	true	true	true	true	postgres	0	true	false	true	central_lab_qc_capa_actions_r3274
true	true	true	true	true	true	true	true	postgres	0	true	false	true	central_lab_qc_r3274
true	true	true	true	true	true	true	true	postgres	1	true	false	true	centrifuge_bearing_replacement_log_r3034
true	true	true	true	true	true	true	true	postgres	1	true	false	true	centrifuge_imbalance_audits_r3034
true	true	true	true	true	true	true	true	postgres	0	true	false	true	cer_capa_actions_r3648
true	true	true	true	true	true	true	true	postgres	0	true	false	true	cer_r3648
true	true	true	true	true	true	true	true	postgres	0	true	false	true	cerebral_oximeter_qc_capa_actions_r3527
true	true	true	true	true	true	true	true	postgres	0	true	false	true	cerebral_oximeter_qc_r3527
true	true	true	true	true	true	true	true	postgres	0	true	false	true	cert_exam_capa_actions_r3208
true	true	true	true	true	true	true	true	postgres	0	true	false	true	cert_exam_r3208
true	true	true	true	true	true	true	true	postgres	1	true	false	true	cfo_pitch_pipeline_r2535
true	true	true	true	true	true	true	true	postgres	0	true	false	true	cha_scorecard_capa_actions_r3671
true	true	true	true	true	true	true	true	postgres	0	true	false	true	cha_scorecard_r3671
true	true	true	true	true	true	true	true	postgres	1	true	false	true	chain_account_plans_r2683
true	true	true	true	true	true	true	true	postgres	1	true	false	true	chain_amc_renewal_funnel_r2587
true	true	true	true	true	true	true	true	postgres	1	true	false	true	chain_amendment_revisions_r2423
true	true	true	true	true	true	true	true	postgres	1	true	false	true	chain_asset_utilization_r2503
true	true	true	true	true	true	true	true	postgres	1	true	false	true	chain_attribution_touchpoints_r2847
true	true	true	true	true	true	true	true	postgres	1	true	false	true	chain_bid_competitor_analysis_r2515
true	true	true	true	true	true	true	true	postgres	1	true	false	true	chain_bids_r2515
true	true	true	true	true	true	true	true	postgres	1	true	false	true	chain_billing_disputes_r2439
true	true	true	true	true	true	true	true	postgres	1	true	false	true	chain_board_engagements_r2559
true	true	true	true	true	true	true	true	postgres	1	true	false	true	chain_board_resolutions_r2615
true	true	true	true	true	true	true	true	postgres	1	true	false	true	chain_board_trustee_relations_r2579
true	true	true	true	true	true	true	true	postgres	1	true	false	true	chain_c_suite_communication_style_r2599
true	true	true	true	true	true	true	true	postgres	1	true	false	true	chain_c_suite_intros_r2475
true	true	true	true	true	true	true	true	postgres	1	true	false	true	chain_c_suite_meeting_cadence_r2595
true	true	true	true	true	true	true	true	postgres	1	true	false	true	chain_capacity_headroom_opportunities_r2807
true	true	true	true	true	true	true	true	postgres	1	true	false	true	chain_cfo_budget_cycles_r2535
true	true	true	true	true	true	true	true	postgres	1	true	false	true	chain_churn_risk_scores_r2327
true	true	true	true	true	true	true	true	postgres	1	true	false	true	chain_clinical_outcome_link_r2643
true	true	true	true	true	true	true	true	postgres	1	true	false	true	chain_clinical_workflow_bottlenecks_r2803
true	true	true	true	true	true	true	true	postgres	1	true	false	true	chain_clinician_training_outcomes_r2763
true	true	true	true	true	true	true	true	postgres	1	true	false	true	chain_clinician_training_sessions_r2763
true	true	true	true	true	true	true	true	postgres	1	true	false	true	chain_co_marketing_deals_r2487
true	true	true	true	true	true	true	true	postgres	1	true	false	true	chain_collateral_usage_r2507
true	true	true	true	true	true	true	true	postgres	1	true	false	true	chain_consolidation_pressure_r2647
true	true	true	true	true	true	true	true	postgres	1	true	false	true	chain_contract_amendments_r2423
true	true	true	true	true	true	true	true	postgres	1	true	false	true	chain_cosign_cycles_r2811
true	true	true	true	true	true	true	true	postgres	1	true	false	true	chain_coverage_action_plans_r2455
true	true	true	true	true	true	true	true	postgres	1	true	false	true	chain_cross_sell_bundles_r2611
true	true	true	true	true	true	true	true	postgres	1	true	false	true	chain_cs_playbook_runs_r2483
true	true	true	true	true	true	true	true	postgres	1	true	false	true	chain_customer_advocates_r2495
true	true	true	true	true	true	true	true	postgres	1	true	false	true	chain_customer_success_stories_r2607
true	true	true	true	true	true	true	true	postgres	1	true	false	true	chain_decision_maker_rotations_r2371
true	true	true	true	true	true	true	true	postgres	1	true	false	true	chain_decision_makers_r2435
true	true	true	true	true	true	true	true	postgres	1	true	false	true	chain_decommission_assets_r2771
true	true	true	true	true	true	true	true	postgres	1	true	false	true	chain_decommission_quarterly_rollup_r2771
true	true	true	true	true	true	true	true	postgres	1	true	false	true	chain_dso_snapshots_r2468
true	true	true	true	true	true	true	true	postgres	1	true	false	true	chain_emergency_deployments_r2591
true	true	true	true	true	true	true	true	postgres	1	true	false	true	chain_equipment_decommissions_r2571
true	true	true	true	true	true	true	true	postgres	1	true	false	true	chain_equipment_insurance_policies_r2823
true	true	true	true	true	true	true	true	postgres	1	true	false	true	chain_equipment_investment_pipeline_r2639
true	true	true	true	true	true	true	true	postgres	0	true	false	true	chain_equipment_lifecycle_forecast_r2935
true	true	true	true	true	true	true	true	postgres	1	true	false	true	chain_equipment_master_quality_r2523
true	true	true	true	true	true	true	true	postgres	1	true	false	true	chain_equipment_shift_utilization_r2499
true	true	true	true	true	true	true	true	postgres	1	true	false	true	chain_equipment_uptime_r2431
true	true	true	true	true	true	true	true	postgres	1	true	false	true	chain_exec_event_attendance_r2635
true	true	true	true	true	true	true	true	postgres	1	true	false	true	chain_exec_sponsor_touches_r2355
true	true	true	true	true	true	true	true	postgres	1	true	false	true	chain_exec_sponsors_r2355
true	true	true	true	true	true	true	true	postgres	1	true	false	true	chain_expansion_activity_r2299
true	true	true	true	true	true	true	true	postgres	1	true	false	true	chain_expansion_sites_r2299
true	true	true	true	true	true	true	true	postgres	1	true	false	true	chain_finance_counterparts_r2491
true	true	true	true	true	true	true	true	postgres	1	true	false	true	chain_fleet_cohorts_r2839
true	true	true	true	true	true	true	true	postgres	1	true	false	true	chain_fleet_renewal_roadmap_r2623
true	true	true	true	true	true	true	true	postgres	1	true	false	true	chain_fleet_spare_reorder_outcomes_r2863
true	true	true	true	true	true	true	true	postgres	1	true	false	true	chain_fleet_spare_stock_position_r2863
true	true	true	true	true	true	true	true	postgres	1	true	false	true	chain_handover_quality_r2555
true	true	true	true	true	true	true	true	postgres	1	true	false	true	chain_health_intervention_plans_r2447
true	true	true	true	true	true	true	true	postgres	1	true	false	true	chain_health_snapshots_r2447
true	true	true	true	true	true	true	true	postgres	1	true	false	true	chain_implementation_burndown_snapshots_r2459
true	true	true	true	true	true	true	true	postgres	1	true	false	true	chain_implementation_milestones_r2459
true	true	true	true	true	true	true	true	postgres	1	true	false	true	chain_installed_base_loyalty_r2667
true	true	true	true	true	true	true	true	postgres	1	true	false	true	chain_installed_base_r2575
true	true	true	true	true	true	true	true	postgres	1	true	false	true	chain_insurance_claim_history_r2823
true	true	true	true	true	true	true	true	postgres	1	true	false	true	chain_key_account_quarterly_strategy_r2547
true	true	true	true	true	true	true	true	postgres	1	true	false	true	chain_loaner_pool_inventory_r2879
true	true	true	true	true	true	true	true	postgres	1	true	false	true	chain_loaner_utilization_events_r2879
true	true	true	true	true	true	true	true	postgres	1	true	false	true	chain_loyalty_bond_actions_r2631
true	true	true	true	true	true	true	true	postgres	1	true	false	true	chain_ma_actions_r2767
true	true	true	true	true	true	true	true	postgres	1	true	false	true	chain_ma_events_r2767
true	true	true	true	true	true	true	true	postgres	1	true	false	true	chain_ma_signals_r2531
true	true	true	true	true	true	true	true	postgres	1	true	false	true	chain_modality_interventions_r2843
true	true	true	true	true	true	true	true	postgres	1	true	false	true	chain_modality_uptime_r2843
true	true	true	true	true	true	true	true	postgres	1	true	false	true	chain_monsoon_audit_actions_r2875
true	true	true	true	true	true	true	true	postgres	1	true	false	true	chain_monsoon_audit_assets_r2875
true	true	true	true	true	true	true	true	postgres	1	true	false	true	chain_multi_year_contracts_r2619
true	true	true	true	true	true	true	true	postgres	1	true	false	true	chain_nps_revenue_actions_r2315
true	true	true	true	true	true	true	true	postgres	1	true	false	true	chain_nps_revenue_snapshots_r2315
true	true	true	true	true	true	true	true	postgres	1	true	false	true	chain_oem_preferences_r2343
true	true	true	true	true	true	true	true	postgres	1	true	false	true	chain_onboarding_arr_at_stake_r2443
true	true	true	true	true	true	true	true	postgres	1	true	false	true	chain_onboarding_tasks_r2443
true	true	true	true	true	true	true	true	postgres	1	true	false	true	chain_pharmacy_spend_r2543
true	true	true	true	true	true	true	true	postgres	1	true	false	true	chain_pricing_experiments_r2479
true	true	true	true	true	true	true	true	postgres	1	true	false	true	chain_pricing_power_tests_r2627
true	true	true	true	true	true	true	true	postgres	1	true	false	true	chain_procurement_bottlenecks_r2427
true	true	true	true	true	true	true	true	postgres	1	true	false	true	chain_procurement_decisions_r2847
true	true	true	true	true	true	true	true	postgres	1	true	false	true	chain_procurement_leaders_r2519
true	true	true	true	true	true	true	true	postgres	1	true	false	true	chain_procurement_policy_versions_r2539
true	true	true	true	true	true	true	true	postgres	1	true	false	true	chain_procurement_pos_r2427
true	true	true	true	true	true	true	true	postgres	1	true	false	true	chain_procurement_velocity_r2655
true	true	true	true	true	true	true	true	postgres	1	true	false	true	chain_protocol_outcome_logs_r2739
true	true	true	true	true	true	true	true	postgres	1	true	false	true	chain_protocol_recommendations_r2739
true	true	true	true	true	true	true	true	postgres	1	true	false	true	chain_qbr_action_items_r2415
true	true	true	true	true	true	true	true	postgres	1	true	false	true	chain_qbr_meetings_r2415
true	true	true	true	true	true	true	true	postgres	1	true	false	true	chain_quarterly_account_plans_r2603
true	true	true	true	true	true	true	true	postgres	1	true	false	true	chain_quarterly_bed_uplift_r2723
true	true	true	true	true	true	true	true	postgres	1	true	false	true	chain_quarterly_capacity_snapshots_r2807
true	true	true	true	true	true	true	true	postgres	1	true	false	true	chain_quarterly_refresh_pipeline_r2563
true	true	true	true	true	true	true	true	postgres	1	true	false	true	chain_quote_to_cash_cycles_r2468
true	true	true	true	true	true	true	true	postgres	1	true	false	true	chain_rebate_ledger_r2527
true	true	true	true	true	true	true	true	postgres	1	true	false	true	chain_recurring_issues_r2463
true	true	true	true	true	true	true	true	postgres	1	true	false	true	chain_rejuvenation_runs_r2839
true	true	true	true	true	true	true	true	postgres	1	true	false	true	chain_relationship_touchpoints_r2435
true	true	true	true	true	true	true	true	postgres	1	true	false	true	chain_renewal_arr_snapshots_r2411
true	true	true	true	true	true	true	true	postgres	1	true	false	true	chain_renewal_conversations_r2411
true	true	true	true	true	true	true	true	postgres	1	true	false	true	chain_renewal_risk_radar_r2659
true	true	true	true	true	true	true	true	postgres	0	true	false	true	chain_replacement_funding_plan_r2935
true	true	true	true	true	true	true	true	postgres	1	true	false	true	chain_revenue_leakage_r2651
true	true	true	true	true	true	true	true	postgres	1	true	false	true	chain_rfp_competitor_intel_r2451
true	true	true	true	true	true	true	true	postgres	1	true	false	true	chain_rfp_cycles_r2403
true	true	true	true	true	true	true	true	postgres	1	true	false	true	chain_rfp_debriefs_r2551
true	true	true	true	true	true	true	true	postgres	1	true	false	true	chain_rfp_stage_events_r2403
true	true	true	true	true	true	true	true	postgres	1	true	false	true	chain_rfps_r2451
true	true	true	true	true	true	true	true	postgres	1	true	false	true	chain_rollout_arr_snapshots_r2419
true	true	true	true	true	true	true	true	postgres	1	true	false	true	chain_rollout_sites_r2419
true	true	true	true	true	true	true	true	postgres	1	true	false	true	chain_rotation_action_plans_r2371
true	true	true	true	true	true	true	true	postgres	1	true	false	true	chain_sla_breach_events_r2375
true	true	true	true	true	true	true	true	postgres	1	true	false	true	chain_sla_breach_negotiations_r2375
true	true	true	true	true	true	true	true	postgres	1	true	false	true	chain_sla_credits_owed_r2431
false	false	false	false	true	true	true	true	postgres	1	true	false	true	chain_sparepart_sourcing_lines_r2979
false	false	false	false	true	true	true	true	postgres	1	true	false	true	chain_sparepart_sourcing_quarters_r2979
true	true	true	true	true	true	true	true	postgres	1	true	false	true	chain_stakeholder_coverage_r2455
true	true	true	true	true	true	true	true	postgres	1	true	false	true	chain_stakeholder_events_r2511
true	true	true	true	true	true	true	true	postgres	0	true	false	true	chain_sud_corrective_actions_r2891
true	true	true	true	true	true	true	true	postgres	0	true	false	true	chain_sud_reprocessing_audits_r2891
true	true	true	true	true	true	true	true	postgres	1	true	false	true	chain_unboarding_signals_r2327
true	true	true	true	true	true	true	true	postgres	1	true	false	true	chain_uplift_storyboard_r2723
true	true	true	true	true	true	true	true	postgres	1	true	false	true	chain_vendor_comarketing_campaigns_r2827
true	true	true	true	true	true	true	true	postgres	1	true	false	true	chain_vendor_comarketing_leads_r2827
true	true	true	true	true	true	true	true	postgres	1	true	false	true	chain_vendor_comparison_r2567
true	true	true	true	true	true	true	true	postgres	1	true	false	true	chain_vendor_consolidation_r2671
true	true	true	true	true	true	true	true	postgres	1	true	false	true	chain_vendor_cost_benchmark_r2663
true	true	true	true	true	true	true	true	postgres	1	true	false	true	chain_vendor_switch_pressure_r2583
true	true	true	true	true	true	true	true	postgres	1	true	false	true	chain_vip_tiers_r2471
true	true	true	true	true	true	true	true	postgres	1	true	false	true	chain_workflow_outcome_scorecard_r2803
true	true	true	true	true	true	true	true	postgres	1	true	false	true	chain_xsell_opportunities_r2691
true	true	true	true	true	true	true	true	postgres	1	true	false	true	chain_xsell_pursuits_r2691
true	true	true	true	true	true	true	true	postgres	0	true	false	true	change_cab_capa_actions_r3669
true	true	true	true	true	true	true	true	postgres	0	true	false	true	change_cab_r3669
true	true	true	true	true	true	true	true	postgres	1	true	false	true	changeover_monthly_impact_r2772
true	true	true	true	true	true	true	true	postgres	0	true	false	true	channel_engagement_events_r3115
true	true	true	true	true	true	true	true	postgres	0	true	false	true	channel_partner_capa_actions_r3377
true	true	true	true	true	true	true	true	postgres	0	true	false	true	channel_partner_r3377
true	true	true	true	true	true	true	true	postgres	0	true	false	true	channel_partners_r3115
false	false	false	false	true	true	true	true	postgres	1	true	false	true	charger_remediation_actions_r3046
false	true	true	true	false	true	true	true	postgres	3	true	false	true	chat_conversations
false	false	true	false	false	false	true	false	postgres	1	true	false	true	chat_message_moderation_events
false	true	true	false	false	true	true	false	postgres	3	true	false	true	chat_messages
true	true	true	true	true	true	true	true	postgres	0	true	false	true	chemo_isolator_qc_capa_actions_r3518
true	true	true	true	true	true	true	true	postgres	0	true	false	true	chemo_isolator_qc_r3518
true	true	true	true	true	true	true	true	postgres	0	true	false	true	cholangioscope_qc_capa_actions_r3563
true	true	true	true	true	true	true	true	postgres	0	true	false	true	cholangioscope_qc_r3563
true	true	true	true	true	true	true	true	postgres	0	true	false	true	chromatography_qc_capa_actions_r3303
true	true	true	true	true	true	true	true	postgres	0	true	false	true	chromatography_qc_r3303
true	true	true	true	true	true	true	true	postgres	1	true	false	true	clarity_recovery_actions_r2649
true	true	true	true	true	true	true	true	postgres	1	true	false	true	cleaning_protocol_gap_actions_r2748
true	true	true	true	true	true	true	true	postgres	1	true	false	true	cleanup_protocol_logs_r2804
true	true	true	true	true	true	true	true	postgres	1	true	false	true	cleanup_refine_actions_r2804
true	true	true	true	true	true	true	true	postgres	0	true	false	true	clinical_alarm_capa_actions_r3383
true	true	true	true	true	true	true	true	postgres	0	true	false	true	clinical_alarm_r3383
true	true	true	true	true	true	true	true	postgres	1	true	false	true	clinical_outcome_proof_log_r2643
true	true	true	true	true	true	true	true	postgres	0	true	false	true	clinical_thermometry_capa_actions_r3358
true	true	true	true	true	true	true	true	postgres	0	true	false	true	clinical_thermometry_r3358
true	true	true	true	true	true	true	true	postgres	1	true	false	true	clone_pipeline_actions_r2617
true	true	true	true	true	true	true	true	postgres	0	true	false	true	clra_capa_actions_r3679
true	true	true	true	true	true	true	true	postgres	0	true	false	true	clra_r3679
true	true	true	true	true	true	true	true	postgres	0	true	false	true	co2_incubator_qc_capa_actions_r3482
true	true	true	true	true	true	true	true	postgres	0	true	false	true	co2_incubator_qc_r3482
true	true	true	true	true	true	true	true	postgres	1	true	false	true	co_marketing_lead_attributions_r2487
true	true	true	true	true	true	true	true	postgres	1	true	false	true	coaching_succession_outcomes_r2605
true	true	true	true	true	true	true	true	postgres	0	true	false	true	coag_analyzer_qc_capa_actions_r3450
true	true	true	true	true	true	true	true	postgres	0	true	false	true	coag_analyzer_qc_r3450
true	true	true	true	true	true	true	true	postgres	0	true	false	true	cochlear_implant_qc_capa_actions_r3579
true	true	true	true	true	true	true	true	postgres	0	true	false	true	cochlear_implant_qc_r3579
true	true	true	true	true	true	true	true	postgres	1	true	false	true	code_blue_drill_equipment_r3088
true	true	true	true	true	true	true	true	postgres	1	true	false	true	code_blue_drill_events_r3088
false	false	true	false	false	false	true	false	postgres	1	true	false	true	code_red_dispatch_events
true	true	true	true	true	true	true	true	postgres	1	true	false	true	code_red_engineer_response_metrics_v2
true	true	true	true	true	true	true	true	postgres	1	true	false	true	code_red_engineer_sla_targets_v2
false	false	true	false	false	false	true	false	postgres	1	true	false	true	code_red_requests
true	true	true	true	true	true	true	true	postgres	1	true	false	true	cofounder_action_items_r2557
true	true	true	true	true	true	true	true	postgres	1	true	false	true	cofounder_alignment_resolutions_r2729
true	true	true	true	true	true	true	true	postgres	1	true	false	true	cofounder_energy_topics_r2729
true	true	true	true	true	true	true	true	postgres	1	true	false	true	cohort_retention_recovery_actions_r2593
true	true	true	true	true	true	true	true	postgres	0	true	false	true	coi_declare_capa_actions_r3732
true	true	true	true	true	true	true	true	postgres	0	true	false	true	coi_declare_r3732
false	false	false	false	true	true	true	true	postgres	1	true	false	true	cold_chain_audit_findings_r2994
false	false	false	false	true	true	true	true	postgres	1	true	false	true	cold_chain_audit_visits_r2994
true	true	true	true	true	true	true	true	postgres	0	true	false	true	coldchain_compressor_audits_r3094
true	true	true	true	true	true	true	true	postgres	0	true	false	true	coldchain_compressor_corrective_queue_r3094
true	true	true	true	true	true	true	true	postgres	1	true	false	true	collateral_engagement_log_r2507
true	true	true	true	true	true	true	true	postgres	0	true	false	true	collection_eff_capa_actions_r3604
true	true	true	true	true	true	true	true	postgres	0	true	false	true	collection_eff_r3604
false	false	true	false	false	false	true	false	postgres	1	true	false	true	collusion_flags
true	true	true	true	true	true	true	true	postgres	0	true	false	true	commissioning_acceptance_capa_actions_r3340
true	true	true	true	true	true	true	true	postgres	0	true	false	true	commissioning_acceptance_r3340
true	true	true	true	true	true	true	true	postgres	0	true	false	true	comp_ratio_capa_actions_r3609
true	true	true	true	true	true	true	true	postgres	0	true	false	true	comp_ratio_r3609
true	true	true	true	true	true	true	true	postgres	0	true	false	true	competitor_battle_cards_r2905
true	true	true	true	true	true	true	true	postgres	1	true	false	true	competitor_moves_r2413
true	true	true	true	true	true	true	true	postgres	1	true	false	true	competitor_pricing_observations
true	true	true	true	true	true	true	true	postgres	1	true	false	true	competitor_pricing_segments
true	true	true	true	true	true	true	true	postgres	0	true	false	true	competitor_watch_capa_actions_r3181
true	true	true	true	true	true	true	true	postgres	0	true	false	true	competitor_watch_r3181
true	true	true	true	true	true	true	true	postgres	1	true	false	true	competitor_weekly_digest_r2413
true	true	true	true	true	true	true	true	postgres	0	true	false	true	competitor_win_loss_events_r2905
true	true	true	true	true	true	true	true	postgres	0	true	false	true	complaint_capa_capa_actions_r3653
true	true	true	true	true	true	true	true	postgres	0	true	false	true	complaint_capa_r3653
true	true	true	true	true	true	true	true	postgres	0	true	false	true	complaint_triage_tat_capa_actions_r3492
true	true	true	true	true	true	true	true	postgres	0	true	false	true	complaint_triage_tat_r3492
true	true	true	true	true	true	true	true	postgres	1	true	false	true	compliance_audits
true	true	true	true	true	true	true	true	postgres	0	true	false	true	concentration_actions_r3097
true	true	true	true	true	true	true	true	postgres	0	true	false	true	concentration_customers_r3097
true	true	true	true	true	true	true	true	postgres	1	true	false	true	concentration_diversification_outcomes_r2600
false	false	false	false	true	true	true	true	postgres	1	true	false	true	conference_booth_activities_r3029
false	false	false	false	true	true	true	true	postgres	1	true	false	true	conference_sponsorships_r3029
true	true	true	true	true	true	true	true	postgres	1	true	false	true	conflict_repair_followups_r2582
false	true	true	false	false	true	true	false	postgres	1	true	false	true	consent_log
true	true	true	true	true	true	true	true	postgres	0	true	false	true	consignment_vmi_recon_capa_actions_r3440
true	true	true	true	true	true	true	true	postgres	0	true	false	true	consignment_vmi_recon_r3440
true	true	true	true	true	true	true	true	postgres	1	true	false	true	consolidation_counter_actions_r2647
true	true	true	true	true	true	true	true	postgres	1	true	false	true	consolidation_vendor_lines_r2671
true	true	true	true	true	true	true	true	postgres	0	true	false	true	consumable_expiry_fefo_capa_actions_r3520
true	true	true	true	true	true	true	true	postgres	0	true	false	true	consumable_expiry_fefo_r3520
true	true	true	true	true	true	true	true	postgres	0	true	false	true	consumable_replenishment_capa_actions_r3376
true	true	true	true	true	true	true	true	postgres	0	true	false	true	consumable_replenishment_r3376
true	true	true	true	true	true	true	true	postgres	1	true	false	true	contact_touch_events_r2525
true	true	true	true	true	true	true	true	postgres	1	true	false	true	content_publishing_log_r2553
false	true	true	true	false	true	true	true	postgres	2	true	false	true	content_reports
true	true	true	true	true	true	true	true	postgres	0	true	false	true	contingent_liability_capa_actions_r3533
true	true	true	true	true	true	true	true	postgres	0	true	false	true	contingent_liability_r3533
true	true	true	true	true	true	true	true	postgres	1	true	false	true	contract_amendment_approvals_r2213
true	true	true	true	true	true	true	true	postgres	1	true	false	true	contract_amendments_r2213
true	true	true	true	true	true	true	true	postgres	0	true	false	true	contract_visits_util_capa_actions_r3576
true	true	true	true	true	true	true	true	postgres	0	true	false	true	contract_visits_util_r3576
true	true	true	true	true	true	true	true	postgres	0	true	false	true	coq_cost_capa_actions_r3607
true	true	true	true	true	true	true	true	postgres	0	true	false	true	coq_cost_r3607
true	true	true	true	true	true	true	true	postgres	0	true	false	true	core_exchange_capa_actions_r3564
true	true	true	true	true	true	true	true	postgres	0	true	false	true	core_exchange_r3564
true	true	true	true	true	true	true	true	postgres	0	true	false	true	core_rma_capa_actions_r3328
true	true	true	true	true	true	true	true	postgres	0	true	false	true	core_rma_r3328
true	true	true	true	true	true	true	true	postgres	0	true	false	true	coronary_ivus_ffr_qc_capa_actions_r3406
true	true	true	true	true	true	true	true	postgres	0	true	false	true	coronary_ivus_ffr_qc_r3406
true	true	true	true	true	true	true	true	postgres	0	true	false	true	corp_card_spend_capa_actions_r3269
true	true	true	true	true	true	true	true	postgres	0	true	false	true	corp_card_spend_r3269
true	true	true	true	true	true	true	true	postgres	0	true	false	true	corp_gifting_capa_actions_r3743
true	true	true	true	true	true	true	true	postgres	0	true	false	true	corp_gifting_r3743
true	true	true	true	true	true	true	true	postgres	0	true	false	true	corporate_insurance_capa_actions_r3325
true	true	true	true	true	true	true	true	postgres	0	true	false	true	corporate_insurance_r3325
true	true	true	true	true	true	true	true	postgres	1	true	false	true	cosign_request_events_r2811
true	true	true	true	true	true	true	true	postgres	0	true	false	true	cost_absorption_overhead_capa_actions_r3489
true	true	true	true	true	true	true	true	postgres	0	true	false	true	cost_absorption_overhead_r3489
true	true	true	true	true	true	true	true	postgres	0	true	false	true	cost_audit_capa_actions_r3633
true	true	true	true	true	true	true	true	postgres	0	true	false	true	cost_audit_r3633
true	true	true	true	true	true	true	true	postgres	1	true	false	true	cost_benchmark_actions_r2663
true	true	true	true	true	true	true	true	postgres	0	true	false	true	cost_to_serve_segment_capa_actions_r3453
true	true	true	true	true	true	true	true	postgres	0	true	false	true	cost_to_serve_segment_r3453
true	true	true	true	true	true	true	true	postgres	1	true	false	true	courier_outlier_actions_r2570
true	true	true	true	true	true	true	true	postgres	2	true	false	true	course_modules
true	true	true	true	true	true	true	true	postgres	3	true	false	true	courses
true	true	true	true	true	true	true	true	postgres	1	true	false	true	coverage_risk_findings_r3009
true	true	true	true	true	true	true	true	postgres	0	true	false	true	cpm_rom_qc_capa_actions_r3434
true	true	true	true	true	true	true	true	postgres	0	true	false	true	cpm_rom_qc_r3434
true	true	true	true	true	true	true	true	postgres	1	true	false	true	craft_promote_actions_r2714
true	true	true	true	true	true	true	true	postgres	1	true	false	true	craft_showcase_entries_r2714
true	true	true	true	true	true	true	true	postgres	1	true	false	true	crash_cart_audits_r2962
true	true	true	true	true	true	true	true	postgres	0	true	false	true	crash_cart_capa_actions_r3187
true	true	true	true	true	true	true	true	postgres	1	true	false	true	crash_cart_lock_audits_r3064
true	true	true	true	true	true	true	true	postgres	0	true	false	true	crash_cart_r3187
true	true	true	true	true	true	true	true	postgres	1	true	false	true	crash_cart_remediation_r2962
true	true	true	true	true	true	true	true	postgres	1	true	false	true	crash_cart_restock_events_r3064
true	true	true	true	true	true	true	true	postgres	0	true	false	true	crate_pool_capa_actions_r3718
true	true	true	true	true	true	true	true	postgres	0	true	false	true	crate_pool_r3718
true	true	true	true	true	true	true	true	postgres	0	true	false	true	credit_facility_lines_r3101
true	true	true	true	true	true	true	true	postgres	0	true	false	true	credit_facility_stress_snapshots_r3101
true	true	true	true	true	true	true	true	postgres	0	true	false	true	credit_note_capa_actions_r3608
true	true	true	true	true	true	true	true	postgres	0	true	false	true	credit_note_r3608
true	true	true	true	true	true	true	true	postgres	0	true	false	true	crf_cryo_qc_capa_actions_r3570
true	true	true	true	true	true	true	true	postgres	0	true	false	true	crf_cryo_qc_r3570
true	true	true	true	true	true	true	true	postgres	0	true	false	true	crisis_comms_capa_actions_r3705
true	true	true	true	true	true	true	true	postgres	0	true	false	true	crisis_comms_r3705
false	false	false	false	false	false	true	false	postgres	1	true	false	true	cron_tick_runs
false	false	false	false	true	true	true	true	postgres	1	true	false	true	cross_border_compliance_findings_r3089
true	true	true	true	true	true	true	true	postgres	1	true	false	true	cross_customer_practice_metrics_r2832
true	true	true	true	true	true	true	true	postgres	1	true	false	true	cross_customer_practice_shares_r2832
true	true	true	true	true	true	true	true	postgres	1	true	false	true	cross_functional_sync_decisions_r2365
true	true	true	true	true	true	true	true	postgres	1	true	false	true	cross_functional_syncs_r2365
true	true	true	true	true	true	true	true	postgres	1	true	false	true	cross_sell_outcomes_r2624
true	true	true	true	true	true	true	true	postgres	0	true	false	true	crrt_qc_capa_actions_r3402
true	true	true	true	true	true	true	true	postgres	0	true	false	true	crrt_qc_r3402
true	true	true	true	true	true	true	true	postgres	0	true	false	true	cryo_ln2_qc_capa_actions_r3483
true	true	true	true	true	true	true	true	postgres	0	true	false	true	cryo_ln2_qc_r3483
true	true	true	true	true	true	true	true	postgres	0	true	false	true	cryo_probe_qc_capa_actions_r3426
true	true	true	true	true	true	true	true	postgres	0	true	false	true	cryo_probe_qc_r3426
true	true	true	true	true	true	true	true	postgres	1	true	false	true	cs_kb_article_reads_r2252
true	true	true	true	true	true	true	true	postgres	1	true	false	true	cs_kb_articles_r2252
true	true	true	true	true	true	true	true	postgres	1	true	false	true	csat_recovery_actions_r2464
true	true	true	true	true	true	true	true	postgres	0	true	false	true	csat_survey_capture_capa_actions_r3396
true	true	true	true	true	true	true	true	postgres	0	true	false	true	csat_survey_capture_r3396
true	true	true	true	true	true	true	true	postgres	0	true	false	true	csr_spend_capa_actions_r3626
true	true	true	true	true	true	true	true	postgres	0	true	false	true	csr_spend_r3626
true	true	true	true	true	true	true	true	postgres	0	true	false	true	cssd_decontam_capa_actions_r3247
true	true	true	true	true	true	true	true	postgres	0	true	false	true	cssd_decontam_r3247
true	true	true	true	true	true	true	true	postgres	0	true	false	true	cssd_tray_capa_actions_r3163
true	true	true	true	true	true	true	true	postgres	0	true	false	true	cssd_tray_r3163
true	true	true	true	true	true	true	true	postgres	0	true	false	true	ct_dose_qc_capa_actions_r3335
true	true	true	true	true	true	true	true	postgres	0	true	false	true	ct_dose_qc_r3335
true	true	true	true	true	true	true	true	postgres	0	true	false	true	ct_scanner_qa_capa_actions_r3178
true	true	true	true	true	true	true	true	postgres	0	true	false	true	ct_scanner_qa_r3178
true	true	true	true	true	true	true	true	postgres	1	true	false	true	ct_tube_burnin_cycles_r3078
true	true	true	true	true	true	true	true	postgres	1	true	false	true	ct_tube_heat_audits_r3078
true	true	true	true	true	true	true	true	postgres	1	true	false	true	culture_deck_signature_assignments
true	true	true	true	true	true	true	true	postgres	1	true	false	true	culture_deck_signature_followups
true	true	true	true	true	true	true	true	postgres	1	true	false	true	curtain_discipline_incidents_r2954
true	true	true	true	true	true	true	true	postgres	0	true	false	true	cust_profit_capa_actions_r3598
true	true	true	true	true	true	true	true	postgres	0	true	false	true	cust_profit_r3598
true	true	true	true	true	true	true	true	postgres	0	true	false	true	customer_acceptance_outcomes_r2904
false	false	false	false	true	true	true	true	postgres	1	true	false	true	customer_advisory_board_members_r3041
true	true	true	true	true	true	true	true	postgres	1	true	false	true	customer_after_hours_incidents_r2788
true	true	true	true	true	true	true	true	postgres	1	true	false	true	customer_amc_attach_r2668
true	true	true	true	true	true	true	true	postgres	1	true	false	true	customer_amc_plan_catalog_r2236
true	true	true	true	true	true	true	true	postgres	1	true	false	true	customer_amc_upsell_signals_r2236
true	true	true	true	true	true	true	true	postgres	1	true	false	true	customer_arrival_courtesy_actions_r2752
true	true	true	true	true	true	true	true	postgres	1	true	false	true	customer_arrival_courtesy_visits_r2752
true	true	true	true	true	true	true	true	postgres	1	true	false	true	customer_billing_anomalies_r2604
true	true	true	true	true	true	true	true	postgres	1	true	false	true	customer_billing_disputes_r2260
true	true	true	true	true	true	true	true	postgres	1	true	false	true	customer_bmw_color_coaching_sessions_r2980
true	true	true	true	true	true	true	true	postgres	1	true	false	true	customer_bmw_disposal_audits_r2980
true	true	true	true	true	true	true	true	postgres	1	true	false	true	customer_bulk_pricing_r2588
true	true	true	true	true	true	true	true	postgres	1	true	false	true	customer_checklist_refine_actions_r2740
true	true	true	true	true	true	true	true	postgres	1	true	false	true	customer_churn_actions_r2233
true	true	true	true	true	true	true	true	postgres	1	true	false	true	customer_churn_signals_r2233
true	true	true	true	true	true	true	true	postgres	1	true	false	true	customer_clinical_outcomes_r2448
true	true	true	true	true	true	true	true	postgres	1	true	false	true	customer_clinical_staff_changeovers_r2772
true	true	true	true	true	true	true	true	postgres	0	true	false	true	customer_credit_risk_capa_actions_r3361
true	true	true	true	true	true	true	true	postgres	0	true	false	true	customer_credit_risk_r3361
true	true	true	true	true	true	true	true	postgres	1	true	false	true	customer_cross_sell_opportunity_r2312
true	true	true	true	true	true	true	true	postgres	1	true	false	true	customer_cross_sell_pipeline_r2624
true	true	true	true	true	true	true	true	postgres	1	true	false	true	customer_cross_sell_play_log_r2312
true	true	true	true	true	true	true	true	postgres	1	true	false	true	customer_csat_drops_r2464
true	true	true	true	true	true	true	true	postgres	1	true	false	true	customer_data_export_revenue_r2616
true	true	true	true	true	true	true	true	postgres	1	true	false	true	customer_dispute_aging_r2400
true	true	true	true	true	true	true	true	postgres	1	true	false	true	customer_dispute_collection_actions_r2400
true	true	true	true	true	true	true	true	postgres	1	true	false	true	customer_dispute_satisfaction_r2260
true	true	true	true	true	true	true	true	postgres	1	true	false	true	customer_downtime_episodes_r2348
true	true	true	true	true	true	true	true	postgres	1	true	false	true	customer_downtime_prevention_learnings_r2348
true	true	true	true	true	true	true	true	postgres	0	true	false	true	customer_education_minutes_r2936
true	true	true	true	true	true	true	true	postgres	0	true	false	true	customer_education_monthly_rollup_r2936
true	true	true	true	true	true	true	true	postgres	1	true	false	true	customer_emergency_incidents_r2496
true	true	true	true	true	true	true	true	postgres	1	true	false	true	customer_engagement_pulse_r2648
true	true	true	true	true	true	true	true	postgres	1	true	false	true	customer_engagement_score_actions_r2308
true	true	true	true	true	true	true	true	postgres	1	true	false	true	customer_engagement_score_r2308
true	true	true	true	true	true	true	true	postgres	1	true	false	true	customer_engineer_bundle_amc_r2856
false	false	false	false	true	true	true	true	postgres	1	true	false	true	customer_engineer_patch_lag_actions_r2972
false	false	false	false	true	true	true	true	postgres	1	true	false	true	customer_engineer_patch_lag_snapshots_r2972
false	false	false	false	true	true	true	true	postgres	1	true	false	true	customer_engineer_qr_scan_audit_actions_r2968
false	false	false	false	true	true	true	true	postgres	1	true	false	true	customer_engineer_qr_scan_compliance_r2968
true	true	true	true	true	true	true	true	postgres	1	true	false	true	customer_engineer_recurring_callback_r2732
true	true	true	true	true	true	true	true	postgres	1	true	false	true	customer_engineer_transfer_log_r2796
true	true	true	true	true	true	true	true	postgres	1	true	false	true	customer_engineer_transfer_region_stats_r2796
true	true	true	true	true	true	true	true	postgres	1	true	false	true	customer_eol_economics_r2632
true	true	true	true	true	true	true	true	postgres	1	true	false	true	customer_equipment_roi_decisions_r2676
true	true	true	true	true	true	true	true	postgres	1	true	false	true	customer_equipment_roi_records_r2676
true	true	true	true	true	true	true	true	postgres	1	true	false	true	customer_equipment_util_benchmark_r2700
true	true	true	true	true	true	true	true	postgres	1	true	false	true	customer_equipment_warranties_r2488
true	true	true	true	true	true	true	true	postgres	1	true	false	true	customer_escrow_holdbacks_r2224
true	true	true	true	true	true	true	true	postgres	1	true	false	true	customer_escrow_release_events_r2224
true	true	true	true	true	true	true	true	postgres	1	true	false	true	customer_expansion_events_r2228
true	true	true	true	true	true	true	true	postgres	1	true	false	true	customer_expansion_playbooks_r2228
true	true	true	true	true	true	true	true	postgres	1	true	false	true	customer_feature_requests_r2456
true	true	true	true	true	true	true	true	postgres	1	true	false	true	customer_feedback_items_r2432
true	true	true	true	true	true	true	true	postgres	1	true	false	true	customer_feedback_loop_actions_r2324
true	true	true	true	true	true	true	true	postgres	1	true	false	true	customer_feedback_loop_entries_r2324
true	true	true	true	true	true	true	true	postgres	1	true	false	true	customer_festival_demand_r2572
true	true	true	true	true	true	true	true	postgres	1	true	false	true	customer_first_value_metrics_r2512
true	true	true	true	true	true	true	true	postgres	1	true	false	true	customer_handover_confidence_r2792
true	true	true	true	true	true	true	true	postgres	1	true	false	true	customer_handover_sessions_r2864
true	true	true	true	true	true	true	true	postgres	0	true	false	true	customer_hospital_bladder_scanner_ultrasound_volume_qc_capa_act
true	true	true	true	true	true	true	true	postgres	0	true	false	true	customer_hospital_bladder_scanner_ultrasound_volume_qc_r3427
true	true	true	true	true	true	true	true	postgres	1	true	false	true	customer_implementation_debt_r2660
true	true	true	true	true	true	true	true	postgres	1	true	false	true	customer_incident_postmortems_r2548
true	true	true	true	true	true	true	true	postgres	1	true	false	true	customer_industry_sla_compliance_r2364
true	true	true	true	true	true	true	true	postgres	1	true	false	true	customer_industry_sla_targets_r2364
true	true	true	true	true	true	true	true	postgres	1	true	false	true	customer_journey_stages_r2360
true	true	true	true	true	true	true	true	postgres	1	true	false	true	customer_journey_transitions_r2360
true	true	true	true	true	true	true	true	postgres	1	true	false	true	customer_language_match_r2724
true	true	true	true	true	true	true	true	postgres	1	true	false	true	customer_language_switch_action_r2724
true	true	true	true	true	true	true	true	postgres	0	true	false	true	customer_ledger_capa_actions_r3631
true	true	true	true	true	true	true	true	postgres	0	true	false	true	customer_ledger_r3631
true	true	true	true	true	true	true	true	postgres	1	true	false	true	customer_loaner_inventory_r2720
true	true	true	true	true	true	true	true	postgres	1	true	false	true	customer_loaner_requests_r2720
true	true	true	true	true	true	true	true	postgres	0	true	false	true	customer_loyalty_bond_offer_r2888
true	true	true	true	true	true	true	true	postgres	1	true	false	true	customer_loyalty_event_attendance_r2560
true	true	true	true	true	true	true	true	postgres	1	true	false	true	customer_loyalty_redemptions_r2524
true	true	true	true	true	true	true	true	postgres	1	true	false	true	customer_loyalty_status_r2492
true	true	true	true	true	true	true	true	postgres	1	true	false	true	customer_loyalty_tier_track_r2644
true	true	true	true	true	true	true	true	postgres	1	true	false	true	customer_mbrs_r2469
true	true	true	true	true	true	true	true	postgres	1	true	false	true	customer_monthly_arrival_buffer_cause_summary_r2840
true	true	true	true	true	true	true	true	postgres	1	true	false	true	customer_monthly_arrival_ratings_r2760
true	true	true	true	true	true	true	true	postgres	1	true	false	true	customer_monthly_engineer_arrival_buffer_cause_attribution_r284
true	true	true	true	true	true	true	true	postgres	1	true	false	true	customer_monthly_engineer_estimate_range_r2928
true	true	true	true	true	true	true	true	postgres	1	true	false	true	customer_monthly_engineer_on_site_time_causes_r2852
true	true	true	true	true	true	true	true	postgres	1	true	false	true	customer_monthly_engineer_on_site_time_jobs_r2852
true	true	true	true	true	true	true	true	postgres	1	true	false	true	customer_monthly_engineer_photo_coverage_r2964
true	true	true	true	true	true	true	true	postgres	1	true	false	true	customer_monthly_engineer_photo_quality_audit_r2964
true	true	true	true	true	true	true	true	postgres	1	true	false	true	customer_monthly_engineer_rotation_r2688
true	true	true	true	true	true	true	true	postgres	1	true	false	true	customer_monthly_estimate_accuracy_alerts_r2928
true	true	true	true	true	true	true	true	postgres	1	true	false	true	customer_monthly_handover_documents_r2824
true	true	true	true	true	true	true	true	postgres	1	true	false	true	customer_monthly_pulse_surveys_r2576
true	true	true	true	true	true	true	true	postgres	0	true	false	true	customer_monthly_revisit_pattern_r2888
true	true	true	true	true	true	true	true	postgres	0	true	false	true	customer_monthly_spare_upsell_recos_r2892
true	true	true	true	true	true	true	true	postgres	0	true	false	true	customer_monthly_upsell_scorecard_r2892
true	true	true	true	true	true	true	true	postgres	1	true	false	true	customer_monthly_uptime_credits_r2568
true	true	true	true	true	true	true	true	postgres	1	true	false	true	customer_monthly_xsell_offers_r2932
true	true	true	true	true	true	true	true	postgres	1	true	false	true	customer_multi_site_rollouts_r2336
true	true	true	true	true	true	true	true	postgres	1	true	false	true	customer_multi_site_status_r2336
true	true	true	true	true	true	true	true	postgres	1	true	false	true	customer_noise_vibration_complaints_r2716
true	true	true	true	true	true	true	true	postgres	1	true	false	true	customer_noise_vibration_monthly_trend_r2716
true	true	true	true	true	true	true	true	postgres	1	true	false	true	customer_nps_conversion_r2628
true	true	true	true	true	true	true	true	postgres	1	true	false	true	customer_nps_followup_conversion_r2340
true	true	true	true	true	true	true	true	postgres	1	true	false	true	customer_nps_followups_r2216
true	true	true	true	true	true	true	true	postgres	1	true	false	true	customer_nps_intervention_playbook_r2340
true	true	true	true	true	true	true	true	postgres	1	true	false	true	customer_nps_surveys_r2216
true	true	true	true	true	true	true	true	postgres	1	true	false	true	customer_on_time_payments_r2640
true	true	true	true	true	true	true	true	postgres	1	true	false	true	customer_onboarding_checklists_r2396
true	true	true	true	true	true	true	true	postgres	1	true	false	true	customer_onboarding_feedback_waves_r2520
true	true	true	true	true	true	true	true	postgres	1	true	false	true	customer_onboarding_items_r2396
true	true	true	true	true	true	true	true	postgres	1	true	false	true	customer_onboarding_journeys_r2240
true	true	true	true	true	true	true	true	postgres	1	true	false	true	customer_onboarding_milestone_events_r2240
true	true	true	true	true	true	true	true	postgres	1	true	false	true	customer_onboarding_photos_r2552
true	true	true	true	true	true	true	true	postgres	1	true	false	true	customer_onboarding_stuck_points_r2544
true	true	true	true	true	true	true	true	postgres	1	true	false	true	customer_onboarding_surveys_r2500
true	true	true	true	true	true	true	true	postgres	1	true	false	true	customer_pain_points_r2476
true	true	true	true	true	true	true	true	postgres	1	true	false	true	customer_payment_mode_preferences_r2276
true	true	true	true	true	true	true	true	postgres	1	true	false	true	customer_payment_mode_switches_r2276
true	true	true	true	true	true	true	true	postgres	1	true	false	true	customer_policy_audit_findings_r2292
true	true	true	true	true	true	true	true	postgres	1	true	false	true	customer_pre_visit_checklists_r2740
true	true	true	true	true	true	true	true	postgres	1	true	false	true	customer_pricing_override_events_r2372
true	true	true	true	true	true	true	true	postgres	1	true	false	true	customer_pricing_overrides_r2372
true	true	true	true	true	true	true	true	postgres	1	true	false	true	customer_product_adoption_r2484
true	true	true	true	true	true	true	true	postgres	1	true	false	true	customer_qbr_stakeholder_attendance_r2532
true	true	true	true	true	true	true	true	postgres	1	true	false	true	customer_quarterly_audits_r2516
true	true	true	true	true	true	true	true	postgres	1	true	false	true	customer_quarterly_budget_asks_r2556
true	true	true	true	true	true	true	true	postgres	1	true	false	true	customer_quarterly_budget_cycles_r2696
true	true	true	true	true	true	true	true	postgres	1	true	false	true	customer_quarterly_clinical_outcome_attribution_r2708
true	true	true	true	true	true	true	true	postgres	1	true	false	true	customer_quarterly_outcome_rollup_r2708
true	true	true	true	true	true	true	true	postgres	1	true	false	true	customer_quarterly_trend_r2592
true	true	true	true	true	true	true	true	postgres	1	true	false	true	customer_quarterly_utilization_r2580
true	true	true	true	true	true	true	true	postgres	1	true	false	true	customer_quote_funnel_r2728
true	true	true	true	true	true	true	true	postgres	0	true	false	true	customer_quote_variance_incidents_r2916
true	true	true	true	true	true	true	true	postgres	0	true	false	true	customer_quote_variance_snapshots_r2916
true	true	true	true	true	true	true	true	postgres	1	true	false	true	customer_reengagement_campaigns_r2264
true	true	true	true	true	true	true	true	postgres	1	true	false	true	customer_reference_calls_r2220
true	true	true	true	true	true	true	true	postgres	1	true	false	true	customer_reference_calls_r2480
false	false	false	false	true	true	true	true	postgres	1	true	false	true	customer_reference_library_r3049
true	true	true	true	true	true	true	true	postgres	1	true	false	true	customer_reference_requests_r2220
true	true	true	true	true	true	true	true	postgres	1	true	false	true	customer_referral_bonus_payouts_r2288
true	true	true	true	true	true	true	true	postgres	1	true	false	true	customer_referral_links_r2288
true	true	true	true	true	true	true	true	postgres	1	true	false	true	customer_relationship_temperature_r2652
true	true	true	true	true	true	true	true	postgres	1	true	false	true	customer_renewal_discount_audit_r2320
true	true	true	true	true	true	true	true	postgres	1	true	false	true	customer_renewal_discount_requests_r2320
true	true	true	true	true	true	true	true	postgres	1	true	false	true	customer_renewal_discounts_r2536
true	true	true	true	true	true	true	true	postgres	1	true	false	true	customer_renewal_nudge_actions_r2200
true	true	true	true	true	true	true	true	postgres	1	true	false	true	customer_renewal_nudges_r2200
true	true	true	true	true	true	true	true	postgres	1	true	false	true	customer_renewal_objection_attempts_r2356
true	true	true	true	true	true	true	true	postgres	1	true	false	true	customer_renewal_objections_r2356
true	true	true	true	true	true	true	true	postgres	1	true	false	true	customer_renewal_predictions_r2332
true	true	true	true	true	true	true	true	postgres	1	true	false	true	customer_renewal_prep_packs_r2504
true	true	true	true	true	true	true	true	postgres	1	true	false	true	customer_replacement_incentives_r2608
true	true	true	true	true	true	true	true	postgres	1	true	false	true	customer_revenue_concentration_r2600
true	true	true	true	true	true	true	true	postgres	1	true	false	true	customer_revenue_mix_shift_signals_r2268
true	true	true	true	true	true	true	true	postgres	1	true	false	true	customer_revenue_mix_snapshots_r2268
true	true	true	true	true	true	true	true	postgres	1	true	false	true	customer_revenue_quality_r2636
true	true	true	true	true	true	true	true	postgres	1	true	false	true	customer_revenue_streams_r2292
true	true	true	true	true	true	true	true	postgres	1	true	false	true	customer_second_opinion_requests_r2808
true	true	true	true	true	true	true	true	postgres	1	true	false	true	customer_service_breach_log_r2248
true	true	true	true	true	true	true	true	postgres	1	true	false	true	customer_service_sla_breach_causes_r2316
true	true	true	true	true	true	true	true	postgres	1	true	false	true	customer_service_sla_tickets_r2316
true	true	true	true	true	true	true	true	postgres	1	true	false	true	customer_service_tickets_r2248
true	true	true	true	true	true	true	true	postgres	1	true	false	true	customer_site_equipment_inventory_r2764
true	true	true	true	true	true	true	true	postgres	1	true	false	true	customer_spare_parts_burn_snapshots_r2672
true	true	true	true	true	true	true	true	postgres	1	true	false	true	customer_spare_parts_corrective_actions_r2672
true	true	true	true	true	true	true	true	postgres	1	true	false	true	customer_stickiness_r2656
true	true	true	true	true	true	true	true	postgres	1	true	false	true	customer_uptime_30d_r2612
true	true	true	true	true	true	true	true	postgres	1	true	false	true	customer_utilization_grade_r2664
true	true	true	true	true	true	true	true	postgres	0	true	false	true	customer_visit_anomaly_escalations_r2944
true	true	true	true	true	true	true	true	postgres	0	true	false	true	customer_visit_anomaly_signals_r2944
true	true	true	true	true	true	true	true	postgres	1	true	false	true	customer_voc_feedback_items_r2280
true	true	true	true	true	true	true	true	postgres	1	true	false	true	customer_voc_theme_alerts_r2280
true	true	true	true	true	true	true	true	postgres	1	true	false	true	customer_warranty_renewals_r2620
true	true	true	true	true	true	true	true	postgres	1	true	false	true	customer_weekly_activity_r2264
true	true	true	true	true	true	true	true	postgres	1	true	false	true	customer_xsell_acceptance_events_r2932
true	true	true	true	true	true	true	true	postgres	1	true	false	true	customer_yearly_replacement_budget_r2596
true	true	true	true	true	true	true	true	postgres	0	true	false	true	cwip_capitalization_capa_actions_r3501
true	true	true	true	true	true	true	true	postgres	0	true	false	true	cwip_capitalization_r3501
true	true	true	true	true	true	true	true	postgres	0	true	false	true	cyber_drill_capa_actions_r3733
true	true	true	true	true	true	true	true	postgres	0	true	false	true	cyber_drill_r3733
true	true	true	true	true	true	true	true	postgres	0	true	false	true	cyberknife_qc_capa_actions_r3586
true	true	true	true	true	true	true	true	postgres	0	true	false	true	cyberknife_qc_r3586
true	true	true	true	true	true	true	true	postgres	1	true	false	true	cybersecurity_remediation_plans_r2540
true	true	true	true	true	true	true	true	postgres	1	true	false	true	daily_numbers_blast_opens_r2249
true	true	true	true	true	true	true	true	postgres	1	true	false	true	daily_numbers_blasts_r2249
true	true	true	true	true	true	true	true	postgres	1	true	false	true	data_bridge_revenue_log_r2564
true	true	true	true	true	true	true	true	postgres	1	true	false	true	data_export_renewal_log_r2616
true	true	true	true	true	true	true	true	postgres	0	true	false	true	data_retain_capa_actions_r3737
true	true	true	true	true	true	true	true	postgres	0	true	false	true	data_retain_r3737
true	true	true	true	true	true	true	true	postgres	1	true	false	true	data_room_refresh_actions_r2609
true	true	true	true	true	true	true	true	postgres	0	true	false	true	db_health_capa_actions_r3701
true	true	true	true	true	true	true	true	postgres	0	true	false	true	db_health_r3701
false	false	false	false	false	false	false	false	postgres	0	true	false	true	db_storage_snapshots
true	true	true	true	true	true	true	true	postgres	1	true	false	true	debrief_playbook_updates_r2551
true	true	true	true	true	true	true	true	postgres	1	true	false	true	debt_close_actions_r2660
true	true	true	true	true	true	true	true	postgres	0	true	false	true	debt_maturity_capa_actions_r3610
true	true	true	true	true	true	true	true	postgres	0	true	false	true	debt_maturity_r3610
true	true	true	true	true	true	true	true	postgres	1	true	false	true	decision_review_sessions_r2466
true	true	true	true	true	true	true	true	postgres	0	true	false	true	decommission_audits_r2927
true	true	true	true	true	true	true	true	postgres	1	true	false	true	decommission_compliance_log_r2571
true	true	true	true	true	true	true	true	postgres	1	true	false	true	deep_work_commitment_devices_r2537
true	true	true	true	true	true	true	true	postgres	0	true	false	true	deferred_revenue_capa_actions_r3493
true	true	true	true	true	true	true	true	postgres	0	true	false	true	deferred_revenue_r3493
true	true	true	true	true	true	true	true	postgres	0	true	false	true	deferred_tax_capa_actions_r3606
true	true	true	true	true	true	true	true	postgres	0	true	false	true	deferred_tax_r3606
true	true	true	true	true	true	true	true	postgres	0	true	false	true	defib_aed_shock_tests_r3116
true	true	true	true	true	true	true	true	postgres	0	true	false	true	defib_aed_units_r3116
true	true	true	true	true	true	true	true	postgres	1	true	false	true	defib_compliance_incidents_r3047
true	true	true	true	true	true	true	true	postgres	0	true	false	true	defib_energy_aed_qc_capa_actions_r3435
true	true	true	true	true	true	true	true	postgres	0	true	false	true	defib_energy_aed_qc_r3435
true	true	true	true	true	true	true	true	postgres	1	true	false	true	defib_self_test_cycles_r3047
true	true	true	true	true	true	true	true	postgres	0	true	false	true	defibrillator_capa_actions_r3146
true	true	true	true	true	true	true	true	postgres	0	true	false	true	defibrillator_r3146
true	true	true	true	true	true	true	true	postgres	1	true	false	true	deflection_kb_articles_r2256
true	true	true	true	true	true	true	true	postgres	1	true	false	true	deflection_tickets_r2256
true	true	true	true	true	true	true	true	postgres	0	true	false	true	demo_fleet_capa_actions_r3712
true	true	true	true	true	true	true	true	postgres	0	true	false	true	demo_fleet_r3712
true	true	true	true	true	true	true	true	postgres	0	true	false	true	demurrage_capa_actions_r3663
true	true	true	true	true	true	true	true	postgres	0	true	false	true	demurrage_r3663
true	true	true	true	true	true	true	true	postgres	0	true	false	true	dental_autoclave_qc_capa_actions_r3478
true	true	true	true	true	true	true	true	postgres	0	true	false	true	dental_autoclave_qc_r3478
true	true	true	true	true	true	true	true	postgres	1	true	false	true	dental_bonded_parts_suppliers
true	true	true	true	true	true	true	true	postgres	0	true	false	true	dental_chair_capa_actions_r3162
true	true	true	true	true	true	true	true	postgres	0	true	false	true	dental_chair_r3162
true	true	true	true	true	true	true	true	postgres	0	true	false	true	dental_imaging_qc_capa_actions_r3346
true	true	true	true	true	true	true	true	postgres	0	true	false	true	dental_imaging_qc_r3346
true	true	true	true	true	true	true	true	postgres	1	true	false	true	dental_pilot_clinics
true	true	true	true	true	true	true	true	postgres	0	true	false	true	dental_rvg_qc_capa_actions_r3514
true	true	true	true	true	true	true	true	postgres	0	true	false	true	dental_rvg_qc_r3514
true	true	true	true	true	true	true	true	postgres	1	true	false	true	deprecation_actions_r2692
true	true	true	true	true	true	true	true	postgres	1	true	false	true	deprecation_warnings_r2692
true	true	true	true	true	true	true	true	postgres	1	true	false	true	depth_curve_assessments_r2534
true	true	true	true	true	true	true	true	postgres	0	true	false	true	derm_phototherapy_capa_actions_r3367
true	true	true	true	true	true	true	true	postgres	0	true	false	true	derm_phototherapy_r3367
true	true	true	true	true	true	true	true	postgres	0	true	false	true	dermatome_qc_capa_actions_r3510
true	true	true	true	true	true	true	true	postgres	0	true	false	true	dermatome_qc_r3510
true	true	true	true	true	true	true	true	postgres	0	true	false	true	design_change_capa_actions_r3652
true	true	true	true	true	true	true	true	postgres	0	true	false	true	design_change_r3652
true	true	true	true	true	true	true	true	postgres	1	true	false	true	design_system_quarter_components_r2813
true	true	true	true	true	true	true	true	postgres	1	true	false	true	design_system_quarter_tokens_r2813
true	true	true	true	true	true	true	true	postgres	1	true	false	true	device_integrity_checks
true	true	true	true	true	true	true	true	postgres	0	true	false	true	device_license_capa_actions_r3368
true	true	true	true	true	true	true	true	postgres	0	true	false	true	device_license_r3368
true	true	true	true	true	true	true	true	postgres	0	true	false	true	device_mdf_capa_actions_r3644
true	true	true	true	true	true	true	true	postgres	0	true	false	true	device_mdf_r3644
true	true	true	true	true	true	true	true	postgres	0	true	false	true	device_net_segmentation_capa_actions_r3416
true	true	true	true	true	true	true	true	postgres	0	true	false	true	device_net_segmentation_r3416
false	true	true	true	false	true	true	true	postgres	1	true	false	true	device_tokens
true	true	true	true	true	true	true	true	postgres	0	true	false	true	dexa_phantom_capa_events_r3098
true	true	true	true	true	true	true	true	postgres	0	true	false	true	dexa_phantom_qa_readings_r3098
true	true	true	true	true	true	true	true	postgres	0	true	false	true	dexa_qc_capa_actions_r3230
true	true	true	true	true	true	true	true	postgres	0	true	false	true	dexa_qc_r3230
true	true	true	true	true	true	true	true	postgres	0	true	false	true	diag_scope_qc_capa_actions_r3310
true	true	true	true	true	true	true	true	postgres	0	true	false	true	diag_scope_qc_r3310
true	true	true	true	true	true	true	true	postgres	0	true	false	true	dialysis_ro_purification_actions_r3104
true	true	true	true	true	true	true	true	postgres	0	true	false	true	dialysis_ro_water_samples_r3104
true	true	true	true	true	true	true	true	postgres	0	true	false	true	dialysis_water_capa_actions_r3138
true	true	true	true	true	true	true	true	postgres	0	true	false	true	dialysis_water_r3138
true	true	true	true	true	true	true	true	postgres	1	true	false	true	digest_engagement_events
true	true	true	true	true	true	true	true	postgres	1	true	false	true	digest_send_log
true	true	true	true	true	true	true	true	postgres	0	true	false	true	digital_presence_capa_actions_r3285
true	true	true	true	true	true	true	true	postgres	0	true	false	true	digital_presence_r3285
true	true	true	true	true	true	true	true	postgres	0	true	false	true	dio_stock_turns_capa_actions_r3449
true	true	true	true	true	true	true	true	postgres	0	true	false	true	dio_stock_turns_r3449
true	true	true	true	true	true	true	true	postgres	1	true	false	true	discount_authority_breach_r3127
true	true	true	true	true	true	true	true	postgres	1	true	false	true	discount_decision_log_r2536
true	true	true	true	true	true	true	true	postgres	1	true	false	true	discovery_call_followups_r2677
true	true	true	true	true	true	true	true	postgres	1	true	false	true	discovery_calls_r2677
true	true	true	true	true	true	true	true	postgres	0	true	false	true	dispatch_route_density_capa_actions_r3472
true	true	true	true	true	true	true	true	postgres	0	true	false	true	dispatch_route_density_r3472
true	true	true	true	true	true	true	true	postgres	0	true	false	true	disposal_vendors_r2927
false	false	true	false	false	false	true	false	postgres	1	true	false	true	dispute_evidence_packs
true	true	true	true	true	true	true	true	postgres	3	true	false	true	disputes
true	true	true	true	true	true	true	true	postgres	0	true	false	true	distributor_auth_capa_actions_r3649
true	true	true	true	true	true	true	true	postgres	0	true	false	true	distributor_auth_r3649
true	true	true	true	true	true	true	true	postgres	0	true	false	true	dividend_tds_capa_actions_r3635
true	true	true	true	true	true	true	true	postgres	0	true	false	true	dividend_tds_r3635
true	true	true	true	true	true	true	true	postgres	0	true	false	true	do_insurance_capa_actions_r3740
true	true	true	true	true	true	true	true	postgres	0	true	false	true	do_insurance_r3740
true	true	true	true	true	true	true	true	postgres	0	true	false	true	doa_spend_approvals_capa_actions_r3357
true	true	true	true	true	true	true	true	postgres	0	true	false	true	doa_spend_approvals_r3357
true	true	true	true	true	true	true	true	postgres	0	true	false	true	doc_control_capa_actions_r3719
true	true	true	true	true	true	true	true	postgres	0	true	false	true	doc_control_r3719
true	true	true	true	true	true	true	true	postgres	0	true	false	true	doc_quality_capa_actions_r3196
true	true	true	true	true	true	true	true	postgres	0	true	false	true	doc_quality_r3196
true	true	true	true	true	true	true	true	postgres	0	true	false	true	doc_version_control_capa_actions_r3504
true	true	true	true	true	true	true	true	postgres	0	true	false	true	doc_version_control_r3504
false	false	false	false	true	true	true	true	postgres	0	true	false	true	doctor_equipment_confidence_responses_r2947
true	true	true	true	true	true	true	true	postgres	0	true	false	true	door_interlock_capa_actions_r3231
true	true	true	true	true	true	true	true	postgres	0	true	false	true	door_interlock_r3231
false	true	true	false	false	true	true	false	postgres	1	true	false	true	dpdp_grievance_events
false	false	false	false	false	false	false	false	postgres	1	true	false	true	dpdp_grievance_officers
false	false	false	false	false	false	false	false	postgres	1	true	false	true	dpdp_grievance_routing
false	true	true	false	false	true	true	false	postgres	1	true	false	true	dpdp_grievances
true	true	true	true	true	true	true	true	postgres	0	true	false	true	dpdp_readiness_capa_actions_r3165
true	true	true	true	true	true	true	true	postgres	0	true	false	true	dpdp_readiness_r3165
true	true	true	true	true	true	true	true	postgres	0	true	false	true	dr_detector_panel_audits_r3132
true	true	true	true	true	true	true	true	postgres	0	true	false	true	dr_detector_pixel_capa_events_r3132
false	false	false	false	true	true	true	true	postgres	1	true	false	true	drug_library_sync_audit_r3023
true	true	true	true	true	true	true	true	postgres	0	true	false	true	dsa_angio_imaging_capa_actions_r3350
true	true	true	true	true	true	true	true	postgres	0	true	false	true	dsa_angio_imaging_r3350
true	true	true	true	true	true	true	true	postgres	0	true	false	true	dsar_capa_actions_r3717
true	true	true	true	true	true	true	true	postgres	0	true	false	true	dsar_r3717
true	true	true	true	true	true	true	true	postgres	0	true	false	true	dscr_board_capa_actions_r3589
true	true	true	true	true	true	true	true	postgres	0	true	false	true	dscr_board_r3589
false	false	true	false	false	false	true	false	postgres	1	true	false	true	dsr_reports
true	true	true	true	true	true	true	true	postgres	0	true	false	true	duodenoscope_qc_capa_actions_r3547
true	true	true	true	true	true	true	true	postgres	0	true	false	true	duodenoscope_qc_r3547
false	false	true	false	false	false	true	false	postgres	1	true	false	true	duplicate_account_flags
true	true	true	true	true	true	true	true	postgres	0	true	false	true	eap_wellness_capa_actions_r3724
true	true	true	true	true	true	true	true	postgres	0	true	false	true	eap_wellness_r3724
true	true	true	true	true	true	true	true	postgres	0	true	false	true	earnings_quality_capa_actions_r3612
true	true	true	true	true	true	true	true	postgres	0	true	false	true	earnings_quality_r3612
true	true	true	true	true	true	true	true	postgres	0	true	false	true	ebitda_bridge_capa_actions_r3477
true	true	true	true	true	true	true	true	postgres	0	true	false	true	ebitda_bridge_r3477
true	true	true	true	true	true	true	true	postgres	0	true	false	true	ebus_qc_capa_actions_r3542
true	true	true	true	true	true	true	true	postgres	0	true	false	true	ebus_qc_r3542
true	true	true	true	true	true	true	true	postgres	1	true	false	true	ecg_color_code_findings_r3080
true	true	true	true	true	true	true	true	postgres	1	true	false	true	ecg_lead_wire_continuity_audits_r3080
true	true	true	true	true	true	true	true	postgres	0	true	false	true	ecg_machine_capa_actions_r3218
true	true	true	true	true	true	true	true	postgres	0	true	false	true	ecg_machine_r3218
true	true	true	true	true	true	true	true	postgres	0	true	false	true	echo_ultrasound_qc_capa_actions_r3291
true	true	true	true	true	true	true	true	postgres	0	true	false	true	echo_ultrasound_qc_r3291
true	true	true	true	true	true	true	true	postgres	0	true	false	true	ecmo_readiness_capa_actions_r3254
true	true	true	true	true	true	true	true	postgres	0	true	false	true	ecmo_readiness_r3254
true	true	true	true	true	true	true	true	postgres	0	true	false	true	effective_tax_rate_capa_actions_r3497
true	true	true	true	true	true	true	true	postgres	0	true	false	true	effective_tax_rate_r3497
true	true	true	true	true	true	true	true	postgres	0	true	false	true	eifu_capa_actions_r3655
true	true	true	true	true	true	true	true	postgres	0	true	false	true	eifu_r3655
true	true	true	true	true	true	true	true	postgres	0	true	false	true	electrical_safety_capa_actions_r3152
true	true	true	true	true	true	true	true	postgres	0	true	false	true	electrical_safety_r3152
true	true	true	true	true	true	true	true	postgres	0	true	false	true	electrolyte_analyzer_qc_capa_actions_r3462
true	true	true	true	true	true	true	true	postgres	0	true	false	true	electrolyte_analyzer_qc_r3462
true	true	true	true	true	true	true	true	postgres	0	true	false	true	electrosurgical_unit_capa_actions_r3147
true	true	true	true	true	true	true	true	postgres	0	true	false	true	electrosurgical_unit_r3147
true	true	true	true	true	true	true	true	postgres	0	true	false	true	elisa_microplate_qc_capa_actions_r3447
true	true	true	true	true	true	true	true	postgres	0	true	false	true	elisa_microplate_qc_r3447
true	true	true	true	true	true	true	true	postgres	0	true	false	true	emergency_drill_capa_actions_r3232
true	true	true	true	true	true	true	true	postgres	0	true	false	true	emergency_drill_r3232
true	true	true	true	true	true	true	true	postgres	1	true	false	true	emergency_followup_actions_r2591
true	true	true	true	true	true	true	true	postgres	1	true	false	true	emergency_kit_item_consumption_r2774
true	true	true	true	true	true	true	true	postgres	1	true	false	true	emergency_lighting_battery_audits_r2974
true	true	true	true	true	true	true	true	postgres	1	true	false	true	emergency_runbook_lessons_r2496
true	true	true	true	true	true	true	true	postgres	1	true	false	true	emotion_decision_correlations_r2497
true	true	true	true	true	true	true	true	postgres	0	true	false	true	emp_advance_capa_actions_r3617
true	true	true	true	true	true	true	true	postgres	0	true	false	true	emp_advance_r3617
true	true	true	true	true	true	true	true	postgres	0	true	false	true	emp_bgv_capa_actions_r3741
true	true	true	true	true	true	true	true	postgres	0	true	false	true	emp_bgv_r3741
true	true	true	true	true	true	true	true	postgres	0	true	false	true	employee_benefits_coverage_capa_actions_r3261
true	true	true	true	true	true	true	true	postgres	0	true	false	true	employee_benefits_coverage_r3261
true	true	true	true	true	true	true	true	postgres	0	true	false	true	employee_exit_fnf_capa_actions_r3277
true	true	true	true	true	true	true	true	postgres	0	true	false	true	employee_exit_fnf_r3277
true	true	true	true	true	true	true	true	postgres	0	true	false	true	endoscope_aer_capa_actions_r3159
true	true	true	true	true	true	true	true	postgres	0	true	false	true	endoscope_aer_r3159
true	true	true	true	true	true	true	true	postgres	0	true	false	true	endoscope_compliance_incidents_r2911
true	true	true	true	true	true	true	true	postgres	1	true	false	true	endoscope_drying_cabinets_r3031
true	true	true	true	true	true	true	true	postgres	1	true	false	true	endoscope_drying_findings_r3031
true	true	true	true	true	true	true	true	postgres	0	true	false	true	endoscope_reprocessing_cycles_r2911
true	true	true	true	true	true	true	true	postgres	1	true	false	true	endoscopy_disinfector_cycles_r3003
true	true	true	true	true	true	true	true	postgres	1	true	false	true	endoscopy_disinfector_spike_findings_r3003
true	true	true	true	true	true	true	true	postgres	0	true	false	true	endoscopy_tower_capa_actions_r3267
true	true	true	true	true	true	true	true	postgres	0	true	false	true	endoscopy_tower_r3267
true	true	true	true	true	true	true	true	postgres	1	true	false	true	energy_allocation_corrections_r2549
true	true	true	true	true	true	true	true	postgres	1	true	false	true	energy_pattern_insights_r2493
true	true	true	true	true	true	true	true	postgres	0	true	false	true	eng_spiff_capa_actions_r3730
true	true	true	true	true	true	true	true	postgres	0	true	false	true	eng_spiff_r3730
true	true	true	true	true	true	true	true	postgres	1	true	false	true	engagement_action_outcomes_r2648
true	true	true	true	true	true	true	true	postgres	1	true	false	true	engineer_2000_excellence_awards_r2060
true	true	true	true	true	true	true	true	postgres	1	true	false	true	engineer_2000_milestone_recognition_r2000
true	true	true	true	true	true	true	true	postgres	1	true	false	true	engineer_2100_mastery_badges_r2100
true	true	true	true	true	true	true	true	postgres	1	true	false	true	engineer_2200_milestone_awards_r2180
true	true	true	true	true	true	true	true	postgres	0	true	false	true	engineer_360_audit_log
true	true	true	true	true	true	true	true	postgres	0	true	false	true	engineer_360_feedback_submissions
true	true	true	true	true	true	true	true	postgres	1	true	false	true	engineer_360_perf_review_cycles
true	true	true	true	true	true	true	true	postgres	1	true	false	true	engineer_360_perf_review_responses
true	true	true	true	true	true	true	true	postgres	1	true	false	true	engineer_360_reviews_r2530
true	true	true	true	true	true	true	true	postgres	1	true	false	true	engineer_800_star_recognition_r2188
true	true	true	true	true	true	true	true	postgres	1	true	false	true	engineer_acceptance_action_log_r1976
true	true	true	true	true	true	true	true	postgres	1	true	false	true	engineer_accident_incidents
true	true	true	true	true	true	true	true	postgres	1	true	false	true	engineer_after_hours_coverage_r2788
true	true	true	true	true	true	true	true	postgres	1	true	false	true	engineer_anesthesia_pipeline_audits_r3066
true	true	true	true	true	true	true	true	postgres	1	true	false	true	engineer_annual_reviews_r1956
true	true	true	true	true	true	true	true	postgres	1	true	false	true	engineer_app_crash_reports_r2322
true	true	true	true	true	true	true	true	postgres	1	true	false	true	engineer_app_crash_triage_r2322
true	true	true	true	true	true	true	true	postgres	2	true	false	true	engineer_app_offline_conflicts
true	true	true	true	true	true	true	true	postgres	2	true	false	true	engineer_app_offline_events
true	true	true	true	true	true	true	true	postgres	2	true	false	true	engineer_app_sync_sessions
true	true	true	true	true	true	true	true	postgres	1	true	false	true	engineer_apprentice_mentorship_r2068
true	true	true	true	true	true	true	true	postgres	1	true	false	true	engineer_apprentice_milestones_r1760
true	true	true	true	true	true	true	true	postgres	1	true	false	true	engineer_apprentices_r1760
true	true	true	true	true	true	true	true	postgres	1	true	false	true	engineer_arrival_promise_refinement_r2800
true	true	true	true	true	true	true	true	postgres	1	true	false	true	engineer_arrival_window_precision_r2800
false	false	true	false	false	false	true	false	postgres	1	true	false	true	engineer_attendance
true	true	true	true	true	true	true	true	postgres	0	true	false	true	engineer_attendance_capa_actions_r3276
true	true	true	true	true	true	true	true	postgres	1	true	false	true	engineer_attendance_consequences_r2678
true	true	true	true	true	true	true	true	postgres	0	true	false	true	engineer_attendance_r3276
true	true	true	true	true	true	true	true	postgres	1	true	false	true	engineer_attrition_interventions_v2
true	true	true	true	true	true	true	true	postgres	1	true	false	true	engineer_attrition_scores_v2
true	true	true	true	true	true	true	true	postgres	1	true	false	true	engineer_attrition_signals_r2482
true	true	true	true	true	true	true	true	postgres	1	true	false	true	engineer_audit_action_log_r2044
false	false	false	false	false	false	false	false	postgres	1	true	false	true	engineer_audit_compliance
true	true	true	true	true	true	true	true	postgres	1	true	false	true	engineer_award_action_log_r2060
true	true	true	true	true	true	true	true	postgres	1	true	false	true	engineer_award_action_log_r2180
true	true	true	true	true	true	true	true	postgres	1	true	false	true	engineer_badge_action_log_r2100
true	true	true	true	true	true	true	true	postgres	0	true	false	true	engineer_badge_audit_events_r2938
true	true	true	true	true	true	true	true	postgres	0	true	false	true	engineer_badge_reverifications_r2938
false	false	false	false	true	true	true	true	postgres	1	true	false	true	engineer_bed_mattress_audits_r3050
false	false	false	false	true	true	true	true	postgres	1	true	false	true	engineer_bed_mattress_sensor_readings_r3050
true	true	true	true	true	true	true	true	postgres	1	true	false	true	engineer_bench_action_log_r2008
true	true	true	true	true	true	true	true	postgres	1	true	false	true	engineer_bench_hire_velocity_r2132
true	true	true	true	true	true	true	true	postgres	1	true	false	true	engineer_bench_redeploy_actions_r2734
true	true	true	true	true	true	true	true	postgres	1	true	false	true	engineer_bench_stage_events_r2826
true	true	true	true	true	true	true	true	postgres	1	true	false	true	engineer_bench_strength_actions_r1792
true	true	true	true	true	true	true	true	postgres	1	true	false	true	engineer_bench_strength_per_category_r1792
true	true	true	true	true	true	true	true	postgres	1	true	false	true	engineer_bench_strength_r2008
true	true	true	true	true	true	true	true	postgres	1	true	false	true	engineer_bench_strength_r3009
true	true	true	true	true	true	true	true	postgres	1	true	false	true	engineer_bench_utilization_r2734
true	true	true	true	true	true	true	true	postgres	1	true	false	true	engineer_billable_utilization_r2218
true	true	true	true	true	true	true	true	postgres	1	true	false	true	engineer_bonesaw_blade_wear_r3042
true	true	true	true	true	true	true	true	postgres	1	true	false	true	engineer_bonus_action_log_r1984
true	true	true	true	true	true	true	true	postgres	1	true	false	true	engineer_bonus_action_log_r2192
true	true	true	true	true	true	true	true	postgres	1	true	false	true	engineer_borrow_scorecard_r2868
true	true	true	true	true	true	true	true	postgres	1	true	false	true	engineer_brand_certification_attempts_r1800
true	true	true	true	true	true	true	true	postgres	1	true	false	true	engineer_brand_familiarity_r1800
true	true	true	true	true	true	true	true	postgres	1	true	false	true	engineer_bug_reports_r2514
true	true	true	true	true	true	true	true	postgres	1	true	false	true	engineer_burnout_interventions_r1664
true	true	true	true	true	true	true	true	postgres	1	true	false	true	engineer_burnout_signals_r1664
true	true	true	true	true	true	true	true	postgres	1	true	false	true	engineer_burnout_signals_r2430
true	true	true	true	true	true	true	true	postgres	1	true	false	true	engineer_bus_factor_coverage_r2798
true	true	true	true	true	true	true	true	postgres	1	true	false	true	engineer_cadence_rollup_r2862
true	true	true	true	true	true	true	true	postgres	1	true	false	true	engineer_calendar_conflicts_r1784
true	true	true	true	true	true	true	true	postgres	1	true	false	true	engineer_calendar_events_r1784
true	true	true	true	true	true	true	true	postgres	1	true	false	true	engineer_calibration_action_log_r2128
true	true	true	true	true	true	true	true	postgres	1	true	false	true	engineer_calibration_audit_log_r1832
true	true	true	true	true	true	true	true	postgres	0	true	false	true	engineer_calibration_capa_actions_r3139
true	true	true	true	true	true	true	true	postgres	0	true	false	true	engineer_calibration_certs_r2886
true	true	true	true	true	true	true	true	postgres	0	true	false	true	engineer_calibration_r3139
true	true	true	true	true	true	true	true	postgres	1	true	false	true	engineer_call_attempts_r2270
true	true	true	true	true	true	true	true	postgres	1	true	false	true	engineer_callback_records_r2814
true	true	true	true	true	true	true	true	postgres	1	true	false	true	engineer_callback_recoveries_r2386
true	true	true	true	true	true	true	true	postgres	1	true	false	true	engineer_callback_tier_learning_r2782
true	true	true	true	true	true	true	true	postgres	1	true	false	true	engineer_callouts_r2467
true	true	true	true	true	true	true	true	postgres	1	true	false	true	engineer_cancellation_remedy_log_r1936
true	true	true	true	true	true	true	true	postgres	1	true	false	true	engineer_care_packages_r2638
true	true	true	true	true	true	true	true	postgres	1	true	false	true	engineer_career_dev_plans_r1980
true	true	true	true	true	true	true	true	postgres	1	true	false	true	engineer_career_milestone_log_r1980
true	true	true	true	true	true	true	true	postgres	1	true	false	true	engineer_career_milestones_r1692
true	true	true	true	true	true	true	true	postgres	1	true	false	true	engineer_career_paths_r1692
true	true	true	true	true	true	true	true	postgres	1	true	false	true	engineer_career_rungs
true	true	true	true	true	true	true	true	postgres	2	true	false	true	engineer_cashout_requests
true	true	true	true	true	true	true	true	postgres	1	true	false	true	engineer_celebration_outcome_r2830
true	true	true	true	true	true	true	true	postgres	1	true	false	true	engineer_celebrations_r2646
true	true	true	true	true	true	true	true	postgres	1	true	false	true	engineer_cert_reminders_v2
true	true	true	true	true	true	true	true	postgres	1	true	false	true	engineer_cert_renewal_action_log_r2024
true	true	true	true	true	true	true	true	postgres	1	true	false	true	engineer_cert_renewal_log
true	true	true	true	true	true	true	true	postgres	1	true	false	true	engineer_cert_renewal_queue_r1680
true	true	true	true	true	true	true	true	postgres	1	true	false	true	engineer_certification_action_log_r2124
true	true	true	true	true	true	true	true	postgres	2	true	false	true	engineer_certification_attempts
true	true	true	true	true	true	true	true	postgres	2	true	false	true	engineer_certification_exams
false	false	true	false	false	false	true	false	postgres	1	true	false	true	engineer_certification_progress
true	true	true	true	true	true	true	true	postgres	1	true	false	true	engineer_certification_renewal_r2024
false	false	true	false	false	false	true	false	postgres	1	true	false	true	engineer_certification_tiers
true	true	true	true	true	true	true	true	postgres	1	true	false	true	engineer_certifications_v2
true	true	true	true	true	true	true	true	postgres	1	true	false	true	engineer_ces_friction_actions
true	true	true	true	true	true	true	true	postgres	1	true	false	true	engineer_ces_responses
true	true	true	true	true	true	true	true	postgres	1	true	false	true	engineer_checklist_completions_r1892
true	true	true	true	true	true	true	true	postgres	1	true	false	true	engineer_checklist_outcome_audit_r2838
true	true	true	true	true	true	true	true	postgres	1	true	false	true	engineer_city_availability_thresholds
true	true	true	true	true	true	true	true	postgres	0	true	false	true	engineer_co_investor_capital_calls_r3119
true	true	true	true	true	true	true	true	postgres	0	true	false	true	engineer_co_investor_commitments_r3119
true	true	true	true	true	true	true	true	postgres	1	true	false	true	engineer_coaching_area_benchmarks_r2670
true	true	true	true	true	true	true	true	postgres	1	true	false	true	engineer_coaching_milestone_log_r2148
true	true	true	true	true	true	true	true	postgres	1	true	false	true	engineer_coaching_notes_r2205
true	true	true	true	true	true	true	true	postgres	1	true	false	true	engineer_coaching_outcomes_r2298
true	true	true	true	true	true	true	true	postgres	1	true	false	true	engineer_cohort_promotion_loop_decisions_r3013
true	true	true	true	true	true	true	true	postgres	1	true	false	true	engineer_cohort_retention_loop_audit_r3013
true	true	true	true	true	true	true	true	postgres	1	true	false	true	engineer_collection_conversion_r2844
true	true	true	true	true	true	true	true	postgres	1	true	false	true	engineer_collection_invoices_r2844
true	true	true	true	true	true	true	true	postgres	1	true	false	true	engineer_comm_coaching_log_r1948
true	true	true	true	true	true	true	true	postgres	1	true	false	true	engineer_comm_template_usage_r2294
true	true	true	true	true	true	true	true	postgres	1	true	false	true	engineer_comm_templates_r2294
true	true	true	true	true	true	true	true	postgres	1	true	false	true	engineer_commute_claims
true	true	true	true	true	true	true	true	postgres	1	true	false	true	engineer_commute_monthly_caps
true	true	true	true	true	true	true	true	postgres	1	true	false	true	engineer_competency_tests_r2302
true	true	true	true	true	true	true	true	postgres	1	true	false	true	engineer_complaint_resolution_streak_r2758
true	true	true	true	true	true	true	true	postgres	1	true	false	true	engineer_complaint_streak_events_r2758
true	true	true	true	true	true	true	true	postgres	1	true	false	true	engineer_compliment_response_log_r1928
true	true	true	true	true	true	true	true	postgres	1	true	false	true	engineer_compliment_responses_r1724
true	true	true	true	true	true	true	true	postgres	1	true	false	true	engineer_compliments_r1724
true	true	true	true	true	true	true	true	postgres	1	true	false	true	engineer_conflict_resolution_log_r1920
true	true	true	true	true	true	true	true	postgres	1	true	false	true	engineer_conflict_resolution_steps_r1764
true	true	true	true	true	true	true	true	postgres	1	true	false	true	engineer_conflicts_r2582
true	true	true	true	true	true	true	true	postgres	1	true	false	true	engineer_continuity_churn_events_r2388
true	true	true	true	true	true	true	true	postgres	1	true	false	true	engineer_continuity_hospital_snapshots_r2388
true	true	true	true	true	true	true	true	postgres	1	true	false	true	engineer_coverage_action_log_r2020
true	true	true	true	true	true	true	true	postgres	1	true	false	true	engineer_cross_region_rotations_r2694
true	true	true	true	true	true	true	true	postgres	1	true	false	true	engineer_cross_train_assessments_r1752
true	true	true	true	true	true	true	true	postgres	1	true	false	true	engineer_cross_train_assignments_r1752
true	true	true	true	true	true	true	true	postgres	1	true	false	true	engineer_cross_train_plan_r2798
true	true	true	true	true	true	true	true	postgres	1	true	false	true	engineer_cross_training_matrix_r2470
true	true	true	true	true	true	true	true	postgres	1	true	false	true	engineer_cross_training_roadmap_r1912
false	false	false	false	true	true	true	true	postgres	1	true	false	true	engineer_cross_vertical_skill_transfer_quarterly_summaries_r302
false	false	false	false	true	true	true	true	postgres	1	true	false	true	engineer_cross_vertical_skill_transfers_r3025
true	true	true	true	true	true	true	true	postgres	1	true	false	true	engineer_cross_zone_fatigue_alerts_r2406
true	true	true	true	true	true	true	true	postgres	1	true	false	true	engineer_cross_zone_fillins_r2406
true	true	true	true	true	true	true	true	postgres	1	true	false	true	engineer_csat_action_log_r1968
true	true	true	true	true	true	true	true	postgres	1	true	false	true	engineer_csat_scores_r1968
true	true	true	true	true	true	true	true	postgres	1	true	false	true	engineer_curtain_audits_r2954
true	true	true	true	true	true	true	true	postgres	1	true	false	true	engineer_customer_anniversaries_r2394
true	true	true	true	true	true	true	true	postgres	1	true	false	true	engineer_customer_anniversary_gifts_r2394
true	true	true	true	true	true	true	true	postgres	1	true	false	true	engineer_customer_anniversary_milestones_r2762
true	true	true	true	true	true	true	true	postgres	1	true	false	true	engineer_customer_callbacks_r2386
true	true	true	true	true	true	true	true	postgres	1	true	false	true	engineer_customer_comm_coaching_r1948
true	true	true	true	true	true	true	true	postgres	1	true	false	true	engineer_customer_compliments_r1928
true	true	true	true	true	true	true	true	postgres	1	true	false	true	engineer_customer_conflicts_r1764
true	true	true	true	true	true	true	true	postgres	1	true	false	true	engineer_customer_equipment_checklist_r2838
true	true	true	true	true	true	true	true	postgres	1	true	false	true	engineer_customer_feedback_memory_r1988
true	true	true	true	true	true	true	true	postgres	1	true	false	true	engineer_customer_handoffs_r2378
true	true	true	true	true	true	true	true	postgres	1	true	false	true	engineer_customer_handoffs_r2610
true	true	true	true	true	true	true	true	postgres	1	true	false	true	engineer_customer_milestone_r2830
true	true	true	true	true	true	true	true	postgres	1	true	false	true	engineer_customer_mood_r2658
true	true	true	true	true	true	true	true	postgres	1	true	false	true	engineer_customer_nps_actions_r2682
true	true	true	true	true	true	true	true	postgres	1	true	false	true	engineer_customer_nps_scores_r2682
true	true	true	true	true	true	true	true	postgres	1	true	false	true	engineer_customer_onboarding_r2630
true	true	true	true	true	true	true	true	postgres	1	true	false	true	engineer_customer_praise_wall_r2108
true	true	true	true	true	true	true	true	postgres	1	true	false	true	engineer_customer_pulse_surveys_r2634
true	true	true	true	true	true	true	true	postgres	1	true	false	true	engineer_customer_rapport_r2542
true	true	true	true	true	true	true	true	postgres	1	true	false	true	engineer_customer_reaction_tracker_r2028
true	true	true	true	true	true	true	true	postgres	1	true	false	true	engineer_customer_recommendations_r2818
true	true	true	true	true	true	true	true	postgres	1	true	false	true	engineer_customer_relationship_audit_r2370
true	true	true	true	true	true	true	true	postgres	1	true	false	true	engineer_customer_relationship_scores_r2370
true	true	true	true	true	true	true	true	postgres	1	true	false	true	engineer_customer_retention_score_r2040
true	true	true	true	true	true	true	true	postgres	1	true	false	true	engineer_customer_spotlight_submissions_r1776
true	true	true	true	true	true	true	true	postgres	1	true	false	true	engineer_customer_story_capture_r2088
true	true	true	true	true	true	true	true	postgres	1	true	false	true	engineer_customer_tip_tracker_r2012
true	true	true	true	true	true	true	true	postgres	1	true	false	true	engineer_customer_trust_score_r2072
true	true	true	true	true	true	true	true	postgres	1	true	false	true	engineer_customer_trust_temperature_r2722
true	true	true	true	true	true	true	true	postgres	1	true	false	true	engineer_customer_visit_photo_log_r2164
true	true	true	true	true	true	true	true	postgres	1	true	false	true	engineer_customer_visit_surveys_r1992
true	true	true	true	true	true	true	true	postgres	1	true	false	true	engineer_customer_warmth_signals_r2854
true	true	true	true	true	true	true	true	postgres	1	true	false	true	engineer_damage_appeal_log_r1772
true	true	true	true	true	true	true	true	postgres	1	true	false	true	engineer_damage_compensations_r1772
true	true	true	true	true	true	true	true	postgres	0	true	false	true	engineer_damage_monthly_scorecard_r2894
true	true	true	true	true	true	true	true	postgres	1	true	false	true	engineer_damage_review_notes_r1704
true	true	true	true	true	true	true	true	postgres	1	true	false	true	engineer_decline_patterns_r1748
true	true	true	true	true	true	true	true	postgres	1	true	false	true	engineer_defib_self_test_cycles_r3082
true	true	true	true	true	true	true	true	postgres	1	true	false	true	engineer_defib_trainer_pads_r3082
true	true	true	true	true	true	true	true	postgres	1	true	false	true	engineer_deployment_action_log_r2116
true	true	true	true	true	true	true	true	postgres	1	true	false	true	engineer_distribution_action_log_r2080
false	false	false	false	true	true	true	true	postgres	1	true	false	true	engineer_dress_code_audits_r2960
true	true	true	true	true	true	true	true	postgres	1	true	false	true	engineer_driver_vehicle_log_r2278
true	true	true	true	true	true	true	true	postgres	0	true	false	true	engineer_driving_behavior_capa_actions_r3420
true	true	true	true	true	true	true	true	postgres	0	true	false	true	engineer_driving_behavior_r3420
true	true	true	true	true	true	true	true	postgres	1	true	false	true	engineer_earning_action_log_r2036
true	true	true	true	true	true	true	true	postgres	1	true	false	true	engineer_earning_trajectory_r2036
true	true	true	true	true	true	true	true	postgres	0	true	false	true	engineer_ehf_audit_capa_actions_r3388
true	true	true	true	true	true	true	true	postgres	0	true	false	true	engineer_ehf_audit_r3388
true	true	true	true	true	true	true	true	postgres	1	true	false	true	engineer_emergency_kits_r2774
true	true	true	true	true	true	true	true	postgres	1	true	false	true	engineer_equipment_action_log_r1940
true	true	true	true	true	true	true	true	postgres	1	true	false	true	engineer_equipment_calibration_schedules_r1832
true	true	true	true	true	true	true	true	postgres	1	true	false	true	engineer_equipment_certifications_r2124
true	true	true	true	true	true	true	true	postgres	1	true	false	true	engineer_equipment_certs_r1680
true	true	true	true	true	true	true	true	postgres	1	true	false	true	engineer_equipment_damage_r1704
true	true	true	true	true	true	true	true	postgres	1	true	false	true	engineer_equipment_expertise_r1740
true	true	true	true	true	true	true	true	postgres	1	true	false	true	engineer_equipment_field_tests_r1884
true	true	true	true	true	true	true	true	postgres	1	true	false	true	engineer_equipment_loans_r1736
true	true	true	true	true	true	true	true	postgres	1	true	false	true	engineer_equipment_loss_events_r1828
true	true	true	true	true	true	true	true	postgres	1	true	false	true	engineer_equipment_loss_prevention_actions_r1828
true	true	true	true	true	true	true	true	postgres	1	true	false	true	engineer_equipment_manuals_r1816
true	true	true	true	true	true	true	true	postgres	1	true	false	true	engineer_equipment_recalls_r1860
true	true	true	true	true	true	true	true	postgres	1	true	false	true	engineer_equipment_roi_r1888
false	false	false	false	true	true	true	true	postgres	0	true	false	true	engineer_equipment_specialization_match_audits_r2948
true	true	true	true	true	true	true	true	postgres	1	true	false	true	engineer_equipment_specialization_r1916
true	true	true	true	true	true	true	true	postgres	1	true	false	true	engineer_equipment_wear_tracker_r1940
true	true	true	true	true	true	true	true	postgres	1	true	false	true	engineer_escalation_watchlist_r2298
true	true	true	true	true	true	true	true	postgres	1	true	false	true	engineer_escalations_r2374
true	true	true	true	true	true	true	true	postgres	1	true	false	true	engineer_expense_claims_r1812
true	true	true	true	true	true	true	true	postgres	1	true	false	true	engineer_expense_review_log_r1812
true	true	true	true	true	true	true	true	postgres	1	true	false	true	engineer_expertise_gap_actions_r1740
true	true	true	true	true	true	true	true	postgres	1	true	false	true	engineer_external_certifications
true	true	true	true	true	true	true	true	postgres	1	true	false	true	engineer_failure_action_log_r2168
true	true	true	true	true	true	true	true	postgres	1	true	false	true	engineer_failure_response_log_r1900
true	true	true	true	true	true	true	true	postgres	1	true	false	true	engineer_familiarity_refresh_r1880
true	true	true	true	true	true	true	true	postgres	1	true	false	true	engineer_fatigue_cycles_r2538
true	true	true	true	true	true	true	true	postgres	1	true	false	true	engineer_feature_adoption_r2562
true	true	true	true	true	true	true	true	postgres	1	true	false	true	engineer_feature_usage_r2738
true	true	true	true	true	true	true	true	postgres	1	true	false	true	engineer_feedback_action_log_r1988
true	true	true	true	true	true	true	true	postgres	1	true	false	true	engineer_feedback_actions_r2342
true	true	true	true	true	true	true	true	postgres	1	true	false	true	engineer_feedback_entries_r2205
true	true	true	true	true	true	true	true	postgres	1	true	false	true	engineer_feedback_loop_events_r2810
true	true	true	true	true	true	true	true	postgres	1	true	false	true	engineer_feedback_signals_r2342
true	true	true	true	true	true	true	true	postgres	1	true	false	true	engineer_field_earned_hours_r2096
true	true	true	true	true	true	true	true	postgres	1	true	false	true	engineer_field_equipment_failures_r1900
true	true	true	true	true	true	true	true	postgres	1	true	false	true	engineer_field_knowledge_endorsements_r1872
true	true	true	true	true	true	true	true	postgres	1	true	false	true	engineer_field_knowledge_r1872
true	true	true	true	true	true	true	true	postgres	0	true	false	true	engineer_field_photo_qa_flags
true	true	true	true	true	true	true	true	postgres	0	true	false	true	engineer_field_photos
true	true	true	true	true	true	true	true	postgres	1	true	false	true	engineer_field_safety_drill_observations_r1876
true	true	true	true	true	true	true	true	postgres	1	true	false	true	engineer_field_safety_drills_r1876
true	true	true	true	true	true	true	true	postgres	2	true	false	true	engineer_field_service_module_runs
true	true	true	true	true	true	true	true	postgres	2	true	false	true	engineer_field_service_modules
true	true	true	true	true	true	true	true	postgres	1	true	false	true	engineer_field_test_observations_r1884
true	true	true	true	true	true	true	true	postgres	1	true	false	true	engineer_field_test_outcomes
true	true	true	true	true	true	true	true	postgres	1	true	false	true	engineer_field_tests
true	true	true	true	true	true	true	true	postgres	1	true	false	true	engineer_financial_wellness_r2598
true	true	true	true	true	true	true	true	postgres	1	true	false	true	engineer_first_job_onboarding
true	true	true	true	true	true	true	true	postgres	1	true	false	true	engineer_first_job_reviews
true	true	true	true	true	true	true	true	postgres	3	true	false	true	engineer_fleet_trips
true	true	true	true	true	true	true	true	postgres	2	true	false	true	engineer_fleet_vehicles
true	true	true	true	true	true	true	true	postgres	1	true	false	true	engineer_followup_cadence_r2770
true	true	true	true	true	true	true	true	postgres	1	true	false	true	engineer_followup_outcome_r2770
true	true	true	true	true	true	true	true	postgres	1	true	false	true	engineer_forum_reaction_log_r2076
true	true	true	true	true	true	true	true	postgres	1	true	false	true	engineer_founder_health_disclosures_r3069
true	true	true	true	true	true	true	true	postgres	1	true	false	true	engineer_founder_health_interventions_r3069
true	true	true	true	true	true	true	true	postgres	1	true	false	true	engineer_gap_remediation_log_r1908
true	true	true	true	true	true	true	true	postgres	1	true	false	true	engineer_geo_coverage_cells_r2949
true	true	true	true	true	true	true	true	postgres	1	true	false	true	engineer_geo_gap_actions_r2949
true	true	true	true	true	true	true	true	postgres	1	true	false	true	engineer_geographic_coverage_map_r2020
true	true	true	true	true	true	true	true	postgres	1	true	false	true	engineer_handoff_events_r2776
true	true	true	true	true	true	true	true	postgres	1	true	false	true	engineer_handoff_events_r2854
true	true	true	true	true	true	true	true	postgres	1	true	false	true	engineer_handoff_gaps_r2674
true	true	true	true	true	true	true	true	postgres	1	true	false	true	engineer_handoff_photo_scores_r2746
true	true	true	true	true	true	true	true	postgres	1	true	false	true	engineer_handoff_redo_actions_r2746
true	true	true	true	true	true	true	true	postgres	1	true	false	true	engineer_handoff_signals_r2378
true	true	true	true	true	true	true	true	postgres	1	true	false	true	engineer_handover_ack_emoji_events_r2858
true	true	true	true	true	true	true	true	postgres	1	true	false	true	engineer_handover_ack_emoji_rollups_r2858
true	true	true	true	true	true	true	true	postgres	1	true	false	true	engineer_handover_audits_r2390
true	true	true	true	true	true	true	true	postgres	0	true	false	true	engineer_handover_doc_events_r2898
true	true	true	true	true	true	true	true	postgres	1	true	false	true	engineer_handover_events_r2842
true	true	true	true	true	true	true	true	postgres	1	true	false	true	engineer_handover_monsoon_log_r2870
true	true	true	true	true	true	true	true	postgres	1	true	false	true	engineer_handover_monthly_rollup_r2882
true	true	true	true	true	true	true	true	postgres	1	true	false	true	engineer_handover_photo_findings_r2390
true	true	true	true	true	true	true	true	postgres	1	true	false	true	engineer_handover_quiet_hours_scorecard_r2878
true	true	true	true	true	true	true	true	postgres	1	true	false	true	engineer_handover_shoes_protocol_r2882
true	true	true	true	true	true	true	true	postgres	1	true	false	true	engineer_handover_verdict_rollup_r2834
true	true	true	true	true	true	true	true	postgres	1	true	false	true	engineer_handover_witnesses_r2842
true	true	true	true	true	true	true	true	postgres	1	true	false	true	engineer_hardware_ip_assets_r3001
true	true	true	true	true	true	true	true	postgres	1	true	false	true	engineer_health_insurance_claims_r1836
true	true	true	true	true	true	true	true	postgres	1	true	false	true	engineer_health_insurance_notes_r1836
true	true	true	true	true	true	true	true	postgres	0	true	false	true	engineer_health_safety_corrective_actions
true	true	true	true	true	true	true	true	postgres	0	true	false	true	engineer_health_safety_incidents
true	true	true	true	true	true	true	true	postgres	1	true	false	true	engineer_hire_velocity_action_log_r2132
true	true	true	true	true	true	true	true	postgres	1	true	false	true	engineer_hiring_targets_r2254
true	true	true	true	true	true	true	true	postgres	1	true	false	true	engineer_hoist_strap_findings_r2990
true	true	true	true	true	true	true	true	postgres	1	true	false	true	engineer_hoist_strap_inspections_r2990
true	true	true	true	true	true	true	true	postgres	1	true	false	true	engineer_hospital_affinity_actions_r1896
true	true	true	true	true	true	true	true	postgres	1	true	false	true	engineer_hospital_affinity_r1896
true	true	true	true	true	true	true	true	postgres	1	true	false	true	engineer_hospital_visit_logger_r2016
true	true	true	true	true	true	true	true	postgres	1	true	false	true	engineer_hourly_rate_card_r1852
true	true	true	true	true	true	true	true	postgres	1	true	false	true	engineer_hours_action_log_r2096
true	true	true	true	true	true	true	true	postgres	1	true	false	true	engineer_idle_action_log_r1964
true	true	true	true	true	true	true	true	postgres	1	true	false	true	engineer_idle_time_tracker_r1964
true	true	true	true	true	true	true	true	postgres	1	true	false	true	engineer_incentive_payouts_r2422
true	true	true	true	true	true	true	true	postgres	1	true	false	true	engineer_innovation_action_log_r2056
true	true	true	true	true	true	true	true	postgres	1	true	false	true	engineer_innovation_ideation_r2056
true	true	true	true	true	true	true	true	postgres	1	true	false	true	engineer_innovation_reviews_r1708
true	true	true	true	true	true	true	true	postgres	1	true	false	true	engineer_innovation_submissions_r1708
true	true	true	true	true	true	true	true	postgres	0	true	false	true	engineer_install_site_readiness_capa_actions_r3424
true	true	true	true	true	true	true	true	postgres	0	true	false	true	engineer_install_site_readiness_r3424
true	true	true	true	true	true	true	true	postgres	1	true	false	true	engineer_insurance_action_log_r1960
true	true	true	true	true	true	true	true	postgres	1	true	false	true	engineer_insurance_welfare_r1960
true	true	true	true	true	true	true	true	postgres	1	true	false	true	engineer_job_acceptance_latency_r1976
true	true	true	true	true	true	true	true	postgres	1	true	false	true	engineer_job_cancellation_causes_r1936
true	true	true	true	true	true	true	true	postgres	1	true	false	true	engineer_job_cancellation_recovery_r2880
true	true	true	true	true	true	true	true	postgres	1	true	false	true	engineer_job_declines_r1748
true	true	true	true	true	true	true	true	postgres	1	true	false	true	engineer_job_handoffs_r2674
true	true	true	true	true	true	true	true	postgres	1	true	false	true	engineer_job_photo_audits_r2494
true	true	true	true	true	true	true	true	postgres	1	true	false	true	engineer_job_reschedules_r1756
true	true	true	true	true	true	true	true	postgres	1	true	false	true	engineer_kaizen_log_r2366
true	true	true	true	true	true	true	true	postgres	1	true	false	true	engineer_kb_articles_r2446
true	true	true	true	true	true	true	true	postgres	1	true	false	true	engineer_kb_articles_r2754
true	true	true	true	true	true	true	true	postgres	1	true	false	true	engineer_kb_topic_rollup_r2754
true	true	true	true	true	true	true	true	postgres	1	true	false	true	engineer_kit_audits_r2310
true	true	true	true	true	true	true	true	postgres	1	true	false	true	engineer_kit_required_items_r2310
true	true	true	true	true	true	true	true	postgres	1	true	false	true	engineer_knowledge_gaps_r1908
true	true	true	true	true	true	true	true	postgres	1	true	false	true	engineer_knowledge_sharing_forum_r2076
true	true	true	true	true	true	true	true	postgres	1	true	false	true	engineer_kpi_cards_r1804
true	true	true	true	true	true	true	true	postgres	1	true	false	true	engineer_kpi_grade_feedback_r1804
true	true	true	true	true	true	true	true	postgres	1	true	false	true	engineer_kt_sessions_r2518
false	false	true	false	false	false	true	false	postgres	1	true	false	true	engineer_kyc_renewals
true	true	true	true	true	true	true	true	postgres	1	true	false	true	engineer_ladder_promotion_events_r2234
true	true	true	true	true	true	true	true	postgres	1	true	false	true	engineer_ladder_snapshots_r2234
true	true	true	true	true	true	true	true	postgres	1	true	false	true	engineer_language_coaching_sessions_r2550
true	true	true	true	true	true	true	true	postgres	1	true	false	true	engineer_language_fluency_r2490
true	true	true	true	true	true	true	true	postgres	1	true	false	true	engineer_language_scorecard_r2876
true	true	true	true	true	true	true	true	postgres	1	true	false	true	engineer_late_arrival_interventions_r1848
true	true	true	true	true	true	true	true	postgres	1	true	false	true	engineer_late_arrival_patterns_r1848
true	true	true	true	true	true	true	true	postgres	1	true	false	true	engineer_late_night_calls_r2402
true	true	true	true	true	true	true	true	postgres	1	true	false	true	engineer_late_night_scorecards_r2402
true	true	true	true	true	true	true	true	postgres	1	true	false	true	engineer_learning_paths
true	true	true	true	true	true	true	true	postgres	1	true	false	true	engineer_learning_progress
true	true	true	true	true	true	true	true	postgres	2	true	false	true	engineer_leave_balances
true	true	true	true	true	true	true	true	postgres	1	true	false	true	engineer_leave_balances_r2266
true	true	true	true	true	true	true	true	postgres	1	true	false	true	engineer_leave_calendar
true	true	true	true	true	true	true	true	postgres	3	true	false	true	engineer_leave_requests
true	true	true	true	true	true	true	true	postgres	1	true	false	true	engineer_leave_requests_r2266
true	true	true	true	true	true	true	true	postgres	1	true	false	true	engineer_lifetime_value_tracker_r2140
true	true	true	true	true	true	true	true	postgres	1	true	false	true	engineer_loan_return_log_r1736
false	false	false	false	true	true	true	true	postgres	1	true	false	true	engineer_loanout_bank_inventory_r1788
false	false	false	false	true	true	true	true	postgres	1	true	false	true	engineer_loanout_checkouts_r1788
true	true	true	true	true	true	true	true	postgres	1	true	false	true	engineer_long_tail_skills_r1844
true	true	true	true	true	true	true	true	postgres	0	true	false	true	engineer_loto_height_safety_capa_actions_r3252
true	true	true	true	true	true	true	true	postgres	0	true	false	true	engineer_loto_height_safety_r3252
true	true	true	true	true	true	true	true	postgres	1	true	false	true	engineer_loyalty_bonuses_r2650
true	true	true	true	true	true	true	true	postgres	1	true	false	true	engineer_loyalty_program_r1996
true	true	true	true	true	true	true	true	postgres	1	true	false	true	engineer_loyalty_reward_log_r1996
true	true	true	true	true	true	true	true	postgres	1	true	false	true	engineer_ltv_action_log_r2140
true	true	true	true	true	true	true	true	postgres	1	true	false	true	engineer_manual_access_log_r1816
true	true	true	true	true	true	true	true	postgres	1	true	false	true	engineer_manual_library_audits_r2998
true	true	true	true	true	true	true	true	postgres	1	true	false	true	engineer_manual_library_gaps_r2998
true	true	true	true	true	true	true	true	postgres	0	true	false	true	engineer_mental_health_pulse_responses
true	true	true	true	true	true	true	true	postgres	0	true	false	true	engineer_mental_health_pulse_surveys
true	true	true	true	true	true	true	true	postgres	1	true	false	true	engineer_mentor_checkin_log_r1924
true	true	true	true	true	true	true	true	postgres	1	true	false	true	engineer_mentor_checkins_r2258
true	true	true	true	true	true	true	true	postgres	1	true	false	true	engineer_mentor_hours_r1840
true	true	true	true	true	true	true	true	postgres	1	true	false	true	engineer_mentor_network_r1924
true	true	true	true	true	true	true	true	postgres	1	true	false	true	engineer_mentor_pairs_r2258
true	true	true	true	true	true	true	true	postgres	1	true	false	true	engineer_mentor_session_log_r1840
true	true	true	true	true	true	true	true	postgres	1	true	false	true	engineer_mentorship_checkins_r1672
true	true	true	true	true	true	true	true	postgres	1	true	false	true	engineer_mentorship_meeting_log_r2068
true	true	true	true	true	true	true	true	postgres	1	true	false	true	engineer_mentorship_pairs_r1672
true	true	true	true	true	true	true	true	postgres	1	true	false	true	engineer_mileage_actions_r2206
true	true	true	true	true	true	true	true	postgres	1	true	false	true	engineer_mileage_logs_r2206
true	true	true	true	true	true	true	true	postgres	1	true	false	true	engineer_mileage_monthly_caps_r2474
true	true	true	true	true	true	true	true	postgres	1	true	false	true	engineer_mileage_trips_r2474
true	true	true	true	true	true	true	true	postgres	1	true	false	true	engineer_milestone_celebration_log_r2000
true	true	true	true	true	true	true	true	postgres	1	true	false	true	engineer_missed_call_followups_r2270
true	true	true	true	true	true	true	true	postgres	1	true	false	true	engineer_modality_certifications_r2250
true	true	true	true	true	true	true	true	postgres	1	true	false	true	engineer_module_completions_r1796
true	true	true	true	true	true	true	true	postgres	1	true	false	true	engineer_monsoon_refinement_r2870
true	true	true	true	true	true	true	true	postgres	1	true	false	true	engineer_monthly_attendance_r2678
true	true	true	true	true	true	true	true	postgres	1	true	false	true	engineer_monthly_callback_cases_r2782
true	true	true	true	true	true	true	true	postgres	1	true	false	true	engineer_monthly_cancel_summary_r2880
true	true	true	true	true	true	true	true	postgres	1	true	false	true	engineer_monthly_coaching_sessions_r2670
true	true	true	true	true	true	true	true	postgres	1	true	false	true	engineer_monthly_customer_handover_final_mile_checklist_r2834
true	true	true	true	true	true	true	true	postgres	1	true	false	true	engineer_monthly_feedback_loop_r2810
true	true	true	true	true	true	true	true	postgres	0	true	false	true	engineer_monthly_handover_audits_r2898
true	true	true	true	true	true	true	true	postgres	1	true	false	true	engineer_monthly_handover_time_of_day_slots_r2866
true	true	true	true	true	true	true	true	postgres	1	true	false	true	engineer_monthly_job_narrative_engagement_r2850
true	true	true	true	true	true	true	true	postgres	1	true	false	true	engineer_monthly_job_narrative_stories_r2850
true	true	true	true	true	true	true	true	postgres	1	true	false	true	engineer_monthly_job_prep_stages_r2826
true	true	true	true	true	true	true	true	postgres	1	true	false	true	engineer_monthly_job_rejections_r2786
true	true	true	true	true	true	true	true	postgres	1	true	false	true	engineer_monthly_mentee_pairings_r2730
true	true	true	true	true	true	true	true	postgres	1	true	false	true	engineer_monthly_narrative_publish_r2862
true	true	true	true	true	true	true	true	postgres	1	true	false	true	engineer_monthly_pattern_rollup_r2760
true	true	true	true	true	true	true	true	postgres	0	true	false	true	engineer_monthly_punctuality_r2902
true	true	true	true	true	true	true	true	postgres	1	true	false	true	engineer_monthly_recovery_narratives_r2874
true	true	true	true	true	true	true	true	postgres	1	true	false	true	engineer_monthly_recovery_pulse_r2874
true	true	true	true	true	true	true	true	postgres	1	true	false	true	engineer_monthly_rejection_policy_log_r2786
true	true	true	true	true	true	true	true	postgres	0	true	false	true	engineer_monthly_repeat_score_r2890
true	true	true	true	true	true	true	true	postgres	1	true	false	true	engineer_monthly_rft_r2906
true	true	true	true	true	true	true	true	postgres	1	true	false	true	engineer_monthly_score_card_r2846
true	true	true	true	true	true	true	true	postgres	0	true	false	true	engineer_monthly_signature_discipline_r2930
true	true	true	true	true	true	true	true	postgres	1	true	false	true	engineer_multi_hospital_deployment_r2116
true	true	true	true	true	true	true	true	postgres	1	true	false	true	engineer_multi_tenancy_workload_r2048
true	true	true	true	true	true	true	true	postgres	1	true	false	true	engineer_near_misses_r2558
false	false	false	false	true	true	true	true	postgres	1	true	false	true	engineer_network_hygiene_discipline_r2984
true	true	true	true	true	true	true	true	postgres	1	true	false	true	engineer_night_shift_approval_queue
true	true	true	true	true	true	true	true	postgres	1	true	false	true	engineer_night_shift_logs_r2222
true	true	true	true	true	true	true	true	postgres	1	true	false	true	engineer_night_shift_optins
true	true	true	true	true	true	true	true	postgres	1	true	false	true	engineer_night_shift_reconciliation_r2222
true	true	true	true	true	true	true	true	postgres	1	true	false	true	engineer_night_shift_roster
true	true	true	true	true	true	true	true	postgres	1	true	false	true	engineer_night_shift_shifts
true	true	true	true	true	true	true	true	postgres	1	true	false	true	engineer_night_shifts_r2442
true	true	true	true	true	true	true	true	postgres	0	true	false	true	engineer_nps_capa_actions_r3164
true	true	true	true	true	true	true	true	postgres	0	true	false	true	engineer_nps_r3164
true	true	true	true	true	true	true	true	postgres	1	true	false	true	engineer_off_job_activities_r1820
true	true	true	true	true	true	true	true	postgres	1	true	false	true	engineer_off_job_summary_r1820
true	true	true	true	true	true	true	true	postgres	1	true	false	true	engineer_offsite_visit_outcomes_r1696
true	true	true	true	true	true	true	true	postgres	1	true	false	true	engineer_offsite_visits_r1696
true	true	true	true	true	true	true	true	postgres	1	true	false	true	engineer_on_call_handovers_r2594
true	true	true	true	true	true	true	true	postgres	1	true	false	true	engineer_on_call_rotation_r2702
true	true	true	true	true	true	true	true	postgres	1	true	false	true	engineer_on_call_shifts_r2848
true	true	true	true	true	true	true	true	postgres	1	true	false	true	engineer_on_job_coaching_r2554
true	true	true	true	true	true	true	true	postgres	1	true	false	true	engineer_onboarding_action_log_r2172
true	true	true	true	true	true	true	true	postgres	1	true	false	true	engineer_onboarding_buddies_r2662
true	true	true	true	true	true	true	true	postgres	0	true	false	true	engineer_onboarding_capa_actions_r3320
true	true	true	true	true	true	true	true	postgres	1	true	false	true	engineer_onboarding_milestones_r2418
true	true	true	true	true	true	true	true	postgres	1	true	false	true	engineer_onboarding_pacing_r2172
true	true	true	true	true	true	true	true	postgres	0	true	false	true	engineer_onboarding_r3320
false	false	false	false	false	true	true	true	postgres	1	true	false	true	engineer_oncall_call_outs_r1744
true	true	true	true	true	true	true	true	postgres	1	true	false	true	engineer_oncall_refine_actions_r2848
false	false	false	false	false	true	true	true	postgres	1	true	false	true	engineer_oncall_rotations_r1744
true	true	true	true	true	true	true	true	postgres	1	true	false	true	engineer_oss_contributions_r3021
true	true	true	true	true	true	true	true	postgres	2	true	false	true	engineer_p2p_parts_bids
true	true	true	true	true	true	true	true	postgres	3	true	false	true	engineer_p2p_parts_listings
true	true	true	true	true	true	true	true	postgres	1	true	false	true	engineer_p2p_parts_transactions
true	true	true	true	true	true	true	true	postgres	1	true	false	true	engineer_pairing_skill_breakdown_r2730
true	true	true	true	true	true	true	true	postgres	1	true	false	true	engineer_part_knowledge_r2606
true	true	true	true	true	true	true	true	postgres	1	true	false	true	engineer_parts_action_log_r2156
true	true	true	true	true	true	true	true	postgres	1	true	false	true	engineer_pay_equity_actions_r2282
true	true	true	true	true	true	true	true	postgres	1	true	false	true	engineer_pay_equity_snapshots_r2282
true	true	true	true	true	true	true	true	postgres	1	true	false	true	engineer_payout_dispute_events
true	true	true	true	true	true	true	true	postgres	1	true	false	true	engineer_payout_disputes
true	true	true	true	true	true	true	true	postgres	2	true	false	true	engineer_payout_methods
true	true	true	true	true	true	true	true	postgres	2	true	false	true	engineer_payouts
false	false	true	false	false	false	true	false	postgres	1	true	false	true	engineer_payouts_admin_events
true	true	true	true	true	true	true	true	postgres	1	true	false	true	engineer_pdp_goals_r2478
true	true	true	true	true	true	true	true	postgres	1	true	false	true	engineer_pdp_milestones_r2478
true	true	true	true	true	true	true	true	postgres	1	true	false	true	engineer_performance_coaching_cycle_r2148
true	true	true	true	true	true	true	true	postgres	1	true	false	true	engineer_performance_scorecard_r2032
true	true	true	true	true	true	true	true	postgres	1	true	false	true	engineer_photo_action_log_r2164
true	true	true	true	true	true	true	true	postgres	1	true	false	true	engineer_photo_ai_scores_r2666
true	true	true	true	true	true	true	true	postgres	1	true	false	true	engineer_photo_archive_r2586
true	true	true	true	true	true	true	true	postgres	1	true	false	true	engineer_photo_feedback_r2614
true	true	true	true	true	true	true	true	postgres	1	true	false	true	engineer_photo_quality_scores_r2346
true	true	true	true	true	true	true	true	postgres	1	true	false	true	engineer_photo_redaction_audit_r2790
true	true	true	true	true	true	true	true	postgres	1	true	false	true	engineer_photo_retake_nudges_r2346
true	true	true	true	true	true	true	true	postgres	1	true	false	true	engineer_photo_share_consent_r2790
true	true	true	true	true	true	true	true	postgres	1	true	false	true	engineer_photo_shares_r2510
true	true	true	true	true	true	true	true	postgres	1	true	false	true	engineer_photo_walkthrough_coaching_log_r2226
true	true	true	true	true	true	true	true	postgres	1	true	false	true	engineer_photo_walkthrough_submissions_r2226
true	true	true	true	true	true	true	true	postgres	1	true	false	true	engineer_pick_error_training_r2382
true	true	true	true	true	true	true	true	postgres	1	true	false	true	engineer_pick_errors_r2382
true	true	true	true	true	true	true	true	postgres	1	true	false	true	engineer_pip_check_ins_r1856
true	true	true	true	true	true	true	true	postgres	1	true	false	true	engineer_pip_milestone_log_r1952
true	true	true	true	true	true	true	true	postgres	1	true	false	true	engineer_pip_plans_r1952
true	true	true	true	true	true	true	true	postgres	1	true	false	true	engineer_pips_r1856
true	true	true	true	true	true	true	true	postgres	0	true	false	true	engineer_pm_suggestions_r2904
true	true	true	true	true	true	true	true	postgres	1	true	false	true	engineer_post_visit_callbacks_r2522
true	true	true	true	true	true	true	true	postgres	1	true	false	true	engineer_postmortem_insights_r2374
true	true	true	true	true	true	true	true	postgres	1	true	false	true	engineer_ppe_issuances_r2462
true	true	true	true	true	true	true	true	postgres	1	true	false	true	engineer_praise_action_log_r2108
true	true	true	true	true	true	true	true	postgres	1	true	false	true	engineer_praise_events_r2438
true	true	true	true	true	true	true	true	postgres	1	true	false	true	engineer_pre_service_checklists_r1892
true	true	true	true	true	true	true	true	postgres	1	true	false	true	engineer_prediction_miss_aggregates_r2726
true	true	true	true	true	true	true	true	postgres	0	true	false	true	engineer_premises_damage_incidents_r2894
true	true	true	true	true	true	true	true	postgres	1	true	false	true	engineer_presence_monthly_r2776
false	false	false	false	true	true	true	true	postgres	1	true	false	true	engineer_previsit_risk_briefings_r2950
false	false	false	false	true	true	true	true	postgres	1	true	false	true	engineer_previsit_risk_outcomes_r2950
true	true	true	true	true	true	true	true	postgres	1	true	false	true	engineer_productivity_review_notes_r1688
true	true	true	true	true	true	true	true	postgres	1	true	false	true	engineer_productivity_scores_r1688
true	true	true	true	true	true	true	true	postgres	1	true	false	true	engineer_promote_actions_r2818
true	true	true	true	true	true	true	true	postgres	1	true	false	true	engineer_promotion_action_log_r2104
true	true	true	true	true	true	true	true	postgres	1	true	false	true	engineer_promotion_approval_log_r1780
true	true	true	true	true	true	true	true	postgres	1	true	false	true	engineer_promotion_candidates
true	true	true	true	true	true	true	true	postgres	1	true	false	true	engineer_promotion_ceremonies_r2546
true	true	true	true	true	true	true	true	postgres	1	true	false	true	engineer_promotion_decisions
true	true	true	true	true	true	true	true	postgres	1	true	false	true	engineer_promotion_pipeline_r2104
true	true	true	true	true	true	true	true	postgres	1	true	false	true	engineer_promotion_proposals_r1780
true	true	true	true	true	true	true	true	postgres	1	true	false	true	engineer_public_speaking_r3021
false	false	false	false	true	true	true	true	postgres	1	true	false	true	engineer_pulseox_audit_findings_r3038
false	false	false	false	true	true	true	true	postgres	1	true	false	true	engineer_pulseox_cable_audits_r3038
true	true	true	true	true	true	true	true	postgres	1	true	false	true	engineer_qip_v2_milestone_log_r2184
true	true	true	true	true	true	true	true	postgres	1	true	false	true	engineer_quality_audit_r2044
true	true	true	true	true	true	true	true	postgres	1	true	false	true	engineer_quality_bonus_calculator_r2192
true	true	true	true	true	true	true	true	postgres	1	true	false	true	engineer_quality_improvement_plan_v2_r2184
true	true	true	true	true	true	true	true	postgres	1	true	false	true	engineer_quality_recovery_plan_r2160
true	true	true	true	true	true	true	true	postgres	1	true	false	true	engineer_quarter_bonus_r1984
true	true	true	true	true	true	true	true	postgres	1	true	false	true	engineer_quiet_hours_breach_incidents_r2878
true	true	true	true	true	true	true	true	postgres	1	true	false	true	engineer_quote_invoice_variance_r2836
true	true	true	true	true	true	true	true	postgres	1	true	false	true	engineer_quote_velocity_r2872
true	true	true	true	true	true	true	true	postgres	1	true	false	true	engineer_ramp_metrics_r2418
true	true	true	true	true	true	true	true	postgres	1	true	false	true	engineer_ranking_action_log_r2112
true	true	true	true	true	true	true	true	postgres	1	true	false	true	engineer_rapport_coaching_log_r2334
true	true	true	true	true	true	true	true	postgres	1	true	false	true	engineer_rapport_pulse_r2334
true	true	true	true	true	true	true	true	postgres	1	true	false	true	engineer_rate_card_change_log_r1852
true	true	true	true	true	true	true	true	postgres	1	true	false	true	engineer_rd_projects
true	true	true	true	true	true	true	true	postgres	1	true	false	true	engineer_rd_validations
true	true	true	true	true	true	true	true	postgres	1	true	false	true	engineer_reaction_action_log_r2028
true	true	true	true	true	true	true	true	postgres	1	true	false	true	engineer_reassignments_r2314
true	true	true	true	true	true	true	true	postgres	1	true	false	true	engineer_recall_readiness_r2750
true	true	true	true	true	true	true	true	postgres	1	true	false	true	engineer_recall_response_log_r1860
true	true	true	true	true	true	true	true	postgres	1	true	false	true	engineer_recognition_action_log_r2188
true	true	true	true	true	true	true	true	postgres	1	true	false	true	engineer_recognition_nominations_r2231
true	true	true	true	true	true	true	true	postgres	1	true	false	true	engineer_recognition_selections_r2231
true	true	true	true	true	true	true	true	postgres	1	true	false	true	engineer_recovery_milestone_log_r2160
true	true	true	true	true	true	true	true	postgres	1	true	false	true	engineer_recruiting_audit_findings_r2989
true	true	true	true	true	true	true	true	postgres	1	true	false	true	engineer_recruiting_referral_bonuses_r2989
false	false	true	false	false	false	true	false	postgres	1	true	false	true	engineer_referrals
true	true	true	true	true	true	true	true	postgres	1	true	false	true	engineer_refresh_actions_r1880
true	true	true	true	true	true	true	true	postgres	1	true	false	true	engineer_refresher_attendance_log_r2092
true	true	true	true	true	true	true	true	postgres	1	true	false	true	engineer_refresher_training_schedule_r2092
true	true	true	true	true	true	true	true	postgres	1	true	false	true	engineer_regional_density_r2254
true	true	true	true	true	true	true	true	postgres	1	true	false	true	engineer_regional_handover_items_r2286
true	true	true	true	true	true	true	true	postgres	1	true	false	true	engineer_regional_handover_log_r2286
true	true	true	true	true	true	true	true	postgres	1	true	false	true	engineer_regional_supervisors_r2262
true	true	true	true	true	true	true	true	postgres	1	true	false	true	engineer_reimbursement_action_log_r1932
true	true	true	true	true	true	true	true	postgres	1	true	false	true	engineer_relationship_investments_r2654
true	true	true	true	true	true	true	true	postgres	0	true	false	true	engineer_relocation_capa_actions_r3308
true	true	true	true	true	true	true	true	postgres	0	true	false	true	engineer_relocation_r3308
true	true	true	true	true	true	true	true	postgres	1	true	false	true	engineer_repair_hall_of_fame_r1864
true	true	true	true	true	true	true	true	postgres	1	true	false	true	engineer_repair_hof_nominations_r1864
true	true	true	true	true	true	true	true	postgres	1	true	false	true	engineer_repair_job_throughput_r2052
true	true	true	true	true	true	true	true	postgres	1	true	false	true	engineer_repair_time_benchmarks_r1808
true	true	true	true	true	true	true	true	postgres	1	true	false	true	engineer_repair_time_coaching_r1808
true	true	true	true	true	true	true	true	postgres	1	true	false	true	engineer_repeat_action_log_r2120
true	true	true	true	true	true	true	true	postgres	1	true	false	true	engineer_repeat_customer_builder_r2120
true	true	true	true	true	true	true	true	postgres	1	true	false	true	engineer_repeat_customer_builder_v2_r2176
true	true	true	true	true	true	true	true	postgres	1	true	false	true	engineer_repeat_repair_failure_detector_r2168
true	true	true	true	true	true	true	true	postgres	0	true	false	true	engineer_repeat_request_events_r2890
true	true	true	true	true	true	true	true	postgres	1	true	false	true	engineer_repeat_v2_action_log_r2176
true	true	true	true	true	true	true	true	postgres	1	true	false	true	engineer_reschedule_compensations_r1756
true	true	true	true	true	true	true	true	postgres	1	true	false	true	engineer_rest_day_rotation_r2566
true	true	true	true	true	true	true	true	postgres	1	true	false	true	engineer_retention_action_log_r2040
true	true	true	true	true	true	true	true	postgres	1	true	false	true	engineer_retention_actions_r1700
true	true	true	true	true	true	true	true	postgres	1	true	false	true	engineer_retention_attribution_r2578
true	true	true	true	true	true	true	true	postgres	1	true	false	true	engineer_retention_bonus_events
true	true	true	true	true	true	true	true	postgres	1	true	false	true	engineer_retention_bonuses
true	true	true	true	true	true	true	true	postgres	1	true	false	true	engineer_retention_risk_r1700
true	true	true	true	true	true	true	true	postgres	0	true	false	true	engineer_return_material_authorization_rma_defective_part_capa_
true	true	true	true	true	true	true	true	postgres	0	true	false	true	engineer_return_material_authorization_rma_defective_part_r3428
true	true	true	true	true	true	true	true	postgres	1	true	false	true	engineer_review_action_log_r1956
true	true	true	true	true	true	true	true	postgres	1	true	false	true	engineer_roi_anomalies_r1888
true	true	true	true	true	true	true	true	postgres	1	true	false	true	engineer_rotation_balance_log_r2274
true	true	true	true	true	true	true	true	postgres	1	true	false	true	engineer_rotation_roster_r2274
true	true	true	true	true	true	true	true	postgres	1	true	false	true	engineer_rotation_skill_checkpoints_r2694
true	true	true	true	true	true	true	true	postgres	1	true	false	true	engineer_rung_assessments
true	true	true	true	true	true	true	true	postgres	0	true	false	true	engineer_safety_gear_inventory_r2908
true	true	true	true	true	true	true	true	postgres	1	true	false	true	engineer_safety_incident_log_r2698
true	true	true	true	true	true	true	true	postgres	1	true	false	true	engineer_safety_incidents_r1684
true	true	true	true	true	true	true	true	postgres	1	true	false	true	engineer_safety_incidents_r2338
true	true	true	true	true	true	true	true	postgres	1	true	false	true	engineer_safety_incidents_r2450
true	true	true	true	true	true	true	true	postgres	1	true	false	true	engineer_safety_mitigations_r2338
true	true	true	true	true	true	true	true	postgres	1	true	false	true	engineer_safety_monthly_scorecard_r2698
true	true	true	true	true	true	true	true	postgres	1	true	false	true	engineer_safety_rca_actions_r1684
true	true	true	true	true	true	true	true	postgres	1	true	false	true	engineer_safety_scorecards
true	true	true	true	true	true	true	true	postgres	1	true	false	true	engineer_schedule_conflicts_r1920
true	true	true	true	true	true	true	true	postgres	1	true	false	true	engineer_score_card_interventions_r2846
true	true	true	true	true	true	true	true	postgres	1	true	false	true	engineer_scorecard_action_log_r2032
true	true	true	true	true	true	true	true	postgres	1	true	false	true	engineer_second_visit_root_cause_r2618
true	true	true	true	true	true	true	true	postgres	1	true	false	true	engineer_self_assessment_action_log_r2152
true	true	true	true	true	true	true	true	postgres	1	true	false	true	engineer_self_assessment_survey_r2152
true	true	true	true	true	true	true	true	postgres	1	true	false	true	engineer_service_excellence_ranking_r2112
true	true	true	true	true	true	true	true	postgres	1	true	false	true	engineer_shift_handovers_r2454
true	true	true	true	true	true	true	true	postgres	1	true	false	true	engineer_shift_overlap_r2642
true	true	true	true	true	true	true	true	postgres	1	true	false	true	engineer_shift_swaps_r1732
true	true	true	true	true	true	true	true	postgres	1	true	false	true	engineer_shifts_r1732
true	true	true	true	true	true	true	true	postgres	1	true	false	true	engineer_side_gig_compliance_checks_r1768
true	true	true	true	true	true	true	true	postgres	1	true	false	true	engineer_side_gig_disclosures_r1768
true	true	true	true	true	true	true	true	postgres	1	true	false	true	engineer_side_hustle_audit_events_r2742
true	true	true	true	true	true	true	true	postgres	1	true	false	true	engineer_side_hustle_disclosures_r2742
true	true	true	true	true	true	true	true	postgres	1	true	false	true	engineer_side_projects_conversations_v2
true	true	true	true	true	true	true	true	postgres	1	true	false	true	engineer_side_projects_intel_v2
true	true	true	true	true	true	true	true	postgres	1	true	false	true	engineer_side_quest_completions
true	true	true	true	true	true	true	true	postgres	1	true	false	true	engineer_side_quests
true	true	true	true	true	true	true	true	postgres	0	true	false	true	engineer_site_accessibility_actions_r2942
true	true	true	true	true	true	true	true	postgres	0	true	false	true	engineer_site_accessibility_audits_r2942
true	true	true	true	true	true	true	true	postgres	0	true	false	true	engineer_site_credential_capa_actions_r3248
true	true	true	true	true	true	true	true	postgres	0	true	false	true	engineer_site_credential_r3248
true	true	true	true	true	true	true	true	postgres	0	true	false	true	engineer_site_visit_eta_r2902
true	true	true	true	true	true	true	true	postgres	0	true	false	true	engineer_site_visit_mileage_r2918
true	true	true	true	true	true	true	true	postgres	0	true	false	true	engineer_site_visit_signatures_r2930
true	true	true	true	true	true	true	true	postgres	1	true	false	true	engineer_skill_demand_signals_r1844
true	true	true	true	true	true	true	true	postgres	1	true	false	true	engineer_skill_endorsements_r1712
true	true	true	true	true	true	true	true	postgres	1	true	false	true	engineer_skill_gap_diagnostics_r2084
true	true	true	true	true	true	true	true	postgres	1	true	false	true	engineer_skill_gap_resolution_log_r2084
true	true	true	true	true	true	true	true	postgres	1	true	false	true	engineer_skill_gap_revenue_link_actions_r2214
true	true	true	true	true	true	true	true	postgres	1	true	false	true	engineer_skill_gap_revenue_link_r2214
true	true	true	true	true	true	true	true	postgres	1	true	false	true	engineer_skill_inventory_r2414
true	true	true	true	true	true	true	true	postgres	1	true	false	true	engineer_skill_matrix_r2766
true	true	true	true	true	true	true	true	postgres	1	true	false	true	engineer_skill_revalidation_log_r1944
true	true	true	true	true	true	true	true	postgres	1	true	false	true	engineer_skill_summaries_r1712
true	true	true	true	true	true	true	true	postgres	1	true	false	true	engineer_skill_validation_audits_r1944
true	true	true	true	true	true	true	true	postgres	0	true	false	true	engineer_skills_proficiency
true	true	true	true	true	true	true	true	postgres	0	true	false	true	engineer_skills_taxonomy
true	true	true	true	true	true	true	true	postgres	1	true	false	true	engineer_soft_ip_assets_r3001
true	true	true	true	true	true	true	true	postgres	1	true	false	true	engineer_spare_courier_dispatches_r2570
true	true	true	true	true	true	true	true	postgres	1	true	false	true	engineer_spare_parts_inventory_r2156
true	true	true	true	true	true	true	true	postgres	1	true	false	true	engineer_spare_parts_orders_r1728
true	true	true	true	true	true	true	true	postgres	1	true	false	true	engineer_spare_parts_prediction_accuracy_r2726
true	true	true	true	true	true	true	true	postgres	1	true	false	true	engineer_spare_parts_usage_r1728
false	false	false	false	true	true	true	true	postgres	0	true	false	true	engineer_specialization_audit_findings_r2948
true	true	true	true	true	true	true	true	postgres	1	true	false	true	engineer_specialization_depth_r2534
true	true	true	true	true	true	true	true	postgres	1	true	false	true	engineer_specialization_milestone_log_r1916
true	true	true	true	true	true	true	true	postgres	1	true	false	true	engineer_specialty_cert_ladders_r1972
true	true	true	true	true	true	true	true	postgres	1	true	false	true	engineer_specialty_decisions_r2330
true	true	true	true	true	true	true	true	postgres	1	true	false	true	engineer_specialty_milestone_log_r1972
true	true	true	true	true	true	true	true	postgres	1	true	false	true	engineer_specialty_recommendations_r2330
true	true	true	true	true	true	true	true	postgres	1	true	false	true	engineer_spotlight_reviewer_notes_r1776
true	true	true	true	true	true	true	true	postgres	1	true	false	true	engineer_sterilization_cycle_r3042
true	true	true	true	true	true	true	true	postgres	1	true	false	true	engineer_story_share_log_r2088
true	true	true	true	true	true	true	true	postgres	1	true	false	true	engineer_supervisor_feedback_r2602
true	true	true	true	true	true	true	true	postgres	1	true	false	true	engineer_suspension_audit
true	true	true	true	true	true	true	true	postgres	1	true	false	true	engineer_suspension_reviews
true	true	true	true	true	true	true	true	postgres	2	true	false	true	engineer_tax_filing_assists
false	false	false	false	true	true	true	true	postgres	1	true	false	true	engineer_tax_residency_profiles_r3089
true	true	true	true	true	true	true	true	postgres	1	true	false	true	engineer_team_pairings_r2590
true	true	true	true	true	true	true	true	postgres	1	true	false	true	engineer_tenure_bonus_queue_v2
true	true	true	true	true	true	true	true	postgres	1	true	false	true	engineer_tenure_milestone_awards_v2
true	true	true	true	true	true	true	true	postgres	1	true	false	true	engineer_tenure_quality_cohorts_r2326
true	true	true	true	true	true	true	true	postgres	1	true	false	true	engineer_tenure_quality_points_r2326
true	true	true	true	true	true	true	true	postgres	0	true	false	true	engineer_test_equipment_capa_actions_r3144
true	true	true	true	true	true	true	true	postgres	0	true	false	true	engineer_test_equipment_r3144
true	true	true	true	true	true	true	true	postgres	1	true	false	true	engineer_thank_you_notes_r2622
true	true	true	true	true	true	true	true	postgres	1	true	false	true	engineer_thaw_attempts_r2822
true	true	true	true	true	true	true	true	postgres	1	true	false	true	engineer_thaw_rebuild_verdicts_r2822
true	true	true	true	true	true	true	true	postgres	1	true	false	true	engineer_throughput_action_log_r2052
false	false	false	false	false	false	false	false	postgres	0	true	false	true	engineer_tier_history
true	true	true	true	true	true	true	true	postgres	1	true	false	true	engineer_tier_milestone_gaps_r2794
true	true	true	true	true	true	true	true	postgres	1	true	false	true	engineer_tier_momentum_r2506
true	true	true	true	true	true	true	true	postgres	1	true	false	true	engineer_tier_promotion_events_r2973
true	true	true	true	true	true	true	true	postgres	1	true	false	true	engineer_tier_readiness_snapshots_r2794
true	true	true	true	true	true	true	true	postgres	1	true	false	true	engineer_tier_retention_cohorts_r2973
true	true	true	true	true	true	true	true	postgres	1	true	false	true	engineer_tier_upgrade_velocity_r2136
true	true	true	true	true	true	true	true	postgres	1	true	false	true	engineer_time_on_task_daily_r2498
true	true	true	true	true	true	true	true	postgres	1	true	false	true	engineer_tip_action_log_r2012
true	true	true	true	true	true	true	true	postgres	1	true	false	true	engineer_tool_borrow_events_r2868
true	true	true	true	true	true	true	true	postgres	0	true	false	true	engineer_tool_box_audits_r2886
true	true	true	true	true	true	true	true	postgres	1	true	false	true	engineer_tool_calibration_schedule_r2128
true	true	true	true	true	true	true	true	postgres	1	true	false	true	engineer_tool_inventory_r1720
true	true	true	true	true	true	true	true	postgres	1	true	false	true	engineer_tool_inventory_r1904
true	true	true	true	true	true	true	true	postgres	1	true	false	true	engineer_tool_inventory_r2434
true	true	true	true	true	true	true	true	postgres	1	true	false	true	engineer_tool_kit_audits_r2686
true	true	true	true	true	true	true	true	postgres	1	true	false	true	engineer_tool_kit_replenish_orders_r2686
true	true	true	true	true	true	true	true	postgres	1	true	false	true	engineer_tool_lending_action_log_r2064
true	true	true	true	true	true	true	true	postgres	1	true	false	true	engineer_tool_lending_library_r2064
true	true	true	true	true	true	true	true	postgres	1	true	false	true	engineer_tool_lifecycle_log_r1904
true	true	true	true	true	true	true	true	postgres	1	true	false	true	engineer_tool_losses_r2486
true	true	true	true	true	true	true	true	postgres	1	true	false	true	engineer_tool_replacement_queue_r1720
true	true	true	true	true	true	true	true	postgres	1	true	false	true	engineer_toolkit_audit_actions_r2198
true	true	true	true	true	true	true	true	postgres	1	true	false	true	engineer_toolkit_audits_r2198
true	true	true	true	true	true	true	true	postgres	1	true	false	true	engineer_trade_show_attendance_r2778
true	true	true	true	true	true	true	true	postgres	1	true	false	true	engineer_trade_show_lead_followup_r2778
true	true	true	true	true	true	true	true	postgres	1	true	false	true	engineer_training_actions_r2212
true	true	true	true	true	true	true	true	postgres	1	true	false	true	engineer_training_assignments_r2302
true	true	true	true	true	true	true	true	postgres	1	true	false	true	engineer_training_attendance
true	true	true	true	true	true	true	true	postgres	0	true	false	true	engineer_training_capa_actions_r3180
true	true	true	true	true	true	true	true	postgres	1	true	false	true	engineer_training_milestone_log_r1912
true	true	true	true	true	true	true	true	postgres	1	true	false	true	engineer_training_modules_r1796
true	true	true	true	true	true	true	true	postgres	1	true	false	true	engineer_training_programs
true	true	true	true	true	true	true	true	postgres	0	true	false	true	engineer_training_r3180
true	true	true	true	true	true	true	true	postgres	1	true	false	true	engineer_training_videos_r2212
true	true	true	true	true	true	true	true	postgres	1	true	false	true	engineer_transfer_coverage_snapshots
true	true	true	true	true	true	true	true	postgres	1	true	false	true	engineer_transfer_requests
true	true	true	true	true	true	true	true	postgres	1	true	false	true	engineer_transport_claim_events_r2242
true	true	true	true	true	true	true	true	postgres	1	true	false	true	engineer_transport_claims_r2242
true	true	true	true	true	true	true	true	postgres	1	true	false	true	engineer_travel_action_log_r2004
true	true	true	true	true	true	true	true	postgres	1	true	false	true	engineer_travel_optimization_actions_r2354
true	true	true	true	true	true	true	true	postgres	1	true	false	true	engineer_travel_optimization_tickets_r1668
true	true	true	true	true	true	true	true	postgres	1	true	false	true	engineer_travel_reimbursements_r1932
true	true	true	true	true	true	true	true	postgres	1	true	false	true	engineer_travel_time_logs_r2354
true	true	true	true	true	true	true	true	postgres	1	true	false	true	engineer_travel_time_tracker_r2004
true	true	true	true	true	true	true	true	postgres	1	true	false	true	engineer_travel_weeks_r1668
true	true	true	true	true	true	true	true	postgres	1	true	false	true	engineer_trip_reports
true	true	true	true	true	true	true	true	postgres	0	true	false	true	engineer_truck_audits_r2914
true	true	true	true	true	true	true	true	postgres	1	true	false	true	engineer_truck_rolls_r2502
true	true	true	true	true	true	true	true	postgres	1	true	false	true	engineer_trust_action_log_r2072
true	true	true	true	true	true	true	true	postgres	1	true	false	true	engineer_trust_credit_r2574
true	true	true	true	true	true	true	true	postgres	1	true	false	true	engineer_trust_recovery_r2626
true	true	true	true	true	true	true	true	postgres	1	true	false	true	engineer_upgrade_action_log_r2136
true	true	true	true	true	true	true	true	postgres	1	true	false	true	engineer_upskill_actions_r2766
true	true	true	true	true	true	true	true	postgres	1	true	false	true	engineer_utilization_actions_r2218
true	true	true	true	true	true	true	true	postgres	1	true	false	true	engineer_vacation_requests_r2350
true	true	true	true	true	true	true	true	postgres	1	true	false	true	engineer_vehicle_arrival_monthly_summary_r2860
true	true	true	true	true	true	true	true	postgres	1	true	false	true	engineer_vehicle_arrival_style_r2860
true	true	true	true	true	true	true	true	postgres	1	true	false	true	engineer_vehicle_damage_incidents_r1824
true	true	true	true	true	true	true	true	postgres	1	true	false	true	engineer_vehicle_downtime_r2278
true	true	true	true	true	true	true	true	postgres	0	true	false	true	engineer_vehicle_fuel_logs_r2918
true	true	true	true	true	true	true	true	postgres	1	true	false	true	engineer_vehicle_insurance_claims_r1824
true	true	true	true	true	true	true	true	postgres	1	true	false	true	engineer_vehicle_maintenance_r1716
true	true	true	true	true	true	true	true	postgres	1	true	false	true	engineer_vehicle_trips_r2426
true	true	true	true	true	true	true	true	postgres	1	true	false	true	engineer_vehicles_r1716
true	true	true	true	true	true	true	true	postgres	1	true	false	true	engineer_vehicles_r2710
true	true	true	true	true	true	true	true	postgres	1	true	false	true	engineer_vendor_action_log_r2802
true	true	true	true	true	true	true	true	postgres	1	true	false	true	engineer_vendor_feedback_r1868
true	true	true	true	true	true	true	true	postgres	1	true	false	true	engineer_vendor_feedback_summary_r1868
true	true	true	true	true	true	true	true	postgres	1	true	false	true	engineer_vendor_relationship_strength_r2802
true	true	true	true	true	true	true	true	postgres	1	true	false	true	engineer_vertical_revenue_r2398
true	true	true	true	true	true	true	true	postgres	1	true	false	true	engineer_vertical_tilt_r2398
false	false	false	false	true	true	true	true	postgres	1	true	false	true	engineer_vip_site_recognition_r2946
true	true	true	true	true	true	true	true	postgres	1	true	false	true	engineer_visit_action_log_r2016
false	false	false	false	true	true	true	true	postgres	1	true	false	true	engineer_visit_schedule_optimization_r2976
true	true	true	true	true	true	true	true	postgres	1	true	false	true	engineer_visit_survey_action_log_r1992
true	true	true	true	true	true	true	true	postgres	1	true	false	true	engineer_voice_call_audits_r2238
true	true	true	true	true	true	true	true	postgres	1	true	false	true	engineer_voice_call_scores_r2238
true	true	true	true	true	true	true	true	postgres	1	true	false	true	engineer_voice_suggestions_r2362
true	true	true	true	true	true	true	true	postgres	1	true	false	true	engineer_voice_upvotes_r2362
true	true	true	true	true	true	true	true	postgres	1	true	false	true	engineer_wage_action_log_r2144
true	true	true	true	true	true	true	true	postgres	1	true	false	true	engineer_wage_arrears_alerts
true	true	true	true	true	true	true	true	postgres	1	true	false	true	engineer_wage_arrears_clearance_log
true	true	true	true	true	true	true	true	postgres	1	true	false	true	engineer_wage_equity_audit_r2144
true	true	true	true	true	true	true	true	postgres	0	true	false	true	engineer_wearable_compliance_checks_r2908
true	true	true	true	true	true	true	true	postgres	1	true	false	true	engineer_weekend_ot_logs_r2526
true	true	true	true	true	true	true	true	postgres	1	true	false	true	engineer_wellbeing_cycles
true	true	true	true	true	true	true	true	postgres	1	true	false	true	engineer_wellbeing_responses
true	true	true	true	true	true	true	true	postgres	1	true	false	true	engineer_wellness_actions
true	true	true	true	true	true	true	true	postgres	1	true	false	true	engineer_wellness_checkins
true	true	true	true	true	true	true	true	postgres	1	true	false	true	engineer_wifi_data_use_events_r3008
true	true	true	true	true	true	true	true	postgres	1	true	false	true	engineer_workload_action_log_r2048
true	true	true	true	true	true	true	true	postgres	1	true	false	true	engineer_workload_distribution_r2080
true	true	true	true	true	true	true	true	postgres	1	true	false	true	engineering_blog_articles_r2881
true	true	true	true	true	true	true	true	postgres	1	true	false	true	engineering_blog_topic_signals_r2881
false	false	false	false	true	true	true	true	postgres	1	true	false	true	engineering_roadmap_items_r2985
false	false	false	false	true	true	true	true	postgres	1	true	false	true	engineering_roadmap_variance_findings_r2985
false	false	true	false	false	true	true	true	postgres	3	true	false	true	engineers
true	true	true	true	true	true	true	true	postgres	3	true	false	true	enrollments
true	true	true	true	true	true	true	true	postgres	1	true	false	true	ent_endoscope_brush_wear_r3071
true	true	true	true	true	true	true	true	postgres	1	true	false	true	ent_endoscope_cross_contam_r3071
true	true	true	true	true	true	true	true	postgres	0	true	false	true	ent_stroboscopy_qc_capa_actions_r3314
true	true	true	true	true	true	true	true	postgres	0	true	false	true	ent_stroboscopy_qc_r3314
true	true	true	true	true	true	true	true	postgres	0	true	false	true	ent_surgical_qc_capa_actions_r3422
true	true	true	true	true	true	true	true	postgres	0	true	false	true	ent_surgical_qc_r3422
true	true	true	true	true	true	true	true	postgres	0	true	false	true	enteral_feeding_pump_capa_actions_r3286
true	true	true	true	true	true	true	true	postgres	0	true	false	true	enteral_feeding_pump_r3286
true	true	true	true	true	true	true	true	postgres	1	true	false	true	eol_economics_decisions_r2632
true	true	true	true	true	true	true	true	postgres	1	true	false	true	eol_equipment_candidates_r2296
true	true	true	true	true	true	true	true	postgres	1	true	false	true	eol_replacement_quotes_r2296
true	true	true	true	true	true	true	true	postgres	0	true	false	true	ep_lab_qc_capa_actions_r3319
true	true	true	true	true	true	true	true	postgres	0	true	false	true	ep_lab_qc_r3319
false	false	false	false	false	false	false	false	postgres	3	true	false	true	equipment
true	true	true	true	true	true	true	true	postgres	2	true	false	true	equipment_categories
true	true	true	true	true	true	true	true	postgres	1	true	false	true	equipment_cleaning_protocols_r2748
true	true	true	true	true	true	true	true	postgres	1	true	false	true	equipment_cybersecurity_posture_r2540
true	true	true	true	true	true	true	true	postgres	1	true	false	true	equipment_data_bridge_r2564
true	true	true	true	true	true	true	true	postgres	1	true	false	true	equipment_data_portability_r2584
true	true	true	true	true	true	true	true	postgres	1	true	false	true	equipment_end_of_life_r2472
true	true	true	true	true	true	true	true	postgres	1	true	false	true	equipment_failure_log_r2420
true	true	true	true	true	true	true	true	postgres	1	true	false	true	equipment_handover_runs_r2508
true	true	true	true	true	true	true	true	postgres	1	true	false	true	equipment_lcc_ledger_r2780
true	true	true	true	true	true	true	true	postgres	1	true	false	true	equipment_lcc_monthly_snapshots_r2780
true	true	true	true	true	true	true	true	postgres	1	true	false	true	equipment_loaner_deployments_r2528
false	false	true	false	false	false	true	false	postgres	1	true	false	true	equipment_pm_intervals
false	false	true	false	false	false	true	false	postgres	1	true	false	true	equipment_pm_schedule
true	true	true	true	true	true	true	true	postgres	1	true	false	true	equipment_replacement_quotes_r2472
false	false	true	false	false	false	true	false	postgres	2	true	false	true	equipment_taxonomy_class
true	true	true	true	true	true	true	true	postgres	1	true	false	true	equipment_upsell_actions_r2499
true	true	true	true	true	true	true	true	postgres	1	true	false	true	equipment_utilization_spikes_r2440
true	true	true	true	true	true	true	true	postgres	1	true	false	true	equity_grants_r2741
true	true	true	true	true	true	true	true	postgres	1	true	false	true	escalated_tickets_r2352
true	true	true	true	true	true	true	true	postgres	0	true	false	true	escalation_l1_l2_l3_sla_capa_actions_r3436
true	true	true	true	true	true	true	true	postgres	0	true	false	true	escalation_l1_l2_l3_sla_r3436
true	true	true	true	true	true	true	true	postgres	0	true	false	true	escalation_save_capa_actions_r3200
true	true	true	true	true	true	true	true	postgres	0	true	false	true	escalation_save_r3200
true	true	true	true	true	true	true	true	postgres	1	true	false	true	escalation_steps_r2352
true	true	true	true	true	true	true	true	postgres	0	true	false	true	esd_static_control_capa_actions_r3372
true	true	true	true	true	true	true	true	postgres	0	true	false	true	esd_static_control_r3372
true	true	true	true	true	true	true	true	postgres	0	true	false	true	esg_brsr_metrics_capa_actions_r3409
true	true	true	true	true	true	true	true	postgres	0	true	false	true	esg_brsr_metrics_r3409
true	true	true	true	true	true	true	true	postgres	1	true	false	true	esg_letter_audit_findings_r2917
true	true	true	true	true	true	true	true	postgres	1	true	false	true	esg_letter_drafts_r2917
true	true	true	true	true	true	true	true	postgres	1	true	false	true	esop_employee_impact_r2421
true	true	true	true	true	true	true	true	postgres	0	true	false	true	esop_grants_capa_actions_r3225
true	true	true	true	true	true	true	true	postgres	0	true	false	true	esop_grants_r3225
true	true	true	true	true	true	true	true	postgres	0	true	false	true	esop_liquidity_capa_actions_r3301
true	true	true	true	true	true	true	true	postgres	0	true	false	true	esop_liquidity_r3301
true	true	true	true	true	true	true	true	postgres	0	true	false	true	esr_analyzer_qc_capa_actions_r3523
true	true	true	true	true	true	true	true	postgres	0	true	false	true	esr_analyzer_qc_r3523
true	true	true	true	true	true	true	true	postgres	0	true	false	true	essential_principles_capa_actions_r3643
true	true	true	true	true	true	true	true	postgres	0	true	false	true	essential_principles_r3643
true	true	true	true	true	true	true	true	postgres	0	true	false	true	estate_beneficiary_designations_r3133
true	true	true	true	true	true	true	true	postgres	0	true	false	true	estate_instruments_r3133
true	true	true	true	true	true	true	true	postgres	0	true	false	true	esu_output_power_audits_r3110
true	true	true	true	true	true	true	true	postgres	0	true	false	true	esu_plate_capa_findings_r3110
true	true	true	true	true	true	true	true	postgres	0	true	false	true	eswt_qc_capa_actions_r3590
true	true	true	true	true	true	true	true	postgres	0	true	false	true	eswt_qc_r3590
true	true	true	true	true	true	true	true	postgres	0	true	false	true	eva_board_capa_actions_r3602
true	true	true	true	true	true	true	true	postgres	0	true	false	true	eva_board_r3602
true	true	true	true	true	true	true	true	postgres	1	true	false	true	event_bond_followups_r2560
true	true	true	true	true	true	true	true	postgres	1	true	false	true	event_followup_outcomes_r2511
false	false	true	false	false	false	true	false	postgres	1	true	false	true	evidence_ledger
true	true	true	true	true	true	true	true	postgres	0	true	false	true	ewaste_disposal_capa_actions_r3348
true	true	true	true	true	true	true	true	postgres	0	true	false	true	ewaste_disposal_r3348
true	true	true	true	true	true	true	true	postgres	0	true	false	true	exam_procedure_light_qc_capa_actions_r3506
true	true	true	true	true	true	true	true	postgres	0	true	false	true	exam_procedure_light_qc_r3506
true	true	true	true	true	true	true	true	postgres	1	true	false	true	exec_event_follow_ups_r2635
true	true	true	true	true	true	true	true	postgres	1	true	false	true	expense_audit_findings_r2290
true	true	true	true	true	true	true	true	postgres	1	true	false	true	expense_audit_samples_r2290
true	true	true	true	true	true	true	true	postgres	1	true	false	true	experiment_decisions_r2785
true	true	true	true	true	true	true	true	postgres	0	true	false	true	export_incentive_capa_actions_r3625
true	true	true	true	true	true	true	true	postgres	0	true	false	true	export_incentive_r3625
true	true	true	true	true	true	true	true	postgres	1	true	false	true	external_advisor_advice_items_r2253
true	true	true	true	true	true	true	true	postgres	1	true	false	true	external_advisor_roundtables_r2253
true	true	true	true	true	true	true	true	postgres	1	true	false	true	external_auditor_engagements_r2993
true	true	true	true	true	true	true	true	postgres	0	true	false	true	eyewash_station_audits_r2934
true	true	true	true	true	true	true	true	postgres	0	true	false	true	facility_bms_capa_actions_r3281
true	true	true	true	true	true	true	true	postgres	0	true	false	true	facility_bms_r3281
true	true	true	true	true	true	true	true	postgres	0	true	false	true	factory_license_capa_actions_r3731
true	true	true	true	true	true	true	true	postgres	0	true	false	true	factory_license_r3731
false	false	false	false	true	true	true	true	postgres	1	true	false	true	family_office_risk_audit_findings_r3093
false	false	false	false	true	true	true	true	postgres	1	true	false	true	family_office_wealth_positions_r3093
true	true	true	true	true	true	true	true	postgres	1	true	false	true	family_time_recovery_actions_r2653
true	true	true	true	true	true	true	true	postgres	1	true	false	true	fatigue_block_actions_r2538
true	true	true	true	true	true	true	true	postgres	0	true	false	true	fault_code_errorlog_capa_actions_r3444
true	true	true	true	true	true	true	true	postgres	0	true	false	true	fault_code_errorlog_r3444
true	true	true	true	true	true	true	true	postgres	0	true	false	true	fcf_bridge_capa_actions_r3585
true	true	true	true	true	true	true	true	postgres	0	true	false	true	fcf_bridge_r3585
true	true	true	true	true	true	true	true	postgres	0	true	false	true	fd_treasury_capa_actions_r3628
true	true	true	true	true	true	true	true	postgres	0	true	false	true	fd_treasury_r3628
true	true	true	true	true	true	true	true	postgres	1	true	false	true	fda_compliance_spot_audits_r3000
true	true	true	true	true	true	true	true	postgres	1	true	false	true	feature_adoption_verdict_r2738
true	true	true	true	true	true	true	true	postgres	0	true	false	true	feature_flag_capa_actions_r3702
true	true	true	true	true	true	true	true	postgres	0	true	false	true	feature_flag_r3702
true	true	true	true	true	true	true	true	postgres	1	true	false	true	feature_request_scoring_log_r2456
true	true	true	true	true	true	true	true	postgres	1	true	false	true	feature_stuck_user_help_r2562
true	true	true	true	true	true	true	true	postgres	1	true	false	true	feedback_growth_outcomes_r2602
true	true	true	true	true	true	true	true	postgres	1	true	false	true	feedback_root_cause_metrics_r2432
true	true	true	true	true	true	true	true	postgres	1	true	false	true	feedback_wave_actions_r2520
false	false	false	false	true	true	true	true	postgres	1	true	false	true	female_engineer_site_comfort_r2952
false	false	false	false	true	true	true	true	postgres	1	true	false	true	female_engineer_site_incidents_r2952
true	true	true	true	true	true	true	true	postgres	1	true	false	true	festival_engineer_prep_actions_r2572
true	true	true	true	true	true	true	true	postgres	1	true	false	true	festival_fleet_readiness_assessments_r2883
true	true	true	true	true	true	true	true	postgres	1	true	false	true	festival_oncall_engineer_rotations_r2883
true	true	true	true	true	true	true	true	postgres	0	true	false	true	fetal_monitor_capa_actions_r3202
true	true	true	true	true	true	true	true	postgres	0	true	false	true	fetal_monitor_r3202
true	true	true	true	true	true	true	true	postgres	0	true	false	true	fetal_scalp_ph_qc_capa_actions_r3538
true	true	true	true	true	true	true	true	postgres	0	true	false	true	fetal_scalp_ph_qc_r3538
true	true	true	true	true	true	true	true	postgres	0	true	false	true	fibroscan_qc_capa_actions_r3519
true	true	true	true	true	true	true	true	postgres	0	true	false	true	fibroscan_qc_r3519
true	true	true	true	true	true	true	true	postgres	0	true	false	true	field_app_adoption_capa_actions_r3580
true	true	true	true	true	true	true	true	postgres	0	true	false	true	field_app_adoption_r3580
true	true	true	true	true	true	true	true	postgres	0	true	false	true	field_safety_capa_actions_r3224
true	true	true	true	true	true	true	true	postgres	0	true	false	true	field_safety_r3224
true	true	true	true	true	true	true	true	postgres	1	true	false	true	field_service_pricing_actions_r2344
true	true	true	true	true	true	true	true	postgres	1	true	false	true	field_service_pricing_benchmarks_r2344
true	true	true	true	true	true	true	true	postgres	0	true	false	true	field_service_productivity_capa_actions_r3316
true	true	true	true	true	true	true	true	postgres	0	true	false	true	field_service_productivity_r3316
true	true	true	true	true	true	true	true	postgres	1	true	false	true	finance_counterpart_touchpoints_r2491
true	true	true	true	true	true	true	true	postgres	1	true	false	true	financial_decision_reviews_r2597
true	true	true	true	true	true	true	true	postgres	1	true	false	true	financial_wellness_planning_actions_r2598
true	true	true	true	true	true	true	true	postgres	3	true	false	true	financing_applications
true	true	true	true	true	true	true	true	postgres	3	true	false	true	financing_partners
true	true	true	true	true	true	true	true	postgres	0	true	false	true	fire_safety_capa_actions_r3195
true	true	true	true	true	true	true	true	postgres	0	true	false	true	fire_safety_r3195
true	true	true	true	true	true	true	true	postgres	0	true	false	true	firmware_update_rollout_capa_actions_r3244
true	true	true	true	true	true	true	true	postgres	0	true	false	true	firmware_update_rollout_r3244
true	true	true	true	true	true	true	true	postgres	0	true	false	true	first_aid_kit_audits_r2934
true	true	true	true	true	true	true	true	postgres	0	true	false	true	first_contact_resolution_capa_actions_r3452
true	true	true	true	true	true	true	true	postgres	0	true	false	true	first_contact_resolution_r3452
true	true	true	true	true	true	true	true	postgres	0	true	false	true	first_line_operator_care_capa_actions_r3496
true	true	true	true	true	true	true	true	postgres	0	true	false	true	first_line_operator_care_r3496
true	true	true	true	true	true	true	true	postgres	0	true	false	true	first_time_fix_capa_actions_r3172
true	true	true	true	true	true	true	true	postgres	0	true	false	true	first_time_fix_r3172
true	true	true	true	true	true	true	true	postgres	1	true	false	true	first_value_action_log_r2512
true	true	true	true	true	true	true	true	postgres	0	true	false	true	fixed_asset_register_capa_actions_r3273
true	true	true	true	true	true	true	true	postgres	0	true	false	true	fixed_asset_register_r3273
true	true	true	true	true	true	true	true	postgres	1	true	false	true	fleet_renewal_milestones_r2623
true	true	true	true	true	true	true	true	postgres	0	true	false	true	fleet_statutory_capa_actions_r3685
true	true	true	true	true	true	true	true	postgres	0	true	false	true	fleet_statutory_r3685
true	true	true	true	true	true	true	true	postgres	0	true	false	true	flexi_benefits_capa_actions_r3752
true	true	true	true	true	true	true	true	postgres	0	true	false	true	flexi_benefits_r3752
true	true	true	true	true	true	true	true	postgres	1	true	false	true	floor_marking_tape_inspections_r2996
true	true	true	true	true	true	true	true	postgres	1	true	false	true	floor_marking_tape_replacements_r2996
true	true	true	true	true	true	true	true	postgres	0	true	false	true	flow_cytometer_qc_capa_actions_r3451
true	true	true	true	true	true	true	true	postgres	0	true	false	true	flow_cytometer_qc_r3451
true	true	true	true	true	true	true	true	postgres	0	true	false	true	forecast_driver_capa_actions_r3389
true	true	true	true	true	true	true	true	postgres	0	true	false	true	forecast_driver_r3389
true	true	true	true	true	true	true	true	postgres	0	true	false	true	forklift_mhe_capa_actions_r3686
true	true	true	true	true	true	true	true	postgres	0	true	false	true	forklift_mhe_r3686
true	true	true	true	true	true	true	true	postgres	1	true	false	true	founder_1200_ship_reflection_r2026
true	true	true	true	true	true	true	true	postgres	1	true	false	true	founder_1200_ship_signal_log_r2026
true	true	true	true	true	true	true	true	postgres	1	true	false	true	founder_1300_ship_memo_r2126
true	true	true	true	true	true	true	true	postgres	1	true	false	true	founder_1300_ship_reaction_log_r2126
true	true	true	true	true	true	true	true	postgres	1	true	false	true	founder_1400_ships_memos_r2230
true	true	true	true	true	true	true	true	postgres	1	true	false	true	founder_1400_ships_reactions_r2230
true	true	true	true	true	true	true	true	postgres	1	true	false	true	founder_1500_gift_commitments_r2293
true	true	true	true	true	true	true	true	postgres	1	true	false	true	founder_1500_milestone_plans_r2293
true	true	true	true	true	true	true	true	postgres	1	true	false	true	founder_1500_ships_milestone_lessons_r2329
true	true	true	true	true	true	true	true	postgres	1	true	false	true	founder_1500_ships_milestone_memo_r2329
true	true	true	true	true	true	true	true	postgres	1	true	false	true	founder_150_batch_memo_r1898
true	true	true	true	true	true	true	true	postgres	1	true	false	true	founder_150_batch_reactions_r1898
true	true	true	true	true	true	true	true	postgres	1	true	false	true	founder_180_batch_reaction_r2018
true	true	true	true	true	true	true	true	postgres	1	true	false	true	founder_180_batch_reflection_r2018
true	true	true	true	true	true	true	true	postgres	1	true	false	true	founder_190_batch_retrospective_r2058
true	true	true	true	true	true	true	true	postgres	1	true	false	true	founder_190_retrospective_reactions_r2058
true	true	true	true	true	true	true	true	postgres	1	true	false	true	founder_200_batch_anniversary_memo_r2098
true	true	true	true	true	true	true	true	postgres	1	true	false	true	founder_210_batch_pulse_memo_r2138
true	true	true	true	true	true	true	true	postgres	1	true	false	true	founder_220_batch_milestone_memo_r2178
true	true	true	true	true	true	true	true	postgres	1	true	false	true	founder_220_reaction_log_r2178
true	true	true	true	true	true	true	true	postgres	1	true	false	true	founder_270_batch_patterns_r2385
true	true	true	true	true	true	true	true	postgres	1	true	false	true	founder_409a_esop_repricing_triggers
true	true	true	true	true	true	true	true	postgres	1	true	false	true	founder_409a_valuations
true	true	true	true	true	true	true	true	postgres	1	true	false	true	founder_800_heavy_milestone_memo_r2190
true	true	true	true	true	true	true	true	postgres	1	true	false	true	founder_800_heavy_reaction_log_r2190
false	false	false	false	true	true	true	true	postgres	1	true	false	true	founder_acquihire_due_diligence_r1746
false	false	false	false	true	true	true	true	postgres	1	true	false	true	founder_acquihire_pipeline_r1746
true	true	true	true	true	true	true	true	postgres	1	true	false	true	founder_acquisition_touchpoints
false	true	false	false	false	true	true	false	postgres	4	true	false	true	founder_action_log
true	true	true	true	true	true	true	true	postgres	1	true	false	true	founder_advisory_board_r2613
true	true	true	true	true	true	true	true	postgres	1	true	false	true	founder_ai_triage_feedback
true	true	true	true	true	true	true	true	postgres	1	true	false	true	founder_ai_triage_model_versions
true	true	true	true	true	true	true	true	postgres	1	true	false	true	founder_ai_triage_predictions
true	true	true	true	true	true	true	true	postgres	1	true	false	true	founder_alignment_action_log_r2146
true	true	true	true	true	true	true	true	postgres	1	true	false	true	founder_all_hands_meetings
true	true	true	true	true	true	true	true	postgres	1	true	false	true	founder_all_hands_questions
true	true	true	true	true	true	true	true	postgres	1	true	false	true	founder_allocation_action_log_r2102
true	true	true	true	true	true	true	true	postgres	1	true	false	true	founder_anniversary_signal_log_r2098
true	true	true	true	true	true	true	true	postgres	1	true	false	true	founder_annual_budget_lines
true	true	true	true	true	true	true	true	postgres	1	true	false	true	founder_annual_budgets
true	true	true	true	true	true	true	true	postgres	1	true	false	true	founder_annual_goal_quarterly_progress_r1794
true	true	true	true	true	true	true	true	postgres	1	true	false	true	founder_annual_goals_r1794
true	true	true	true	true	true	true	true	postgres	1	true	false	true	founder_annual_plan_lessons
true	true	true	true	true	true	true	true	postgres	1	true	false	true	founder_annual_plan_pillars
true	true	true	true	true	true	true	true	postgres	1	true	false	true	founder_annual_plan_roi
true	true	true	true	true	true	true	true	postgres	1	true	false	true	founder_annual_plans
true	true	true	true	true	true	true	true	postgres	1	true	false	true	founder_annual_themes_r1974
true	true	true	true	true	true	true	true	postgres	1	true	false	true	founder_anti_patterns_r2509
true	true	true	true	true	true	true	true	postgres	1	true	false	true	founder_arr_snapshots_v2
true	true	true	true	true	true	true	true	postgres	1	true	false	true	founder_arr_weekly_reviews_v2
false	false	false	false	false	false	false	false	postgres	1	true	false	true	founder_ats_interview_panels
false	false	false	false	false	false	false	false	postgres	1	true	false	true	founder_ats_offers
true	true	true	true	true	true	true	true	postgres	0	true	false	true	founder_authority_signals_r3125
true	true	true	true	true	true	true	true	postgres	1	true	false	true	founder_backchannel_action_log_r2086
true	true	true	true	true	true	true	true	postgres	1	true	false	true	founder_backlog_events_r2245
true	true	true	true	true	true	true	true	postgres	1	true	false	true	founder_backlog_items_r2245
true	true	true	true	true	true	true	true	postgres	1	true	false	true	founder_bank_facilities_r2297
true	true	true	true	true	true	true	true	postgres	1	true	false	true	founder_bank_relationships_r2297
true	true	true	true	true	true	true	true	postgres	1	true	false	true	founder_batch_retrospective_entries_r2265
true	true	true	true	true	true	true	true	postgres	1	true	false	true	founder_bet_assessments_r1906
true	true	true	true	true	true	true	true	postgres	1	true	false	true	founder_bet_outcome_action_log_r2186
true	true	true	true	true	true	true	true	postgres	1	true	false	true	founder_bet_patterns_r2841
true	true	true	true	true	true	true	true	postgres	1	true	false	true	founder_bizdev_pipeline_activity
true	true	true	true	true	true	true	true	postgres	1	true	false	true	founder_bizdev_pipeline_deals
true	true	true	true	true	true	true	true	postgres	1	true	false	true	founder_board_checklist_items_v2
true	true	true	true	true	true	true	true	postgres	1	true	false	true	founder_board_deck_sections_r2501
true	true	true	true	true	true	true	true	postgres	1	true	false	true	founder_board_investor_sentiment_r2657
false	false	false	false	false	false	false	false	postgres	1	true	false	true	founder_board_meeting_action_items
true	true	true	true	true	true	true	true	postgres	1	true	false	true	founder_board_meeting_attendance_r1918
false	false	false	false	false	false	false	false	postgres	1	true	false	true	founder_board_meetings
true	true	true	true	true	true	true	true	postgres	1	true	false	true	founder_board_meetings_v2
true	true	true	true	true	true	true	true	postgres	1	true	false	true	founder_board_members_r1918
true	true	true	true	true	true	true	true	postgres	1	true	false	true	founder_board_pack_drafts_v2
true	true	true	true	true	true	true	true	postgres	1	true	false	true	founder_board_pack_email_queue_v2
true	true	true	true	true	true	true	true	postgres	1	true	false	true	founder_board_pack_scores_r2481
true	true	true	true	true	true	true	true	postgres	1	true	false	true	founder_board_pre_meeting_prep_r2645
true	true	true	true	true	true	true	true	postgres	1	true	false	true	founder_board_pre_reads_r2533
true	true	true	true	true	true	true	true	postgres	1	true	false	true	founder_board_update_impact_r2669
true	true	true	true	true	true	true	true	postgres	1	true	false	true	founder_bottleneck_actions_r1834
true	true	true	true	true	true	true	true	postgres	1	true	false	true	founder_bottleneck_hunt_r1834
true	true	true	true	true	true	true	true	postgres	1	true	false	true	founder_brand_voice_revision_log_r2002
true	true	true	true	true	true	true	true	postgres	1	true	false	true	founder_brand_voice_style_guide_r2002
true	true	true	true	true	true	true	true	postgres	1	true	false	true	founder_branding_builds_r2837
true	true	true	true	true	true	true	true	postgres	1	true	false	true	founder_branding_channel_rollup_r2837
true	true	true	true	true	true	true	true	postgres	1	true	false	true	founder_buffer_action_log_r2174
true	true	true	true	true	true	true	true	postgres	1	true	false	true	founder_burn_alerts_r2201
true	true	true	true	true	true	true	true	postgres	1	true	false	true	founder_burndown_velocity_r2034
true	true	true	true	true	true	true	true	postgres	1	true	false	true	founder_burnout_intervention_log_r1762
true	true	true	true	true	true	true	true	postgres	1	true	false	true	founder_burnout_risk_signals_r2921
true	true	true	true	true	true	true	true	postgres	1	true	false	true	founder_burnout_self_audit_r1762
true	true	true	true	true	true	true	true	postgres	1	true	false	true	founder_cab_meeting_log_r1954
true	true	true	true	true	true	true	true	postgres	1	true	false	true	founder_cadence_actions_r1882
true	true	true	true	true	true	true	true	postgres	1	true	false	true	founder_cadence_execution_log_r1934
true	true	true	true	true	true	true	true	postgres	1	true	false	true	founder_calendar_audit_action_log_r2134
true	true	true	true	true	true	true	true	postgres	1	true	false	true	founder_calendar_audit_r2134
true	true	true	true	true	true	true	true	postgres	1	true	false	true	founder_calendar_buffer_tracker_r2174
true	true	true	true	true	true	true	true	postgres	0	true	false	true	founder_calendar_meetings_r3113
true	true	true	true	true	true	true	true	postgres	1	true	false	true	founder_calendar_optimization_r1894
true	true	true	true	true	true	true	true	postgres	1	true	false	true	founder_calendar_optimization_targets_r1894
true	true	true	true	true	true	true	true	postgres	1	true	false	true	founder_cap_table_dilution_scenarios
true	true	true	true	true	true	true	true	postgres	1	true	false	true	founder_cap_table_lock_audit_v4
false	false	false	false	false	false	false	false	postgres	1	true	false	true	founder_cap_table_rounds
true	true	true	true	true	true	true	true	postgres	1	true	false	true	founder_cap_table_scenarios_v4
false	false	false	false	false	false	false	false	postgres	1	true	false	true	founder_cap_table_shareholders
true	true	true	true	true	true	true	true	postgres	1	true	false	true	founder_cap_table_snapshots_r2529
true	true	true	true	true	true	true	true	postgres	1	true	false	true	founder_cap_table_vesting_schedules
true	true	true	true	true	true	true	true	postgres	1	true	false	true	founder_capital_allocation_strategy_r2102
true	true	true	true	true	true	true	true	postgres	1	true	false	true	founder_capital_efficiency_snapshots_v2
true	true	true	true	true	true	true	true	postgres	1	true	false	true	founder_capital_raise_rounds_v2
true	true	true	true	true	true	true	true	postgres	1	true	false	true	founder_career_ladder_log
false	false	false	false	true	true	true	true	postgres	2	true	false	true	founder_cash_position_snapshots
true	true	true	true	true	true	true	true	postgres	1	true	false	true	founder_cash_snapshots
true	true	true	true	true	true	true	true	postgres	1	true	false	true	founder_cash_snapshots_r2201
false	false	false	false	false	false	false	false	postgres	0	true	false	true	founder_cashfree_payout_attempts
false	false	false	false	false	false	false	false	postgres	0	true	false	true	founder_cashfree_reconciliation_runs
false	false	false	false	false	false	false	false	postgres	0	true	false	true	founder_cashfree_webhook_events
true	true	true	true	true	true	true	true	postgres	1	true	false	true	founder_chain_event_followups_r2399
true	true	true	true	true	true	true	true	postgres	1	true	false	true	founder_chain_exec_events_r2399
true	true	true	true	true	true	true	true	postgres	1	true	false	true	founder_chain_expansion_targets
true	true	true	true	true	true	true	true	postgres	1	true	false	true	founder_chain_outreach_touches
true	true	true	true	true	true	true	true	postgres	1	true	false	true	founder_chain_spec_advisories_r2391
true	true	true	true	true	true	true	true	postgres	1	true	false	true	founder_chain_spec_outcomes_r2391
true	true	true	true	true	true	true	true	postgres	1	true	false	true	founder_churn_prediction_features
true	true	true	true	true	true	true	true	postgres	1	true	false	true	founder_churn_prediction_models
true	true	true	true	true	true	true	true	postgres	1	true	false	true	founder_churn_prediction_outcomes
true	true	true	true	true	true	true	true	postgres	1	true	false	true	founder_churn_save_roi_targets_v2
true	true	true	true	true	true	true	true	postgres	1	true	false	true	founder_churn_save_roi_v2
true	true	true	true	true	true	true	true	postgres	1	true	false	true	founder_coach_sessions_r2793
true	true	true	true	true	true	true	true	postgres	1	true	false	true	founder_coaching_action_log_r1846
true	true	true	true	true	true	true	true	postgres	1	true	false	true	founder_coaching_followup_log_r2070
true	true	true	true	true	true	true	true	postgres	1	true	false	true	founder_coaching_session_log_r2118
true	true	true	true	true	true	true	true	postgres	1	true	false	true	founder_coaching_sessions_r1846
true	true	true	true	true	true	true	true	postgres	1	true	false	true	founder_cofounder_1on1s_r2557
true	true	true	true	true	true	true	true	postgres	1	true	false	true	founder_cofounder_alignment_r2641
true	true	true	true	true	true	true	true	postgres	1	true	false	true	founder_cofounder_okrs
true	true	true	true	true	true	true	true	postgres	1	true	false	true	founder_cofounder_sync_log
true	true	true	true	true	true	true	true	postgres	1	true	false	true	founder_cohort_retention_r2593
true	true	true	true	true	true	true	true	postgres	1	true	false	true	founder_commitment_letter_queue
true	true	true	true	true	true	true	true	postgres	0	true	false	true	founder_comms_broadcasts_r3111
true	true	true	true	true	true	true	true	postgres	0	true	false	true	founder_comms_feedback_r3111
true	true	true	true	true	true	true	true	postgres	1	true	false	true	founder_comp_raise_requests
true	true	true	true	true	true	true	true	postgres	1	true	false	true	founder_competitor_intel
true	true	true	true	true	true	true	true	postgres	1	true	false	true	founder_competitor_moves_r2229
true	true	true	true	true	true	true	true	postgres	1	true	false	true	founder_competitor_watch_r2229
true	true	true	true	true	true	true	true	postgres	1	true	false	true	founder_competitors
false	false	false	false	false	false	true	false	postgres	1	true	false	true	founder_compliance_audit_events
true	true	true	true	true	true	true	true	postgres	1	true	false	true	founder_compliance_calendar_events
true	true	true	true	true	true	true	true	postgres	0	true	false	true	founder_compliance_documents
false	false	false	false	false	false	true	false	postgres	1	true	false	true	founder_compliance_integrity_violations
true	true	true	true	true	true	true	true	postgres	1	true	false	true	founder_confidants_r1966
true	true	true	true	true	true	true	true	postgres	1	true	false	true	founder_consultation_log_r1966
true	true	true	true	true	true	true	true	postgres	1	true	false	true	founder_content_calendar_v2_events
true	true	true	true	true	true	true	true	postgres	1	true	false	true	founder_content_calendar_v2_pieces
true	true	true	true	true	true	true	true	postgres	1	true	false	true	founder_contract_npv_snapshots
true	true	true	true	true	true	true	true	postgres	1	true	false	true	founder_contract_renegotiation_actions
true	true	true	true	true	true	true	true	postgres	1	true	false	true	founder_conviction_audit_log_r1842
true	true	true	true	true	true	true	true	postgres	1	true	false	true	founder_conviction_evidence_r2745
true	true	true	true	true	true	true	true	postgres	1	true	false	true	founder_conviction_topics_r2745
true	true	true	true	true	true	true	true	postgres	0	true	false	true	founder_copq_failure_appraisal_prevention_capa_actions_r3433
true	true	true	true	true	true	true	true	postgres	0	true	false	true	founder_copq_failure_appraisal_prevention_r3433
true	true	true	true	true	true	true	true	postgres	1	true	false	true	founder_correlation_action_log_r2162
true	true	true	true	true	true	true	true	postgres	1	true	false	true	founder_counsel_engagement_log_r1970
true	true	true	true	true	true	true	true	postgres	1	true	false	true	founder_crisis_drill_log_r2142
true	true	true	true	true	true	true	true	postgres	1	true	false	true	founder_crm_touch_log_r2114
true	true	true	true	true	true	true	true	postgres	1	true	false	true	founder_cross_functional_initiative_map_r2066
true	true	true	true	true	true	true	true	postgres	2	true	false	true	founder_cs_health_interventions
true	true	true	true	true	true	true	true	postgres	2	true	false	true	founder_cs_health_snapshots
true	true	true	true	true	true	true	true	postgres	0	true	false	true	founder_cs_playbook_runs
true	true	true	true	true	true	true	true	postgres	0	true	false	true	founder_cs_playbook_steps
true	true	true	true	true	true	true	true	postgres	1	true	false	true	founder_culture_deck_signatures
true	true	true	true	true	true	true	true	postgres	1	true	false	true	founder_culture_deck_versions
true	true	true	true	true	true	true	true	postgres	1	true	false	true	founder_customer_advisory_board_r1954
true	true	true	true	true	true	true	true	postgres	1	true	false	true	founder_customer_call_action_items_r1710
true	true	true	true	true	true	true	true	postgres	1	true	false	true	founder_customer_calls_r1710
true	true	true	true	true	true	true	true	postgres	0	true	false	true	founder_customer_case_studies
true	true	true	true	true	true	true	true	postgres	0	true	false	true	founder_customer_case_study_references
true	true	true	true	true	true	true	true	postgres	1	true	false	true	founder_customer_conviction_scores_r1842
true	true	true	true	true	true	true	true	postgres	1	true	false	true	founder_customer_discovery_interviews_r2006
true	true	true	true	true	true	true	true	postgres	0	true	false	true	founder_customer_lifetime_value_snapshots
true	true	true	true	true	true	true	true	postgres	1	true	false	true	founder_customer_logo_permissions
true	true	true	true	true	true	true	true	postgres	1	true	false	true	founder_customer_logos
true	true	true	true	true	true	true	true	postgres	1	true	false	true	founder_customer_ltv_accuracy_log_r2300
true	true	true	true	true	true	true	true	postgres	1	true	false	true	founder_customer_ltv_predictions_r2300
true	true	true	true	true	true	true	true	postgres	1	true	false	true	founder_customer_personas_r1886
true	true	true	true	true	true	true	true	postgres	1	true	false	true	founder_customer_pulse_alerts_r1754
true	true	true	true	true	true	true	true	postgres	1	true	false	true	founder_customer_pulse_weekly_r1754
true	true	true	true	true	true	true	true	postgres	1	true	false	true	founder_customer_reference_lookup_r1778
true	true	true	true	true	true	true	true	postgres	1	true	false	true	founder_customer_reference_permissions
true	true	true	true	true	true	true	true	postgres	1	true	false	true	founder_customer_reference_usage_events
true	true	true	true	true	true	true	true	postgres	1	true	false	true	founder_customer_spotlights_r1706
true	true	true	true	true	true	true	true	postgres	1	true	false	true	founder_customer_success_action_log_r1994
true	true	true	true	true	true	true	true	postgres	1	true	false	true	founder_customer_success_metric_r1994
true	true	true	true	true	true	true	true	postgres	1	true	false	true	founder_customer_whisperer_links_r1858
true	true	true	true	true	true	true	true	postgres	1	true	false	true	founder_customer_whisperer_notes_r1858
true	true	true	true	true	true	true	true	postgres	1	true	false	true	founder_customer_wishlist_r1730
true	true	true	true	true	true	true	true	postgres	1	true	false	true	founder_customer_wishlist_votes_r1730
true	true	true	true	true	true	true	true	postgres	1	true	false	true	founder_cyber_account_checks_r3121
true	true	true	true	true	true	true	true	postgres	1	true	false	true	founder_cyber_devices_r3121
true	true	true	true	true	true	true	true	postgres	1	true	false	true	founder_daily_energy_r2493
false	false	false	false	true	true	true	true	postgres	1	true	false	true	founder_daily_focus_r2209
true	true	true	true	true	true	true	true	postgres	1	true	false	true	founder_daily_priorities_r2022
true	true	true	true	true	true	true	true	postgres	1	true	false	true	founder_daily_reading_log_r2074
true	true	true	true	true	true	true	true	postgres	1	true	false	true	founder_daily_standups_r1982
true	true	true	true	true	true	true	true	postgres	1	true	false	true	founder_dd_packet_access_log
true	true	true	true	true	true	true	true	postgres	1	true	false	true	founder_dd_packets
true	true	true	true	true	true	true	true	postgres	1	true	false	true	founder_deal_competitor_log_r1774
true	true	true	true	true	true	true	true	postgres	1	true	false	true	founder_deal_outcomes_r1774
true	true	true	true	true	true	true	true	postgres	1	true	false	true	founder_decision_alternatives_r1922
true	true	true	true	true	true	true	true	postgres	1	true	false	true	founder_decision_cycle_time_r1990
true	true	true	true	true	true	true	true	postgres	1	true	false	true	founder_decision_dependencies_r2333
true	true	true	true	true	true	true	true	postgres	1	true	false	true	founder_decision_frameworks_library_r2090
true	true	true	true	true	true	true	true	postgres	1	true	false	true	founder_decision_journal_entries_r2705
true	true	true	true	true	true	true	true	postgres	1	true	false	true	founder_decision_journal_r2309
true	true	true	true	true	true	true	true	postgres	1	true	false	true	founder_decision_pattern_reflections_r2705
true	true	true	true	true	true	true	true	postgres	1	true	false	true	founder_decision_phase_log_r1990
true	true	true	true	true	true	true	true	postgres	1	true	false	true	founder_decision_retros_r2309
true	true	true	true	true	true	true	true	postgres	1	true	false	true	founder_decision_reversal_log_r2170
true	true	true	true	true	true	true	true	postgres	1	true	false	true	founder_decision_review_r1714
true	true	true	true	true	true	true	true	postgres	1	true	false	true	founder_decision_velocity_outliers_r1850
true	true	true	true	true	true	true	true	postgres	1	true	false	true	founder_decision_velocity_r1850
true	true	true	true	true	true	true	true	postgres	1	true	false	true	founder_decision_velocity_tracker_r2130
false	false	false	false	false	false	false	false	postgres	1	true	false	true	founder_decisions
true	true	true	true	true	true	true	true	postgres	1	true	false	true	founder_decisions_r1714
true	true	true	true	true	true	true	true	postgres	1	true	false	true	founder_decisions_r2466
true	true	true	true	true	true	true	true	postgres	1	true	false	true	founder_deep_work_blocks_r2537
true	true	true	true	true	true	true	true	postgres	1	true	false	true	founder_deep_work_blocks_r2765
true	true	true	true	true	true	true	true	postgres	0	true	false	true	founder_deep_work_blocks_r3113
true	true	true	true	true	true	true	true	postgres	1	true	false	true	founder_deep_work_calibrations_r2765
true	true	true	true	true	true	true	true	postgres	1	true	false	true	founder_delegated_decisions_r2425
true	true	true	true	true	true	true	true	postgres	1	true	false	true	founder_delegation_items_r2405
true	true	true	true	true	true	true	true	postgres	1	true	false	true	founder_delegation_outcomes_r2405
true	true	true	true	true	true	true	true	postgres	1	true	false	true	founder_demo_day_rehearsals
true	true	true	true	true	true	true	true	postgres	1	true	false	true	founder_demo_day_targets
true	true	true	true	true	true	true	true	postgres	0	true	false	true	founder_diligence_readiness_workstreams_r3103
true	true	true	true	true	true	true	true	postgres	1	true	false	true	founder_discovery_insight_log_r2006
true	true	true	true	true	true	true	true	postgres	1	true	false	true	founder_dispatch_density_snapshots
true	true	true	true	true	true	true	true	postgres	1	true	false	true	founder_drill_action_log_r2142
true	true	true	true	true	true	true	true	postgres	1	true	false	true	founder_drip_send_log_r2062
true	true	true	true	true	true	true	true	postgres	1	true	false	true	founder_earnings_cliff_alerts_v2
true	true	true	true	true	true	true	true	postgres	1	true	false	true	founder_emotional_resilience_r2629
true	true	true	true	true	true	true	true	postgres	1	true	false	true	founder_energy_audit_r1722
true	true	true	true	true	true	true	true	postgres	1	true	false	true	founder_energy_audits_r1942
true	true	true	true	true	true	true	true	postgres	1	true	false	true	founder_energy_budget_r2357
true	true	true	true	true	true	true	true	postgres	1	true	false	true	founder_energy_followup_log_r1942
true	true	true	true	true	true	true	true	postgres	1	true	false	true	founder_energy_outcome_correlation_r2162
true	true	true	true	true	true	true	true	postgres	1	true	false	true	founder_energy_recovery_activities_r2865
true	true	true	true	true	true	true	true	postgres	1	true	false	true	founder_energy_recovery_weekly_log_r2865
true	true	true	true	true	true	true	true	postgres	1	true	false	true	founder_energy_spend_r2357
true	true	true	true	true	true	true	true	postgres	1	true	false	true	founder_energy_summary_r1722
true	true	true	true	true	true	true	true	postgres	1	true	false	true	founder_engineer_6mo_call_log
true	true	true	true	true	true	true	true	postgres	1	true	false	true	founder_engineer_6mo_risk_snapshots
true	true	true	true	true	true	true	true	postgres	2	true	false	true	founder_engineer_benefits_claims
true	true	true	true	true	true	true	true	postgres	1	true	false	true	founder_engineer_churn_cohort_snapshots_v2
true	true	true	true	true	true	true	true	postgres	1	true	false	true	founder_engineer_churn_risk_scores_v2
true	true	true	true	true	true	true	true	postgres	1	true	false	true	founder_engineer_cohort_snapshots
true	true	true	true	true	true	true	true	postgres	1	true	false	true	founder_engineer_demand_supply_snapshots
true	true	true	true	true	true	true	true	postgres	1	true	false	true	founder_engineer_dropoff_recovery
true	true	true	true	true	true	true	true	postgres	1	true	false	true	founder_engineer_dropoff_touches
true	true	true	true	true	true	true	true	postgres	1	true	false	true	founder_engineer_earnings_forecast_v2
true	true	true	true	true	true	true	true	postgres	1	true	false	true	founder_engineer_escalation_notes
true	true	true	true	true	true	true	true	postgres	1	true	false	true	founder_engineer_escalations
true	true	true	true	true	true	true	true	postgres	1	true	false	true	founder_engineer_exit_interviews_v2
true	true	true	true	true	true	true	true	postgres	1	true	false	true	founder_engineer_exit_patterns_v2
true	true	true	true	true	true	true	true	postgres	1	true	false	true	founder_engineer_hiring_recommendations
true	true	true	true	true	true	true	true	postgres	2	true	false	true	founder_engineer_insurance_policies
false	false	false	false	true	true	true	true	postgres	1	true	false	true	founder_engineer_kpi_reviews_v2
false	false	false	false	true	true	true	true	postgres	1	true	false	true	founder_engineer_kpi_snapshots_v2
true	true	true	true	true	true	true	true	postgres	1	true	false	true	founder_engineer_ltv_profiles
true	true	true	true	true	true	true	true	postgres	1	true	false	true	founder_engineer_mentor_pairs
true	true	true	true	true	true	true	true	postgres	1	true	false	true	founder_engineer_mentor_sessions
true	true	true	true	true	true	true	true	postgres	1	true	false	true	founder_engineer_payout_cadence_snapshots_v2
true	true	true	true	true	true	true	true	postgres	1	true	false	true	founder_engineer_payout_cadence_v2
true	true	true	true	true	true	true	true	postgres	1	true	false	true	founder_engineer_peer_mentions
true	true	true	true	true	true	true	true	postgres	2	true	false	true	founder_engineer_personal_pnl_snapshots
true	true	true	true	true	true	true	true	postgres	1	true	false	true	founder_engineer_promotion_decisions_v2
true	true	true	true	true	true	true	true	postgres	1	true	false	true	founder_engineer_promotion_reviews_v2
true	true	true	true	true	true	true	true	postgres	0	true	false	true	founder_engineer_pulse_responses
true	true	true	true	true	true	true	true	postgres	0	true	false	true	founder_engineer_pulse_surveys
true	true	true	true	true	true	true	true	postgres	1	true	false	true	founder_engineer_repair_mix_r2358
true	true	true	true	true	true	true	true	postgres	1	true	false	true	founder_engineer_repair_targets_r2358
true	true	true	true	true	true	true	true	postgres	1	true	false	true	founder_engineer_skill_entries_v2
true	true	true	true	true	true	true	true	postgres	1	true	false	true	founder_engineer_territories
true	true	true	true	true	true	true	true	postgres	1	true	false	true	founder_engineer_velocity_snapshots
true	true	true	true	true	true	true	true	postgres	1	true	false	true	founder_equipment_decommissioning_events
true	true	true	true	true	true	true	true	postgres	1	true	false	true	founder_equipment_decommissioning_pipeline
true	true	true	true	true	true	true	true	postgres	1	true	false	true	founder_escalation_action_queue
true	true	true	true	true	true	true	true	postgres	1	true	false	true	founder_escalation_actions_r2318
true	true	true	true	true	true	true	true	postgres	1	true	false	true	founder_escalation_root_causes_r2318
true	true	true	true	true	true	true	true	postgres	1	true	false	true	founder_esop_grant_events
true	true	true	true	true	true	true	true	postgres	1	true	false	true	founder_esop_grants
true	true	true	true	true	true	true	true	postgres	1	true	false	true	founder_exec_360_pins_v3
true	true	true	true	true	true	true	true	postgres	1	true	false	true	founder_exec_360_snapshots_v3
true	true	true	true	true	true	true	true	postgres	1	true	false	true	founder_exec_candidates_v2
true	true	true	true	true	true	true	true	postgres	0	true	false	true	founder_exec_coach_sessions_r3137
true	true	true	true	true	true	true	true	postgres	1	true	false	true	founder_exec_coaches_r2793
true	true	true	true	true	true	true	true	postgres	1	true	false	true	founder_exec_stage_events_v2
true	true	true	true	true	true	true	true	postgres	1	true	false	true	founder_expansion_decisions_v2
true	true	true	true	true	true	true	true	postgres	1	true	false	true	founder_expansion_market_v2
true	true	true	true	true	true	true	true	postgres	0	true	false	true	founder_experiments
true	true	true	true	true	true	true	true	postgres	1	true	false	true	founder_external_counsel_r1970
true	true	true	true	true	true	true	true	postgres	1	true	false	true	founder_family_action_log_r2158
true	true	true	true	true	true	true	true	postgres	1	true	false	true	founder_family_commitment_log_r2301
true	true	true	true	true	true	true	true	postgres	1	true	false	true	founder_family_events_r2301
true	true	true	true	true	true	true	true	postgres	1	true	false	true	founder_family_office_intro_log_r1890
true	true	true	true	true	true	true	true	postgres	1	true	false	true	founder_family_office_outreach_r1890
true	true	true	true	true	true	true	true	postgres	1	true	false	true	founder_family_time_r2653
true	true	true	true	true	true	true	true	postgres	1	true	false	true	founder_family_time_tracker_r2158
true	true	true	true	true	true	true	true	postgres	1	true	false	true	founder_first_call_fix_root_causes_r2306
true	true	true	true	true	true	true	true	postgres	1	true	false	true	founder_first_call_fix_visits_r2306
true	true	true	true	true	true	true	true	postgres	1	true	false	true	founder_first_principles_entries_r2409
true	true	true	true	true	true	true	true	postgres	1	true	false	true	founder_first_principles_weeks_r2409
true	true	true	true	true	true	true	true	postgres	1	true	false	true	founder_focus_block_violations_r1670
true	true	true	true	true	true	true	true	postgres	1	true	false	true	founder_focus_blocks_r1670
false	false	false	false	true	true	true	true	postgres	1	true	false	true	founder_focus_pattern_log_r2209
true	true	true	true	true	true	true	true	postgres	1	true	false	true	founder_framework_application_log_r2090
true	true	true	true	true	true	true	true	postgres	1	true	false	true	founder_franchise_milestones
true	true	true	true	true	true	true	true	postgres	1	true	false	true	founder_franchise_partners
true	true	true	true	true	true	true	true	postgres	1	true	false	true	founder_franchise_prospects_v2
true	true	true	true	true	true	true	true	postgres	1	true	false	true	founder_franchise_stage_events_v2
true	true	true	true	true	true	true	true	postgres	1	true	false	true	founder_friday_journal_entries_v2
true	true	true	true	true	true	true	true	postgres	1	true	false	true	founder_friday_stand_down_v2
true	true	true	true	true	true	true	true	postgres	1	true	false	true	founder_fundraise_press_placements_v2
true	true	true	true	true	true	true	true	postgres	1	true	false	true	founder_fundraise_press_touchpoints_v2
true	true	true	true	true	true	true	true	postgres	1	true	false	true	founder_fundraising_funnel_r2461
false	false	false	false	false	false	false	false	postgres	0	true	false	true	founder_fundraising_kit_shares
false	false	false	false	false	false	false	false	postgres	0	true	false	true	founder_fundraising_kits
true	true	true	true	true	true	true	true	postgres	0	true	false	true	founder_fx_currency_exposure_forex_hedging_capa_actions_r3429
true	true	true	true	true	true	true	true	postgres	0	true	false	true	founder_fx_currency_exposure_forex_hedging_r3429
true	true	true	true	true	true	true	true	postgres	1	true	false	true	founder_growth_media_r2321
true	true	true	true	true	true	true	true	postgres	1	true	false	true	founder_growth_takeaways_r2321
true	true	true	true	true	true	true	true	postgres	1	true	false	true	founder_gst_filings
true	true	true	true	true	true	true	true	postgres	1	true	false	true	founder_gtm_pivot_milestones
true	true	true	true	true	true	true	true	postgres	1	true	false	true	founder_gtm_pivots
true	true	true	true	true	true	true	true	postgres	1	true	false	true	founder_habit_definitions_r1810
true	true	true	true	true	true	true	true	postgres	1	true	false	true	founder_habit_logs_r1810
true	true	true	true	true	true	true	true	postgres	1	true	false	true	founder_handover_events_r2408
true	true	true	true	true	true	true	true	postgres	1	true	false	true	founder_handovers_r2408
false	false	false	false	false	false	false	false	postgres	1	true	false	true	founder_headcount_plan_roles
true	true	true	true	true	true	true	true	postgres	0	true	false	true	founder_health_capa_actions_r3229
true	true	true	true	true	true	true	true	postgres	0	true	false	true	founder_health_checkup_panels_r3105
true	true	true	true	true	true	true	true	postgres	1	true	false	true	founder_health_intervention_log_r2038
true	true	true	true	true	true	true	true	postgres	0	true	false	true	founder_health_r3229
true	true	true	true	true	true	true	true	postgres	0	true	false	true	founder_health_recovery_actions_r3105
true	true	true	true	true	true	true	true	postgres	1	true	false	true	founder_hire_manage_coach_cycle_r2118
true	true	true	true	true	true	true	true	postgres	1	true	false	true	founder_hire_pipeline_notes_r1786
true	true	true	true	true	true	true	true	postgres	1	true	false	true	founder_hire_pipeline_r1786
true	true	true	true	true	true	true	true	postgres	1	true	false	true	founder_hiring_activity_log_r1930
false	false	false	false	false	false	false	false	postgres	1	true	false	true	founder_hiring_candidates
true	true	true	true	true	true	true	true	postgres	1	true	false	true	founder_hiring_pipeline_r1930
true	true	true	true	true	true	true	true	postgres	1	true	false	true	founder_hospital_action_ladder_v2
true	true	true	true	true	true	true	true	postgres	1	true	false	true	founder_hospital_activation_actions
true	true	true	true	true	true	true	true	postgres	1	true	false	true	founder_hospital_amc_conversion_outreach
true	true	true	true	true	true	true	true	postgres	1	true	false	true	founder_hospital_amc_conversion_targets
false	false	false	false	false	false	false	false	postgres	1	true	false	true	founder_hospital_billing_cycles
false	false	false	false	false	false	false	false	postgres	1	true	false	true	founder_hospital_billing_dunning_events
false	false	false	false	false	false	false	false	postgres	1	true	false	true	founder_hospital_billing_invoices
true	true	true	true	true	true	true	true	postgres	1	true	false	true	founder_hospital_breakaway_actions_v2
true	true	true	true	true	true	true	true	postgres	1	true	false	true	founder_hospital_breakaway_candidates_v2
true	true	true	true	true	true	true	true	postgres	1	true	false	true	founder_hospital_churn_actions_v2
true	true	true	true	true	true	true	true	postgres	1	true	false	true	founder_hospital_churn_scores_v2
true	true	true	true	true	true	true	true	postgres	1	true	false	true	founder_hospital_concentration_alerts
true	true	true	true	true	true	true	true	postgres	1	true	false	true	founder_hospital_contract_heatmap_snapshots
true	true	true	true	true	true	true	true	postgres	1	true	false	true	founder_hospital_cross_sell_action_queue
true	true	true	true	true	true	true	true	postgres	1	true	false	true	founder_hospital_cross_sell_ladder
false	false	false	false	false	false	false	false	postgres	1	true	false	true	founder_hospital_departments
true	true	true	true	true	true	true	true	postgres	1	true	false	true	founder_hospital_equipment_lifecycle
true	true	true	true	true	true	true	true	postgres	1	true	false	true	founder_hospital_equipment_lifecycle_events
true	true	true	true	true	true	true	true	postgres	1	true	false	true	founder_hospital_equipment_procurement_milestones
true	true	true	true	true	true	true	true	postgres	1	true	false	true	founder_hospital_equipment_procurement_pipeline
true	true	true	true	true	true	true	true	postgres	1	true	false	true	founder_hospital_expansion_action_queue
true	true	true	true	true	true	true	true	postgres	1	true	false	true	founder_hospital_expansion_plays
true	true	true	true	true	true	true	true	postgres	1	true	false	true	founder_hospital_funnel_events
true	true	true	true	true	true	true	true	postgres	1	true	false	true	founder_hospital_incident_log_v2
true	true	true	true	true	true	true	true	postgres	1	true	false	true	founder_hospital_incident_reasons_v2
true	true	true	true	true	true	true	true	postgres	1	true	false	true	founder_hospital_lifecycle_stages_v2
true	true	true	true	true	true	true	true	postgres	1	true	false	true	founder_hospital_lifecycle_transitions_v2
true	true	true	true	true	true	true	true	postgres	1	true	false	true	founder_hospital_loi_touchpoints
true	true	true	true	true	true	true	true	postgres	1	true	false	true	founder_hospital_lois
true	true	true	true	true	true	true	true	postgres	1	true	false	true	founder_hospital_ltv_snapshots_v2
true	true	true	true	true	true	true	true	postgres	1	true	false	true	founder_hospital_maintenance_schedule
true	true	true	true	true	true	true	true	postgres	1	true	false	true	founder_hospital_onboarding_runs
true	true	true	true	true	true	true	true	postgres	1	true	false	true	founder_hospital_power_map_relationships
true	true	true	true	true	true	true	true	postgres	1	true	false	true	founder_hospital_power_map_stakeholders
true	true	true	true	true	true	true	true	postgres	1	true	false	true	founder_hospital_qbr_outcomes_v2
true	true	true	true	true	true	true	true	postgres	1	true	false	true	founder_hospital_qbr_schedule_v2
true	true	true	true	true	true	true	true	postgres	1	true	false	true	founder_hospital_quadrant_playbook
true	true	true	true	true	true	true	true	postgres	1	true	false	true	founder_hospital_renewal_candidates
true	true	true	true	true	true	true	true	postgres	1	true	false	true	founder_hospital_renewal_decisions
true	true	true	true	true	true	true	true	postgres	1	true	false	true	founder_hospital_satisfaction_snapshots_v2
true	true	true	true	true	true	true	true	postgres	1	true	false	true	founder_hospital_strategic_scores
true	true	true	true	true	true	true	true	postgres	1	true	false	true	founder_hospital_tier_downgrade_events
true	true	true	true	true	true	true	true	postgres	1	true	false	true	founder_hospital_tier_downgrade_reason_taxonomy
true	true	true	true	true	true	true	true	postgres	1	true	false	true	founder_hospital_vip_promotions_v2
true	true	true	true	true	true	true	true	postgres	1	true	false	true	founder_hospital_vip_targets
true	true	true	true	true	true	true	true	postgres	1	true	false	true	founder_hospital_vip_visits
true	true	true	true	true	true	true	true	postgres	1	true	false	true	founder_hospital_winback_log
true	true	true	true	true	true	true	true	postgres	1	true	false	true	founder_hospital_winback_story
true	true	true	true	true	true	true	true	postgres	1	true	false	true	founder_idea_capture_inbox_r1818
true	true	true	true	true	true	true	true	postgres	1	true	false	true	founder_idea_promotion_log_r1818
false	false	false	false	false	false	false	false	postgres	0	true	false	true	founder_inbox_items
true	true	true	true	true	true	true	true	postgres	1	true	false	true	founder_inbox_triage_decisions_r1802
true	true	true	true	true	true	true	true	postgres	1	true	false	true	founder_inbox_triage_r1802
false	false	false	false	false	false	false	false	postgres	1	true	false	true	founder_incident_postmortem_action_items
false	false	false	false	false	false	false	false	postgres	1	true	false	true	founder_incident_postmortems
false	false	false	false	false	false	false	false	postgres	1	true	false	true	founder_incidents
true	true	true	true	true	true	true	true	postgres	0	true	false	true	founder_indemnity_clearance_r3117
true	true	true	true	true	true	true	true	postgres	1	true	false	true	founder_industry_watchlist_r2042
true	true	true	true	true	true	true	true	postgres	1	true	false	true	founder_initiative_action_log_r2066
true	true	true	true	true	true	true	true	postgres	1	true	false	true	founder_inner_circle_check_ins_r1822
true	true	true	true	true	true	true	true	postgres	1	true	false	true	founder_inner_circle_r1822
true	true	true	true	true	true	true	true	postgres	1	true	false	true	founder_inner_council_decisions_r1874
true	true	true	true	true	true	true	true	postgres	1	true	false	true	founder_inner_council_meetings_r1874
true	true	true	true	true	true	true	true	postgres	1	true	false	true	founder_inspiration_applications_r1726
true	true	true	true	true	true	true	true	postgres	1	true	false	true	founder_inspirations_r1726
true	true	true	true	true	true	true	true	postgres	1	true	false	true	founder_internal_vlog_reactions_r1866
true	true	true	true	true	true	true	true	postgres	1	true	false	true	founder_internal_vlogs_r1866
true	true	true	true	true	true	true	true	postgres	0	true	false	true	founder_internal_wiki_articles
true	true	true	true	true	true	true	true	postgres	0	true	false	true	founder_internal_wiki_revisions
true	true	true	true	true	true	true	true	postgres	1	true	false	true	founder_international_countries
true	true	true	true	true	true	true	true	postgres	1	true	false	true	founder_international_currencies
true	true	true	true	true	true	true	true	postgres	1	true	false	true	founder_international_milestones
true	true	true	true	true	true	true	true	postgres	1	true	false	true	founder_investor_action_ladder
true	true	true	true	true	true	true	true	postgres	1	true	false	true	founder_investor_alloc_followons
true	true	true	true	true	true	true	true	postgres	1	true	false	true	founder_investor_alloc_scenarios
true	true	true	true	true	true	true	true	postgres	1	true	false	true	founder_investor_allocations_final
true	true	true	true	true	true	true	true	postgres	1	true	false	true	founder_investor_backchannel_notes_r2086
true	true	true	true	true	true	true	true	postgres	1	true	false	true	founder_investor_buyback_offers
true	true	true	true	true	true	true	true	postgres	1	true	false	true	founder_investor_buyback_rounds
false	false	false	false	true	true	true	true	postgres	1	true	false	true	founder_investor_cap_rounds
true	true	true	true	true	true	true	true	postgres	1	true	false	true	founder_investor_co_invest_entries
true	true	true	true	true	true	true	true	postgres	1	true	false	true	founder_investor_co_invest_thanks
false	false	false	false	false	false	false	false	postgres	1	true	false	true	founder_investor_coffee_conversation_notes
false	false	false	false	false	false	false	false	postgres	1	true	false	true	founder_investor_coffee_meetings
false	false	false	false	false	false	false	false	postgres	1	true	false	true	founder_investor_data_room_access_grants
false	false	false	false	false	false	false	false	postgres	1	true	false	true	founder_investor_data_room_access_log
false	false	false	false	false	false	false	false	postgres	1	true	false	true	founder_investor_data_room_documents
false	false	false	false	false	false	false	false	postgres	1	true	false	true	founder_investor_data_room_folders
true	true	true	true	true	true	true	true	postgres	1	true	false	true	founder_investor_drip_sequencer_r2062
true	true	true	true	true	true	true	true	postgres	1	true	false	true	founder_investor_email_campaigns
true	true	true	true	true	true	true	true	postgres	1	true	false	true	founder_investor_email_sends
true	true	true	true	true	true	true	true	postgres	1	true	false	true	founder_investor_icp_profiles_v2
true	true	true	true	true	true	true	true	postgres	1	true	false	true	founder_investor_icp_scores_v2
true	true	true	true	true	true	true	true	postgres	2	true	false	true	founder_investor_inbound_interest
true	true	true	true	true	true	true	true	postgres	2	true	false	true	founder_investor_inbound_sources
true	true	true	true	true	true	true	true	postgres	1	true	false	true	founder_investor_interactions
true	true	true	true	true	true	true	true	postgres	1	true	false	true	founder_investor_interactions_v2
false	false	false	false	false	false	false	false	postgres	1	true	false	true	founder_investor_meetings
true	true	true	true	true	true	true	true	postgres	1	true	false	true	founder_investor_mega_registry
true	true	true	true	true	true	true	true	postgres	1	true	false	true	founder_investor_nda_access_events_v4
true	true	true	true	true	true	true	true	postgres	1	true	false	true	founder_investor_nda_records_v4
true	true	true	true	true	true	true	true	postgres	1	true	false	true	founder_investor_pipeline_entries
true	true	true	true	true	true	true	true	postgres	1	true	false	true	founder_investor_pitch_usage
true	true	true	true	true	true	true	true	postgres	1	true	false	true	founder_investor_portfolio_event_agenda_items
true	true	true	true	true	true	true	true	postgres	1	true	false	true	founder_investor_portfolio_events
true	true	true	true	true	true	true	true	postgres	1	true	false	true	founder_investor_portfolio_winners
true	true	true	true	true	true	true	true	postgres	1	true	false	true	founder_investor_prospects
true	true	true	true	true	true	true	true	postgres	0	true	false	true	founder_investor_quarterly_update_recipients
true	true	true	true	true	true	true	true	postgres	0	true	false	true	founder_investor_quarterly_updates
true	true	true	true	true	true	true	true	postgres	1	true	false	true	founder_investor_references
true	true	true	true	true	true	true	true	postgres	1	true	false	true	founder_investor_relationship_health_r2094
true	true	true	true	true	true	true	true	postgres	1	true	false	true	founder_investor_reserve_events
true	true	true	true	true	true	true	true	postgres	1	true	false	true	founder_investor_reserve_fund
false	false	false	false	true	true	true	true	postgres	1	true	false	true	founder_investor_safes
true	true	true	true	true	true	true	true	postgres	1	true	false	true	founder_investor_signed_vault
true	true	true	true	true	true	true	true	postgres	1	true	false	true	founder_investor_signed_vault_events
true	true	true	true	true	true	true	true	postgres	1	true	false	true	founder_investor_soft_commit_events
true	true	true	true	true	true	true	true	postgres	1	true	false	true	founder_investor_soft_commits
false	false	false	false	false	false	false	false	postgres	1	true	false	true	founder_investor_targets
true	true	true	true	true	true	true	true	postgres	1	true	false	true	founder_investor_tear_sheets
true	true	true	true	true	true	true	true	postgres	1	true	false	true	founder_investor_triage_sessions
true	true	true	true	true	true	true	true	postgres	1	true	false	true	founder_investor_warm_campaigns
true	true	true	true	true	true	true	true	postgres	1	true	false	true	founder_investor_warm_touchpoints
true	true	true	true	true	true	true	true	postgres	1	true	false	true	founder_investor_weekly_clearance_v2
false	false	false	false	true	true	true	true	postgres	1	true	false	true	founder_investor_wire_ack_events
false	false	false	false	true	true	true	true	postgres	1	true	false	true	founder_investor_wire_receipts
true	true	true	true	true	true	true	true	postgres	1	true	false	true	founder_key_customer_relations_r2581
true	true	true	true	true	true	true	true	postgres	1	true	false	true	founder_key_hire_pipeline_r2601
true	true	true	true	true	true	true	true	postgres	1	true	false	true	founder_key_hire_pipeline_r2733
true	true	true	true	true	true	true	true	postgres	1	true	false	true	founder_key_hire_stage_events_r2733
true	true	true	true	true	true	true	true	postgres	1	true	false	true	founder_knowledge_article_views_r1742
true	true	true	true	true	true	true	true	postgres	1	true	false	true	founder_knowledge_articles_r1742
true	true	true	true	true	true	true	true	postgres	1	true	false	true	founder_launches_r2437
true	true	true	true	true	true	true	true	postgres	1	true	false	true	founder_leadership_adjustments_r2849
true	true	true	true	true	true	true	true	postgres	1	true	false	true	founder_leadership_clones_r2617
true	true	true	true	true	true	true	true	postgres	1	true	false	true	founder_leadership_feedback_entries_r2849
true	true	true	true	true	true	true	true	postgres	1	true	false	true	founder_lesson_reference_log_r2010
true	true	true	true	true	true	true	true	postgres	1	true	false	true	founder_lessons_library_r2010
true	true	true	true	true	true	true	true	postgres	0	true	false	true	founder_linkedin_posts_r3125
false	false	false	false	false	false	false	false	postgres	1	true	false	true	founder_ma_activity_log
false	false	false	false	false	false	false	false	postgres	1	true	false	true	founder_ma_targets
true	true	true	true	true	true	true	true	postgres	0	true	false	true	founder_market_competitors
true	true	true	true	true	true	true	true	postgres	1	true	false	true	founder_market_intel_actions
true	true	true	true	true	true	true	true	postgres	1	true	false	true	founder_market_intel_items
true	true	true	true	true	true	true	true	postgres	0	true	false	true	founder_market_pricing_snapshots
true	true	true	true	true	true	true	true	postgres	1	true	false	true	founder_marketing_content_engagement_metrics
true	true	true	true	true	true	true	true	postgres	1	true	false	true	founder_marketing_content_pieces
true	true	true	true	true	true	true	true	postgres	1	true	false	true	founder_marketing_lead_sequence_runs
true	true	true	true	true	true	true	true	postgres	1	true	false	true	founder_marketing_leads
true	true	true	true	true	true	true	true	postgres	1	true	false	true	founder_marketing_nurturing_sequences
true	true	true	true	true	true	true	true	postgres	1	true	false	true	founder_memo_library_r1878
true	true	true	true	true	true	true	true	postgres	1	true	false	true	founder_memo_reviews_r1878
true	true	true	true	true	true	true	true	postgres	1	true	false	true	founder_mental_health_checkins_r2921
true	true	true	true	true	true	true	true	postgres	1	true	false	true	founder_mental_models_r2489
true	true	true	true	true	true	true	true	postgres	1	true	false	true	founder_mentor_apprentice_links
true	true	true	true	true	true	true	true	postgres	1	true	false	true	founder_mentor_effectiveness_snapshots
true	true	true	true	true	true	true	true	postgres	1	true	false	true	founder_mentor_meetings_r1718
true	true	true	true	true	true	true	true	postgres	1	true	false	true	founder_mentor_roster_r1718
true	true	true	true	true	true	true	true	postgres	1	true	false	true	founder_mentor_roster_r2701
true	true	true	true	true	true	true	true	postgres	1	true	false	true	founder_mentor_sessions_r2313
true	true	true	true	true	true	true	true	postgres	1	true	false	true	founder_mentor_sessions_r2701
true	true	true	true	true	true	true	true	postgres	1	true	false	true	founder_mentors_r2313
false	false	false	false	true	true	true	true	postgres	1	true	false	true	founder_milestone_memos_r1826
true	true	true	true	true	true	true	true	postgres	1	true	false	true	founder_milestone_patterns_r2305
true	true	true	true	true	true	true	true	postgres	1	true	false	true	founder_milestone_retros_r2305
false	false	false	false	true	true	true	true	postgres	1	true	false	true	founder_milestone_witnesses_r1826
true	true	true	true	true	true	true	true	postgres	1	true	false	true	founder_mind_map_nodes_r1690
true	true	true	true	true	true	true	true	postgres	1	true	false	true	founder_mind_maps_r1690
true	true	true	true	true	true	true	true	postgres	1	true	false	true	founder_mission_critical_projects_r2166
true	true	true	true	true	true	true	true	postgres	1	true	false	true	founder_mode_outcome_log_r2082
true	true	true	true	true	true	true	true	postgres	1	true	false	true	founder_mode_switch_tracker_r2082
true	true	true	true	true	true	true	true	postgres	1	true	false	true	founder_monthly_financial_decisions_r2597
true	true	true	true	true	true	true	true	postgres	1	true	false	true	founder_monthly_ir_mix_r2569
true	true	true	true	true	true	true	true	postgres	1	true	false	true	founder_monthly_leadership_self_r2589
false	false	false	false	false	false	false	false	postgres	1	true	false	true	founder_monthly_narratives
true	true	true	true	true	true	true	true	postgres	1	true	false	true	founder_monthly_restoration_r2477
true	true	true	true	true	true	true	true	postgres	1	true	false	true	founder_monthly_spending_r2585
false	false	false	false	true	true	true	true	postgres	1	true	false	true	founder_morning_digest_log
true	true	true	true	true	true	true	true	postgres	1	true	false	true	founder_multi_currency_treasury_positions
true	true	true	true	true	true	true	true	postgres	1	true	false	true	founder_negotiation_action_log_r2182
true	true	true	true	true	true	true	true	postgres	1	true	false	true	founder_negotiation_outcome_tracker_r2182
true	true	true	true	true	true	true	true	postgres	1	true	false	true	founder_network_contacts_r2353
true	true	true	true	true	true	true	true	postgres	1	true	false	true	founder_network_effect_r2661
true	true	true	true	true	true	true	true	postgres	1	true	false	true	founder_network_interactions_r2353
true	true	true	true	true	true	true	true	postgres	1	true	false	true	founder_networking_event_meets_r1870
true	true	true	true	true	true	true	true	postgres	1	true	false	true	founder_networking_events_r1870
true	true	true	true	true	true	true	true	postgres	1	true	false	true	founder_networking_interaction_log_r1962
true	true	true	true	true	true	true	true	postgres	1	true	false	true	founder_networking_tracker_r1962
true	true	true	true	true	true	true	true	postgres	1	true	false	true	founder_newsletter_drafts_r1950
true	true	true	true	true	true	true	true	postgres	1	true	false	true	founder_newsletter_engagement_log_r1950
true	true	true	true	true	true	true	true	postgres	1	true	false	true	founder_next_240_commitments_r2265
true	true	true	true	true	true	true	true	postgres	1	true	false	true	founder_next_270_directions_r2385
true	true	true	true	true	true	true	true	postgres	1	true	false	true	founder_no_shows_r2465
true	true	true	true	true	true	true	true	postgres	1	true	false	true	founder_nps_auto_runner_jobs
true	true	true	true	true	true	true	true	postgres	1	true	false	true	founder_nps_feed_v2
false	false	false	false	true	true	true	true	postgres	1	true	false	true	founder_nps_responses
false	false	false	false	true	true	true	true	postgres	1	true	false	true	founder_nps_surveys
true	true	true	true	true	true	true	true	postgres	1	true	false	true	founder_nps_triage_log_v2
true	true	true	true	true	true	true	true	postgres	1	true	false	true	founder_off_hours_action_log_r2150
true	true	true	true	true	true	true	true	postgres	1	true	false	true	founder_off_hours_engagement_r2150
true	true	true	true	true	true	true	true	postgres	1	true	false	true	founder_office_hours_attendee_feedback_r1766
true	true	true	true	true	true	true	true	postgres	1	true	false	true	founder_office_hours_slots_r1766
true	true	true	true	true	true	true	true	postgres	0	true	false	true	founder_okr_auto_compute_rules
false	false	false	false	false	false	false	false	postgres	1	true	false	true	founder_okr_check_ins
true	true	true	true	true	true	true	true	postgres	1	true	false	true	founder_okr_eoq_grades
true	true	true	true	true	true	true	true	postgres	1	true	false	true	founder_okr_eoq_retros
true	true	true	true	true	true	true	true	postgres	1	true	false	true	founder_okr_integrity_findings_r2345
false	false	false	false	false	false	false	false	postgres	1	true	false	true	founder_okr_key_results
true	true	true	true	true	true	true	true	postgres	1	true	false	true	founder_okr_key_results_v3
true	true	true	true	true	true	true	true	postgres	1	true	false	true	founder_okr_lessons_r2237
false	false	false	false	false	false	false	false	postgres	1	true	false	true	founder_okr_objectives
true	true	true	true	true	true	true	true	postgres	1	true	false	true	founder_okr_objectives_r2237
true	true	true	true	true	true	true	true	postgres	1	true	false	true	founder_okr_objectives_v3
true	true	true	true	true	true	true	true	postgres	1	true	false	true	founder_okr_progress_log_r1914
true	true	true	true	true	true	true	true	postgres	1	true	false	true	founder_okrs_r2345
true	true	true	true	true	true	true	true	postgres	1	true	false	true	founder_onboarding_blockers_r2304
true	true	true	true	true	true	true	true	postgres	1	true	false	true	founder_onboarding_checklist_items
true	true	true	true	true	true	true	true	postgres	1	true	false	true	founder_onboarding_hires
true	true	true	true	true	true	true	true	postgres	1	true	false	true	founder_onboarding_journeys_r2304
true	true	true	true	true	true	true	true	postgres	1	true	false	true	founder_onboarding_walkthroughs_r1790
true	true	true	true	true	true	true	true	postgres	1	true	false	true	founder_one_on_one_action_items_r2221
true	true	true	true	true	true	true	true	postgres	1	true	false	true	founder_one_on_one_sessions_r2221
true	true	true	true	true	true	true	true	postgres	1	true	false	true	founder_one_on_ones_r2417
true	true	true	true	true	true	true	true	postgres	1	true	false	true	founder_operating_cadences_r1934
true	true	true	true	true	true	true	true	postgres	1	true	false	true	founder_ops_action_queue
true	true	true	true	true	true	true	true	postgres	1	true	false	true	founder_ops_scorecard_snapshots
true	true	true	true	true	true	true	true	postgres	1	true	false	true	founder_outbound_action_log_r2106
true	true	true	true	true	true	true	true	postgres	1	true	false	true	founder_outbound_intro_attempts_r1758
true	true	true	true	true	true	true	true	postgres	1	true	false	true	founder_outbound_investor_targets_r1758
true	true	true	true	true	true	true	true	postgres	1	true	false	true	founder_outbound_investor_targets_r2106
true	true	true	true	true	true	true	true	postgres	1	true	false	true	founder_outreach_events_r2393
true	true	true	true	true	true	true	true	postgres	1	true	false	true	founder_outreach_weekly_targets_r2393
true	true	true	true	true	true	true	true	postgres	1	true	false	true	founder_outside_conversations_r2377
true	true	true	true	true	true	true	true	postgres	1	true	false	true	founder_outside_weekly_targets_r2377
true	true	true	true	true	true	true	true	postgres	1	true	false	true	founder_overtime_bonus_prompts
true	true	true	true	true	true	true	true	postgres	1	true	false	true	founder_partnership_activities
true	true	true	true	true	true	true	true	postgres	1	true	false	true	founder_partnership_health_scores
true	true	true	true	true	true	true	true	postgres	1	true	false	true	founder_partnership_health_touchpoints
true	true	true	true	true	true	true	true	postgres	1	true	false	true	founder_partnership_milestones_r2789
true	true	true	true	true	true	true	true	postgres	1	true	false	true	founder_partnership_v2_events
true	true	true	true	true	true	true	true	postgres	1	true	false	true	founder_partnerships
true	true	true	true	true	true	true	true	postgres	1	true	false	true	founder_partnerships_v2
true	true	true	true	true	true	true	true	postgres	1	true	false	true	founder_pay_band_raise_grants
true	true	true	true	true	true	true	true	postgres	1	true	false	true	founder_pay_band_reviews
true	true	true	true	true	true	true	true	postgres	1	true	false	true	founder_pay_yourself_r2665
false	false	false	false	false	false	false	false	postgres	0	true	false	true	founder_payroll_batches
true	true	true	true	true	true	true	true	postgres	1	true	false	true	founder_payroll_v2_schedules
true	true	true	true	true	true	true	true	postgres	0	true	false	true	founder_peer_ceo_circle_feedback_r3137
true	true	true	true	true	true	true	true	postgres	1	true	false	true	founder_peer_companies
true	true	true	true	true	true	true	true	postgres	1	true	false	true	founder_peer_metric_snapshots
true	true	true	true	true	true	true	true	postgres	1	true	false	true	founder_people_decision_events_r2373
true	true	true	true	true	true	true	true	postgres	1	true	false	true	founder_people_decisions_r2373
true	true	true	true	true	true	true	true	postgres	1	true	false	true	founder_persona_evolution_log_r1886
true	true	true	true	true	true	true	true	postgres	1	true	false	true	founder_personal_coaching_notes_r2070
true	true	true	true	true	true	true	true	postgres	1	true	false	true	founder_personal_contacts_r2525
true	true	true	true	true	true	true	true	postgres	1	true	false	true	founder_personal_crm_r2114
true	true	true	true	true	true	true	true	postgres	1	true	false	true	founder_personal_decisions_r1922
true	true	true	true	true	true	true	true	postgres	1	true	false	true	founder_personal_dev_r2625
true	true	true	true	true	true	true	true	postgres	1	true	false	true	founder_personal_health_tracker_r2038
true	true	true	true	true	true	true	true	postgres	1	true	false	true	founder_personal_okrs_r2505
true	true	true	true	true	true	true	true	postgres	1	true	false	true	founder_personal_roadmap_actions_r1798
true	true	true	true	true	true	true	true	postgres	1	true	false	true	founder_personal_roadmap_r1798
true	true	true	true	true	true	true	true	postgres	1	true	false	true	founder_personal_stress_actions_r1686
true	true	true	true	true	true	true	true	postgres	1	true	false	true	founder_personal_stress_log_r1686
true	true	true	true	true	true	true	true	postgres	0	true	false	true	founder_pillar_snapshots_r2913
true	true	true	true	true	true	true	true	postgres	1	true	false	true	founder_pipeline_entries
true	true	true	true	true	true	true	true	postgres	1	true	false	true	founder_pitch_deck_shares
true	true	true	true	true	true	true	true	postgres	1	true	false	true	founder_pitch_deck_versions
true	true	true	true	true	true	true	true	postgres	1	true	false	true	founder_pitch_refinement_cycle_r2054
true	true	true	true	true	true	true	true	postgres	1	true	false	true	founder_pitch_signal_log_r2054
true	true	true	true	true	true	true	true	postgres	1	true	false	true	founder_pitch_talk_track_usage
true	true	true	true	true	true	true	true	postgres	1	true	false	true	founder_pitch_talk_tracks
true	true	true	true	true	true	true	true	postgres	1	true	false	true	founder_podcast_appearance_roi
true	true	true	true	true	true	true	true	postgres	1	true	false	true	founder_podcast_appearances
true	true	true	true	true	true	true	true	postgres	1	true	false	true	founder_podcast_followup_leads
true	true	true	true	true	true	true	true	postgres	1	true	false	true	founder_podcast_targets
true	true	true	true	true	true	true	true	postgres	1	true	false	true	founder_pr_action_log_r2110
true	true	true	true	true	true	true	true	postgres	1	true	false	true	founder_pr_activity_log_r2110
true	true	true	true	true	true	true	true	postgres	1	true	false	true	founder_pr_crisis_action_log_r2030
true	true	true	true	true	true	true	true	postgres	1	true	false	true	founder_pr_crisis_playbook_r2030
true	true	true	true	true	true	true	true	postgres	1	true	false	true	founder_press_commitments
true	true	true	true	true	true	true	true	postgres	1	true	false	true	founder_press_kit_assets
true	true	true	true	true	true	true	true	postgres	1	true	false	true	founder_press_kit_downloads
true	true	true	true	true	true	true	true	postgres	1	true	false	true	founder_press_mentions
true	true	true	true	true	true	true	true	postgres	1	true	false	true	founder_press_mentions_r1902
true	true	true	true	true	true	true	true	postgres	1	true	false	true	founder_press_mentions_r2257
true	true	true	true	true	true	true	true	postgres	1	true	false	true	founder_press_outreach_log_r1902
true	true	true	true	true	true	true	true	postgres	1	true	false	true	founder_press_outreach_r1770
true	true	true	true	true	true	true	true	postgres	1	true	false	true	founder_press_pitch_topics_r1770
true	true	true	true	true	true	true	true	postgres	1	true	false	true	founder_press_response_actions_r2257
true	true	true	true	true	true	true	true	postgres	1	true	false	true	founder_pricing_experiment_exposures
true	true	true	true	true	true	true	true	postgres	1	true	false	true	founder_pricing_experiments
true	true	true	true	true	true	true	true	postgres	1	true	false	true	founder_priority_action_log_r2022
false	false	false	false	false	false	false	false	postgres	1	true	false	true	founder_priority_actions
true	true	true	true	true	true	true	true	postgres	1	true	false	true	founder_priority_grid_r2565
true	true	true	true	true	true	true	true	postgres	1	true	false	true	founder_priority_outcomes_r2381
true	true	true	true	true	true	true	true	postgres	1	true	false	true	founder_priority_shift_impact_r2261
true	true	true	true	true	true	true	true	postgres	0	true	false	true	founder_product_feedback
true	true	true	true	true	true	true	true	postgres	0	true	false	true	founder_product_feedback_votes
true	true	true	true	true	true	true	true	postgres	1	true	false	true	founder_project_action_log_r2166
true	true	true	true	true	true	true	true	postgres	1	true	false	true	founder_public_roadmap_r1750
true	true	true	true	true	true	true	true	postgres	1	true	false	true	founder_public_speaking_calendar_r2050
false	false	false	false	false	false	false	false	postgres	0	true	false	true	founder_public_tender_activities
false	false	false	false	false	false	false	false	postgres	0	true	false	true	founder_public_tenders
true	true	true	true	true	true	true	true	postgres	1	true	false	true	founder_pulse_signal_log_r2138
true	true	true	true	true	true	true	true	postgres	1	true	false	true	founder_quarterly_content_plans_r2553
true	true	true	true	true	true	true	true	postgres	1	true	false	true	founder_quarterly_investor_correspondence_r2517
true	true	true	true	true	true	true	true	postgres	1	true	false	true	founder_quarterly_narratives_r2541
true	true	true	true	true	true	true	true	postgres	1	true	false	true	founder_quarterly_okr_retro_items_r1662
true	true	true	true	true	true	true	true	postgres	1	true	false	true	founder_quarterly_okr_retros_r1662
true	true	true	true	true	true	true	true	postgres	1	true	false	true	founder_quarterly_okrs_r1914
true	true	true	true	true	true	true	true	postgres	1	true	false	true	founder_quarterly_okrs_r2457
true	true	true	true	true	true	true	true	postgres	1	true	false	true	founder_quarterly_product_strategy_r2561
true	true	true	true	true	true	true	true	postgres	1	true	false	true	founder_quarterly_reflections_r2821
true	true	true	true	true	true	true	true	postgres	1	true	false	true	founder_quarterly_self_review_r1998
true	true	true	true	true	true	true	true	postgres	1	true	false	true	founder_quarterly_spend_revenue_r2573
true	true	true	true	true	true	true	true	postgres	1	true	false	true	founder_quarterly_strategic_content_pieces_r2825
true	true	true	true	true	true	true	true	postgres	1	true	false	true	founder_quarterly_strategic_content_repurposes_r2825
true	true	true	true	true	true	true	true	postgres	1	true	false	true	founder_quarterly_town_hall_r2078
true	true	true	true	true	true	true	true	postgres	1	true	false	true	founder_quote_diary_actions_r2337
true	true	true	true	true	true	true	true	postgres	1	true	false	true	founder_quote_diary_entries_r2337
true	true	true	true	true	true	true	true	postgres	1	true	false	true	founder_reading_action_log_r2074
true	true	true	true	true	true	true	true	postgres	1	true	false	true	founder_reading_source_breakdown_r1830
true	true	true	true	true	true	true	true	postgres	1	true	false	true	founder_reference_invocation_log_r1778
true	true	true	true	true	true	true	true	postgres	1	true	false	true	founder_reflection_action_log_r2154
true	true	true	true	true	true	true	true	postgres	1	true	false	true	founder_reflection_follow_ups_r2821
true	true	true	true	true	true	true	true	postgres	1	true	false	true	founder_reflection_frequency_tracker_r2154
true	true	true	true	true	true	true	true	postgres	1	true	false	true	founder_reflection_threads_r1910
true	true	true	true	true	true	true	true	postgres	1	true	false	true	founder_relationship_action_log_r2094
true	true	true	true	true	true	true	true	postgres	0	true	false	true	founder_renewal_actions
true	true	true	true	true	true	true	true	postgres	0	true	false	true	founder_renewal_postmortems
true	true	true	true	true	true	true	true	postgres	1	true	false	true	founder_restoration_intentions_r2477
true	true	true	true	true	true	true	true	postgres	1	true	false	true	founder_reversal_action_log_r2170
true	true	true	true	true	true	true	true	postgres	1	true	false	true	founder_risk_mitigation_log_r1926
true	true	true	true	true	true	true	true	postgres	1	true	false	true	founder_risk_register_r1926
true	true	true	true	true	true	true	true	postgres	1	true	false	true	founder_roadmap_subscriber_votes_r1750
true	true	true	true	true	true	true	true	postgres	1	true	false	true	founder_role_comp_benchmarks
false	false	false	false	false	false	false	false	postgres	1	true	false	true	founder_runway_forecast_scenarios
true	true	true	true	true	true	true	true	postgres	1	true	false	true	founder_rural_engineer_enrollments_v4
true	true	true	true	true	true	true	true	postgres	1	true	false	true	founder_rural_trips_v4
true	true	true	true	true	true	true	true	postgres	0	true	false	true	founder_sales_pipeline_v2_activities
true	true	true	true	true	true	true	true	postgres	0	true	false	true	founder_sales_pipeline_v2_contacts
true	true	true	true	true	true	true	true	postgres	0	true	false	true	founder_sales_pipeline_v2_deals
true	true	true	true	true	true	true	true	postgres	1	true	false	true	founder_save_action_effectiveness
true	true	true	true	true	true	true	true	postgres	1	true	false	true	founder_save_rate_monthly
true	true	true	true	true	true	true	true	postgres	1	true	false	true	founder_self_reflections_r2577
true	true	true	true	true	true	true	true	postgres	1	true	false	true	founder_self_review_action_log_r1998
true	true	true	true	true	true	true	true	postgres	1	true	false	true	founder_side_project_milestones_r1702
true	true	true	true	true	true	true	true	postgres	1	true	false	true	founder_side_projects_r1702
false	false	false	false	true	true	true	true	postgres	1	true	false	true	founder_skill_coverage
true	true	true	true	true	true	true	true	postgres	1	true	false	true	founder_skill_coverage_snapshots_v2
true	true	true	true	true	true	true	true	postgres	1	true	false	true	founder_skill_gap_categories
true	true	true	true	true	true	true	true	postgres	1	true	false	true	founder_skill_gap_queue
true	true	true	true	true	true	true	true	postgres	1	true	false	true	founder_sleep_energy_log_r2341
true	true	true	true	true	true	true	true	postgres	1	true	false	true	founder_sleep_interventions_r2341
true	true	true	true	true	true	true	true	postgres	1	true	false	true	founder_speaker_engagements_r1946
true	true	true	true	true	true	true	true	postgres	1	true	false	true	founder_speaker_followup_log_r1946
true	true	true	true	true	true	true	true	postgres	1	true	false	true	founder_speaking_engagements_r2621
true	true	true	true	true	true	true	true	postgres	1	true	false	true	founder_speaking_events_r1694
true	true	true	true	true	true	true	true	postgres	1	true	false	true	founder_speaking_leads_r1694
true	true	true	true	true	true	true	true	postgres	1	true	false	true	founder_speaking_practice_feedback_r1838
true	true	true	true	true	true	true	true	postgres	1	true	false	true	founder_speaking_practice_r1838
true	true	true	true	true	true	true	true	postgres	1	true	false	true	founder_speaking_prep_log_r2050
true	true	true	true	true	true	true	true	postgres	1	true	false	true	founder_spotlight_engagement_log_r1706
true	true	true	true	true	true	true	true	postgres	1	true	false	true	founder_spouse_family_boundaries_r2997
true	true	true	true	true	true	true	true	postgres	1	true	false	true	founder_spouse_wellness_checkins_r2997
true	true	true	true	true	true	true	true	postgres	1	true	false	true	founder_sprint_retro_actions_r1806
true	true	true	true	true	true	true	true	postgres	1	true	false	true	founder_sprint_retros_r1806
true	true	true	true	true	true	true	true	postgres	1	true	false	true	founder_stakeholder_action_log_r2046
true	true	true	true	true	true	true	true	postgres	1	true	false	true	founder_stakeholder_influence_matrix_r2046
true	true	true	true	true	true	true	true	postgres	1	true	false	true	founder_standup_blocker_actions_r1666
true	true	true	true	true	true	true	true	postgres	0	true	false	true	founder_standup_blockers
true	true	true	true	true	true	true	true	postgres	0	true	false	true	founder_standup_entries
true	true	true	true	true	true	true	true	postgres	1	true	false	true	founder_standup_entries_r1666
true	true	true	true	true	true	true	true	postgres	1	true	false	true	founder_standup_outcome_log_r1982
true	true	true	true	true	true	true	true	postgres	0	true	false	true	founder_statutory_clock_items_r3117
true	true	true	true	true	true	true	true	postgres	1	true	false	true	founder_story_refresh_log_r2328
true	true	true	true	true	true	true	true	postgres	0	true	false	true	founder_strategic_acquirer_targets_r3103
true	true	true	true	true	true	true	true	postgres	1	true	false	true	founder_strategic_bet_capital_allocation_r2369
true	true	true	true	true	true	true	true	postgres	1	true	false	true	founder_strategic_bet_capital_events_r2369
true	true	true	true	true	true	true	true	postgres	1	true	false	true	founder_strategic_bet_milestones
true	true	true	true	true	true	true	true	postgres	1	true	false	true	founder_strategic_bet_milestones_r2349
true	true	true	true	true	true	true	true	postgres	1	true	false	true	founder_strategic_bet_outcome_tracker_r2186
true	true	true	true	true	true	true	true	postgres	1	true	false	true	founder_strategic_bet_postmortems_r2841
true	true	true	true	true	true	true	true	postgres	1	true	false	true	founder_strategic_bets
true	true	true	true	true	true	true	true	postgres	1	true	false	true	founder_strategic_bets_r1906
true	true	true	true	true	true	true	true	postgres	1	true	false	true	founder_strategic_bets_r2349
true	true	true	true	true	true	true	true	postgres	1	true	false	true	founder_strategic_bets_r2433
true	true	true	true	true	true	true	true	postgres	1	true	false	true	founder_strategic_clarity_r2649
true	true	true	true	true	true	true	true	postgres	1	true	false	true	founder_strategic_debt_r2521
true	true	true	true	true	true	true	true	postgres	1	true	false	true	founder_strategic_decisions_r2217
true	true	true	true	true	true	true	true	postgres	1	true	false	true	founder_strategic_hire_action_log_r2122
true	true	true	true	true	true	true	true	postgres	1	true	false	true	founder_strategic_hire_tracker_r2122
true	true	true	true	true	true	true	true	postgres	1	true	false	true	founder_strategic_hires_r2473
true	true	true	true	true	true	true	true	postgres	1	true	false	true	founder_strategic_partnership_pipeline_r2789
true	true	true	true	true	true	true	true	postgres	1	true	false	true	founder_strategic_retros_r2217
true	true	true	true	true	true	true	true	postgres	1	true	false	true	founder_strategy_docs_r2485
true	true	true	true	true	true	true	true	postgres	1	true	false	true	founder_strategy_map_r2014
true	true	true	true	true	true	true	true	postgres	1	true	false	true	founder_strategy_map_revision_log_r2014
true	true	true	true	true	true	true	true	postgres	1	true	false	true	founder_strategy_offsite_outcomes_r1854
true	true	true	true	true	true	true	true	postgres	1	true	false	true	founder_strategy_offsites_r1854
true	true	true	true	true	true	true	true	postgres	1	true	false	true	founder_success_stories_r2328
true	true	true	true	true	true	true	true	postgres	1	true	false	true	founder_supplier_onboarding_candidates
true	true	true	true	true	true	true	true	postgres	1	true	false	true	founder_tax_filing_runs
true	true	true	true	true	true	true	true	postgres	1	true	false	true	founder_tds_payment_ledger
true	true	true	true	true	true	true	true	postgres	1	true	false	true	founder_team_pulse_surveys_r2545
true	true	true	true	true	true	true	true	postgres	1	true	false	true	founder_team_retro_actions_v2
false	false	false	false	false	false	false	false	postgres	1	true	false	true	founder_team_retros
true	true	true	true	true	true	true	true	postgres	1	true	false	true	founder_team_retros_v2
false	false	false	false	false	false	false	false	postgres	1	true	false	true	founder_tech_debt_items
true	true	true	true	true	true	true	true	postgres	1	true	false	true	founder_territory_rebalance_queue
true	true	true	true	true	true	true	true	postgres	1	true	false	true	founder_theme_progress_log_r1974
true	true	true	true	true	true	true	true	postgres	1	true	false	true	founder_thinking_blocks_r2397
true	true	true	true	true	true	true	true	postgres	1	true	false	true	founder_thinking_weeks_r2397
true	true	true	true	true	true	true	true	postgres	1	true	false	true	founder_time_allocation_r2633
true	true	true	true	true	true	true	true	postgres	1	true	false	true	founder_time_allocations_r1678
true	true	true	true	true	true	true	true	postgres	1	true	false	true	founder_time_block_action_log_r1978
true	true	true	true	true	true	true	true	postgres	1	true	false	true	founder_time_block_adherence_r1978
true	true	true	true	true	true	true	true	postgres	0	true	false	true	founder_time_blocks_r2913
true	true	true	true	true	true	true	true	postgres	0	true	false	true	founder_time_capa_actions_r3197
true	true	true	true	true	true	true	true	postgres	1	true	false	true	founder_time_entries
true	true	true	true	true	true	true	true	postgres	1	true	false	true	founder_time_entries_r2401
true	true	true	true	true	true	true	true	postgres	0	true	false	true	founder_time_r3197
true	true	true	true	true	true	true	true	postgres	1	true	false	true	founder_time_targets
true	true	true	true	true	true	true	true	postgres	1	true	false	true	founder_time_targets_r1678
true	true	true	true	true	true	true	true	postgres	1	true	false	true	founder_time_weeks_r2401
true	true	true	true	true	true	true	true	postgres	1	true	false	true	founder_town_hall_action_log_r2078
true	true	true	true	true	true	true	true	postgres	1	true	false	true	founder_trade_show_leads
true	true	true	true	true	true	true	true	postgres	1	true	false	true	founder_trade_shows
true	true	true	true	true	true	true	true	postgres	1	true	false	true	founder_training_video_views
true	true	true	true	true	true	true	true	postgres	1	true	false	true	founder_training_videos
true	true	true	true	true	true	true	true	postgres	1	true	false	true	founder_travel_expense_categories
true	true	true	true	true	true	true	true	postgres	3	true	false	true	founder_travel_expense_claims
true	true	true	true	true	true	true	true	postgres	1	true	false	true	founder_trip_meetings_r1734
true	true	true	true	true	true	true	true	postgres	1	true	false	true	founder_trips_r1734
false	false	false	false	true	true	true	true	postgres	1	true	false	true	founder_trust_fund_audit_periods_r3085
false	false	false	false	true	true	true	true	postgres	1	true	false	true	founder_trust_fund_line_items_r3085
true	true	true	true	true	true	true	true	postgres	1	true	false	true	founder_unit_economics_inputs
true	true	true	true	true	true	true	true	postgres	1	true	false	true	founder_upcoming_decisions_r2333
true	true	true	true	true	true	true	true	postgres	1	true	false	true	founder_vacation_log_r1986
true	true	true	true	true	true	true	true	postgres	1	true	false	true	founder_vacation_policy_r1986
true	true	true	true	true	true	true	true	postgres	1	true	false	true	founder_velocity_action_log_r2034
true	true	true	true	true	true	true	true	postgres	1	true	false	true	founder_velocity_action_log_r2130
true	true	true	true	true	true	true	true	postgres	0	true	false	true	founder_vendor_contracts
true	true	true	true	true	true	true	true	postgres	1	true	false	true	founder_vendor_master_r1738
true	true	true	true	true	true	true	true	postgres	0	true	false	true	founder_vendor_quality_defect_flags
true	true	true	true	true	true	true	true	postgres	1	true	false	true	founder_vendor_review_log_r1958
true	true	true	true	true	true	true	true	postgres	1	true	false	true	founder_vendor_review_notes_r1738
true	true	true	true	true	true	true	true	postgres	1	true	false	true	founder_vendor_spend_tracker_r1958
true	true	true	true	true	true	true	true	postgres	0	true	false	true	founder_vip_hospital_accounts
true	true	true	true	true	true	true	true	postgres	0	true	false	true	founder_vip_hospital_touchpoints
true	true	true	true	true	true	true	true	postgres	1	true	false	true	founder_vip_investors
true	true	true	true	true	true	true	true	postgres	1	true	false	true	founder_vip_touchpoints
true	true	true	true	true	true	true	true	postgres	1	true	false	true	founder_vision_board_actions_r1862
true	true	true	true	true	true	true	true	postgres	1	true	false	true	founder_vision_boards_r1862
true	true	true	true	true	true	true	true	postgres	1	true	false	true	founder_vision_memo_feedback_r1682
true	true	true	true	true	true	true	true	postgres	1	true	false	true	founder_vision_memos_r1682
true	true	true	true	true	true	true	true	postgres	1	true	false	true	founder_vision_mission_alignment_r2146
true	true	true	true	true	true	true	true	postgres	1	true	false	true	founder_vision_reactions_r2721
true	true	true	true	true	true	true	true	postgres	1	true	false	true	founder_vision_recommit_r2637
true	true	true	true	true	true	true	true	postgres	1	true	false	true	founder_vision_statements_r2721
true	true	true	true	true	true	true	true	postgres	1	true	false	true	founder_walkthrough_checkpoints_r1790
true	true	true	true	true	true	true	true	postgres	1	true	false	true	founder_warranty_claim_events_r2404
true	true	true	true	true	true	true	true	postgres	1	true	false	true	founder_warranty_claims_r2404
true	true	true	true	true	true	true	true	postgres	1	true	false	true	founder_watch_action_log_r2042
true	true	true	true	true	true	true	true	postgres	1	true	false	true	founder_weekly_bandwidth_r2425
true	true	true	true	true	true	true	true	postgres	1	true	false	true	founder_weekly_board_pack_log
true	true	true	true	true	true	true	true	postgres	1	true	false	true	founder_weekly_cadence_r1882
true	true	true	true	true	true	true	true	postgres	1	true	false	true	founder_weekly_coaching_r2605
true	true	true	true	true	true	true	true	postgres	1	true	false	true	founder_weekly_digest_recipients_v2
true	true	true	true	true	true	true	true	postgres	1	true	false	true	founder_weekly_digest_sends_v2
true	true	true	true	true	true	true	true	postgres	1	true	false	true	founder_weekly_energy_allocation_r2549
true	true	true	true	true	true	true	true	postgres	1	true	false	true	founder_weekly_intentions_r2361
true	true	true	true	true	true	true	true	postgres	1	true	false	true	founder_weekly_journal_tags_r1698
true	true	true	true	true	true	true	true	postgres	1	true	false	true	founder_weekly_journals_r1698
true	true	true	true	true	true	true	true	postgres	1	true	false	true	founder_weekly_loom_videos
true	true	true	true	true	true	true	true	postgres	1	true	false	true	founder_weekly_loom_view_events
true	true	true	true	true	true	true	true	postgres	1	true	false	true	founder_weekly_mood_r2497
true	true	true	true	true	true	true	true	postgres	1	true	false	true	founder_weekly_okr_dashboard_r1814
true	true	true	true	true	true	true	true	postgres	1	true	false	true	founder_weekly_okr_highlights_r1814
true	true	true	true	true	true	true	true	postgres	1	true	false	true	founder_weekly_outcomes_r2361
true	true	true	true	true	true	true	true	postgres	1	true	false	true	founder_weekly_pipeline_pulse_r2513
true	true	true	true	true	true	true	true	postgres	1	true	false	true	founder_weekly_priorities_r2381
true	true	true	true	true	true	true	true	postgres	1	true	false	true	founder_weekly_priorities_r2445
true	true	true	true	true	true	true	true	postgres	1	true	false	true	founder_weekly_priority_shifts_r2261
true	true	true	true	true	true	true	true	postgres	1	true	false	true	founder_weekly_reading_log_r1830
true	true	true	true	true	true	true	true	postgres	1	true	false	true	founder_weekly_reflections_r1910
true	true	true	true	true	true	true	true	postgres	1	true	false	true	founder_weekly_review_r2445
true	true	true	true	true	true	true	true	postgres	1	true	false	true	founder_weekly_reviews
true	true	true	true	true	true	true	true	postgres	1	true	false	true	founder_weekly_top_3
true	true	true	true	true	true	true	true	postgres	1	true	false	true	founder_weekly_top_3_blockers
true	true	true	true	true	true	true	true	postgres	1	true	false	true	founder_whiteboard_action_items_r1782
true	true	true	true	true	true	true	true	postgres	1	true	false	true	founder_whiteboard_snapshots_r1782
true	true	true	true	true	true	true	true	postgres	1	true	false	true	founder_win_celebration_log_r1938
true	true	true	true	true	true	true	true	postgres	1	true	false	true	founder_winback_campaigns
true	true	true	true	true	true	true	true	postgres	1	true	false	true	founder_winback_touchpoints
true	true	true	true	true	true	true	true	postgres	1	true	false	true	founder_wins_ledger_r1938
true	true	true	true	true	true	true	true	postgres	1	true	false	true	founder_year_end_entries
true	true	true	true	true	true	true	true	postgres	1	true	false	true	founder_year_end_reviews
true	true	true	true	true	true	true	true	postgres	0	true	false	true	freight_cost_capa_actions_r3662
true	true	true	true	true	true	true	true	postgres	0	true	false	true	freight_cost_r3662
true	true	true	true	true	true	true	true	postgres	1	true	false	true	fridge_temp_audit_events_r2815
true	true	true	true	true	true	true	true	postgres	0	true	false	true	fuel_expense_fraud_capa_actions_r3408
true	true	true	true	true	true	true	true	postgres	0	true	false	true	fuel_expense_fraud_r3408
true	true	true	true	true	true	true	true	postgres	0	true	false	true	fund_flow_capa_actions_r3577
true	true	true	true	true	true	true	true	postgres	0	true	false	true	fund_flow_r3577
true	true	true	true	true	true	true	true	postgres	1	true	false	true	fundraise_investor_pipeline_v2
true	true	true	true	true	true	true	true	postgres	1	true	false	true	fundraise_readiness_evidence_r2713
true	true	true	true	true	true	true	true	postgres	1	true	false	true	fundraise_readiness_pillars_r2713
true	true	true	true	true	true	true	true	postgres	1	true	false	true	fundraise_rounds_v2
true	true	true	true	true	true	true	true	postgres	1	true	false	true	fundraising_readiness_dimensions_r2269
true	true	true	true	true	true	true	true	postgres	1	true	false	true	fundraising_readiness_gaps_r2269
true	true	true	true	true	true	true	true	postgres	1	true	false	true	fundraising_stage_actions_r2461
true	true	true	true	true	true	true	true	postgres	0	true	false	true	fundus_oct_imaging_capa_actions_r3251
true	true	true	true	true	true	true	true	postgres	0	true	false	true	fundus_oct_imaging_r3251
true	true	true	true	true	true	true	true	postgres	0	true	false	true	gamma_knife_qc_capa_actions_r3582
true	true	true	true	true	true	true	true	postgres	0	true	false	true	gamma_knife_qc_r3582
true	true	true	true	true	true	true	true	postgres	0	true	false	true	gamma_spect_capa_actions_r3226
true	true	true	true	true	true	true	true	postgres	0	true	false	true	gamma_spect_r3226
true	true	true	true	true	true	true	true	postgres	0	true	false	true	gas_pipeline_audits_r2915
true	true	true	true	true	true	true	true	postgres	0	true	false	true	gas_pipeline_incidents_r2915
true	true	true	true	true	true	true	true	postgres	1	true	false	true	gasket_corrective_actions_r3012
true	true	true	true	true	true	true	true	postgres	1	true	false	true	gasket_seal_inspections_r3012
true	true	true	true	true	true	true	true	postgres	0	true	false	true	gel_electrophoresis_qc_capa_actions_r3495
true	true	true	true	true	true	true	true	postgres	0	true	false	true	gel_electrophoresis_qc_r3495
true	true	true	true	true	true	true	true	postgres	1	true	false	true	generator_drain_test_r2995
true	true	true	true	true	true	true	true	postgres	1	true	false	true	generator_fuel_reserve_r2995
true	true	true	true	true	true	true	true	postgres	0	true	false	true	genset_capa_actions_r3688
true	true	true	true	true	true	true	true	postgres	0	true	false	true	genset_r3688
true	true	true	true	true	true	true	true	postgres	0	true	false	true	gi_motility_qc_capa_actions_r3391
true	true	true	true	true	true	true	true	postgres	0	true	false	true	gi_motility_qc_r3391
true	true	true	true	true	true	true	true	postgres	0	true	false	true	gift_register_capa_actions_r3714
true	true	true	true	true	true	true	true	postgres	0	true	false	true	gift_register_r3714
true	true	true	true	true	true	true	true	postgres	0	true	false	true	glassware_washer_qc_capa_actions_r3490
true	true	true	true	true	true	true	true	postgres	0	true	false	true	glassware_washer_qc_r3490
false	false	false	false	true	true	true	true	postgres	1	true	false	true	glucometer_strip_lots_r3032
false	false	false	false	true	true	true	true	postgres	1	true	false	true	glucometer_strip_monthly_engineer_deliveries_r3032
true	true	true	true	true	true	true	true	postgres	0	true	false	true	goods_receipt_grn_capa_actions_r3336
true	true	true	true	true	true	true	true	postgres	0	true	false	true	goods_receipt_grn_r3336
true	true	true	true	true	true	true	true	postgres	0	true	false	true	goodwill_impairment_capa_actions_r3529
true	true	true	true	true	true	true	true	postgres	0	true	false	true	goodwill_impairment_r3529
true	true	true	true	true	true	true	true	postgres	1	true	false	true	gov_engagement_events_r2877
true	true	true	true	true	true	true	true	postgres	1	true	false	true	gov_engagement_followups_r2877
true	true	true	true	true	true	true	true	postgres	0	true	false	true	governance_case_capa_actions_r3293
true	true	true	true	true	true	true	true	postgres	0	true	false	true	governance_case_r3293
true	true	true	true	true	true	true	true	postgres	1	true	false	true	governance_doc_events_r2277
true	true	true	true	true	true	true	true	postgres	1	true	false	true	governance_docs_r2277
true	true	true	true	true	true	true	true	postgres	0	true	false	true	govt_tender_bid_loss_postmortems_r3099
true	true	true	true	true	true	true	true	postgres	1	true	false	true	govt_tender_emd_ledger_r2893
true	true	true	true	true	true	true	true	postgres	1	true	false	true	govt_tender_pursuits_r2893
true	true	true	true	true	true	true	true	postgres	0	true	false	true	govt_tender_replay_playbook_actions_r3099
true	true	true	true	true	true	true	true	postgres	0	true	false	true	grant_funding_capa_actions_r3145
true	true	true	true	true	true	true	true	postgres	0	true	false	true	grant_funding_r3145
true	true	true	true	true	true	true	true	postgres	1	true	false	true	grant_research_milestones_r2777
true	true	true	true	true	true	true	true	postgres	1	true	false	true	grant_research_projects_r2777
true	true	true	true	true	true	true	true	postgres	0	true	false	true	gratuity_actuarial_capa_actions_r3748
true	true	true	true	true	true	true	true	postgres	0	true	false	true	gratuity_actuarial_r3748
true	true	true	true	true	true	true	true	postgres	1	true	false	true	grid_decision_review_r2565
true	true	true	true	true	true	true	true	postgres	0	true	false	true	gross_margin_bridge_capa_actions_r3381
true	true	true	true	true	true	true	true	postgres	0	true	false	true	gross_margin_bridge_r3381
true	true	true	true	true	true	true	true	postgres	0	true	false	true	gross_to_net_capa_actions_r3601
true	true	true	true	true	true	true	true	postgres	0	true	false	true	gross_to_net_r3601
false	false	true	false	false	false	true	false	postgres	1	true	false	true	gst_invoices
true	true	true	true	true	true	true	true	postgres	0	true	false	true	gst_itc_compliance_capa_actions_r3321
true	true	true	true	true	true	true	true	postgres	0	true	false	true	gst_itc_compliance_r3321
true	true	true	true	true	true	true	true	postgres	0	true	false	true	gst_refund_capa_actions_r3634
true	true	true	true	true	true	true	true	postgres	0	true	false	true	gst_refund_r3634
true	true	true	true	true	true	true	true	postgres	1	true	false	true	handoff_retention_outcomes_r2610
true	true	true	true	true	true	true	true	postgres	1	true	false	true	handoff_template_usage_r2706
true	true	true	true	true	true	true	true	postgres	1	true	false	true	handoff_templates_r2706
true	true	true	true	true	true	true	true	postgres	1	true	false	true	handover_content_blocks_r2824
true	true	true	true	true	true	true	true	postgres	1	true	false	true	handover_discrepancy_resolution_r2594
true	true	true	true	true	true	true	true	postgres	1	true	false	true	handover_dispute_resolution_r2555
true	true	true	true	true	true	true	true	postgres	1	true	false	true	handover_language_quality_r2864
true	true	true	true	true	true	true	true	postgres	1	true	false	true	handover_loss_bugs_r2454
true	true	true	true	true	true	true	true	postgres	1	true	false	true	handover_proof_packets_r2552
true	true	true	true	true	true	true	true	postgres	1	true	false	true	handover_winback_actions_r2792
true	true	true	true	true	true	true	true	postgres	0	true	false	true	hazmat_msds_compliance_capa_actions_r3528
true	true	true	true	true	true	true	true	postgres	0	true	false	true	hazmat_msds_compliance_r3528
true	true	true	true	true	true	true	true	postgres	0	true	false	true	hba1c_analyzer_qc_capa_actions_r3467
true	true	true	true	true	true	true	true	postgres	0	true	false	true	hba1c_analyzer_qc_r3467
true	true	true	true	true	true	true	true	postgres	0	true	false	true	hbot_chamber_capa_actions_r3298
true	true	true	true	true	true	true	true	postgres	0	true	false	true	hbot_chamber_r3298
true	true	true	true	true	true	true	true	postgres	0	true	false	true	hd_machine_capa_actions_r3194
true	true	true	true	true	true	true	true	postgres	0	true	false	true	hd_machine_r3194
true	true	true	true	true	true	true	true	postgres	0	true	false	true	hearing_aid_fitting_qc_capa_actions_r3399
true	true	true	true	true	true	true	true	postgres	0	true	false	true	hearing_aid_fitting_qc_r3399
true	true	true	true	true	true	true	true	postgres	0	true	false	true	heart_lung_cpb_qc_capa_actions_r3442
true	true	true	true	true	true	true	true	postgres	0	true	false	true	heart_lung_cpb_qc_r3442
true	true	true	true	true	true	true	true	postgres	0	true	false	true	hedge_eff_capa_actions_r3632
true	true	true	true	true	true	true	true	postgres	0	true	false	true	hedge_eff_r3632
true	true	true	true	true	true	true	true	postgres	0	true	false	true	hemo_support_device_capa_actions_r3318
true	true	true	true	true	true	true	true	postgres	0	true	false	true	hemo_support_device_r3318
true	true	true	true	true	true	true	true	postgres	0	true	false	true	hfnc_humidifier_qc_capa_actions_r3414
true	true	true	true	true	true	true	true	postgres	0	true	false	true	hfnc_humidifier_qc_r3414
true	true	true	true	true	true	true	true	postgres	1	true	false	true	hiring_applicants_r2273
true	true	true	true	true	true	true	true	postgres	0	true	false	true	hiring_funnel_capa_actions_r3185
true	true	true	true	true	true	true	true	postgres	0	true	false	true	hiring_funnel_r3185
true	true	true	true	true	true	true	true	postgres	0	true	false	true	hiring_pipeline_stages_r2929
true	true	true	true	true	true	true	true	postgres	1	true	false	true	hiring_stage_events_r2273
true	true	true	true	true	true	true	true	postgres	0	true	false	true	histopath_lab_qc_capa_actions_r3270
true	true	true	true	true	true	true	true	postgres	0	true	false	true	histopath_lab_qc_r3270
true	true	true	true	true	true	true	true	postgres	0	true	false	true	hk_pest_amc_capa_actions_r3742
true	true	true	true	true	true	true	true	postgres	0	true	false	true	hk_pest_amc_r3742
true	true	true	true	true	true	true	true	postgres	0	true	false	true	holter_tmt_capa_actions_r3206
true	true	true	true	true	true	true	true	postgres	0	true	false	true	holter_tmt_r3206
true	true	true	true	true	true	true	true	postgres	1	true	false	true	honesty_audit_findings_r3037
true	true	true	true	true	true	true	true	postgres	1	true	false	true	hospital_abm_activities_r1851
true	true	true	true	true	true	true	true	postgres	1	true	false	true	hospital_abm_campaigns_r1851
true	true	true	true	true	true	true	true	postgres	1	true	false	true	hospital_abm_targets_r1947
true	true	true	true	true	true	true	true	postgres	1	true	false	true	hospital_abm_touch_log_r1947
true	true	true	true	true	true	true	true	postgres	1	true	false	true	hospital_activation_action_log_r2147
true	true	true	true	true	true	true	true	postgres	1	true	false	true	hospital_admin_activity_events_r2211
true	true	true	true	true	true	true	true	postgres	1	true	false	true	hospital_admin_audit_reviews_r2211
true	true	true	true	true	true	true	true	postgres	1	true	false	true	hospital_adoption_action_log_r2139
true	true	true	true	true	true	true	true	postgres	1	true	false	true	hospital_aging_replacement_recommendations_r1895
true	true	true	true	true	true	true	true	postgres	1	true	false	true	hospital_amc_quote_discounts_r1743
true	true	true	true	true	true	true	true	postgres	1	true	false	true	hospital_amc_quotes_r1743
true	true	true	true	true	true	true	true	postgres	1	true	false	true	hospital_amc_renewal_actions
true	true	true	true	true	true	true	true	postgres	1	true	false	true	hospital_amc_renewal_forecasts
true	true	true	true	true	true	true	true	postgres	1	true	false	true	hospital_annual_spend_forecast_r1931
true	true	true	true	true	true	true	true	postgres	1	true	false	true	hospital_audit_action_log_r2023
true	true	true	true	true	true	true	true	postgres	1	true	false	true	hospital_audit_action_log_r2099
true	true	true	true	true	true	true	true	postgres	1	true	false	true	hospital_audit_findings_r1667
true	true	true	true	true	true	true	true	postgres	1	true	false	true	hospital_audit_observations_r1783
true	true	true	true	true	true	true	true	postgres	1	true	false	true	hospital_audit_trail_compliance_r1783
true	true	true	true	true	true	true	true	postgres	1	true	false	true	hospital_backlog_action_log_r2043
true	true	true	true	true	true	true	true	postgres	1	true	false	true	hospital_bidding_competitors_r1803
true	true	true	true	true	true	true	true	postgres	1	true	false	true	hospital_bidding_wars_r1803
true	true	true	true	true	true	true	true	postgres	1	true	false	true	hospital_biomed_certifications_r2199
true	true	true	true	true	true	true	true	postgres	1	true	false	true	hospital_biomed_staff_r2199
true	true	true	true	true	true	true	true	postgres	1	true	false	true	hospital_biomed_staff_r2235
true	true	true	true	true	true	true	true	postgres	1	true	false	true	hospital_biomed_transitions_r2235
true	true	true	true	true	true	true	true	postgres	1	true	false	true	hospital_brand_remediation_actions_r1763
true	true	true	true	true	true	true	true	postgres	1	true	false	true	hospital_brand_standards_r1763
true	true	true	true	true	true	true	true	postgres	1	true	false	true	hospital_brand_voice_r1891
true	true	true	true	true	true	true	true	postgres	1	true	false	true	hospital_cac_metrics_r1875
true	true	true	true	true	true	true	true	postgres	1	true	false	true	hospital_cac_segment_breakdown_r1875
true	true	true	true	true	true	true	true	postgres	1	true	false	true	hospital_cancellation_pattern_log_r1991
true	true	true	true	true	true	true	true	postgres	1	true	false	true	hospital_capacity_action_log_r2071
true	true	true	true	true	true	true	true	postgres	1	true	false	true	hospital_catalog_action_log_r2063
true	true	true	true	true	true	true	true	postgres	1	true	false	true	hospital_chain_90day_audits_r2331
true	true	true	true	true	true	true	true	postgres	1	true	false	true	hospital_chain_account_teams_r2255
true	true	true	true	true	true	true	true	postgres	1	true	false	true	hospital_chain_accreditation_gap_action_r2779
true	true	true	true	true	true	true	true	postgres	1	true	false	true	hospital_chain_accreditation_prep_r2779
true	true	true	true	true	true	true	true	postgres	1	true	false	true	hospital_chain_aggregates_r1755
true	true	true	true	true	true	true	true	postgres	1	true	false	true	hospital_chain_ai_integration_pulse_r2783
true	true	true	true	true	true	true	true	postgres	1	true	false	true	hospital_chain_ai_outcome_signals_r2783
true	true	true	true	true	true	true	true	postgres	1	true	false	true	hospital_chain_amc_cushion_r2731
true	true	true	true	true	true	true	true	postgres	1	true	false	true	hospital_chain_amr_cabinet_sweeps_r2951
true	true	true	true	true	true	true	true	postgres	1	true	false	true	hospital_chain_amr_remediation_actions_r2951
true	true	true	true	true	true	true	true	postgres	1	true	false	true	hospital_chain_asset_tag_compliance_r2835
true	true	true	true	true	true	true	true	postgres	1	true	false	true	hospital_chain_attrition_actions_r2755
true	true	true	true	true	true	true	true	postgres	1	true	false	true	hospital_chain_attrition_quarters_r2755
true	true	true	true	true	true	true	true	postgres	1	true	false	true	hospital_chain_audit_docs_r2383
true	true	true	true	true	true	true	true	postgres	1	true	false	true	hospital_chain_audit_gaps_r2383
true	true	true	true	true	true	true	true	postgres	1	true	false	true	hospital_chain_audit_issues_r2331
true	true	true	true	true	true	true	true	postgres	1	true	false	true	hospital_chain_bid_margin_notes_r2359
true	true	true	true	true	true	true	true	postgres	1	true	false	true	hospital_chain_bmw_audit_findings_r2991
true	true	true	true	true	true	true	true	postgres	1	true	false	true	hospital_chain_bmw_manifests_r2991
true	true	true	true	true	true	true	true	postgres	1	true	false	true	hospital_chain_board_commitments_r2699
true	true	true	true	true	true	true	true	postgres	1	true	false	true	hospital_chain_board_meetings_r2699
true	true	true	true	true	true	true	true	postgres	0	true	false	true	hospital_chain_branch_lending_txn_r2887
true	true	true	true	true	true	true	true	postgres	0	true	false	true	hospital_chain_branch_quarter_rollup_r2887
true	true	true	true	true	true	true	true	postgres	1	true	false	true	hospital_chain_caster_remediation_actions_r3055
true	true	true	true	true	true	true	true	postgres	1	true	false	true	hospital_chain_clinical_leaders_r2751
true	true	true	true	true	true	true	true	postgres	1	true	false	true	hospital_chain_clinical_relationships_r2695
true	true	true	true	true	true	true	true	postgres	1	true	false	true	hospital_chain_collection_actions_r2263
true	true	true	true	true	true	true	true	postgres	1	true	false	true	hospital_chain_compliance_checklists_r2287
true	true	true	true	true	true	true	true	postgres	1	true	false	true	hospital_chain_compliance_items_r2287
true	true	true	true	true	true	true	true	postgres	0	true	false	true	hospital_chain_consolidation_quarters_r2899
true	true	true	true	true	true	true	true	postgres	1	true	false	true	hospital_chain_contact_reengagement_plays_r2295
true	true	true	true	true	true	true	true	postgres	1	true	false	true	hospital_chain_contact_rotation_log_r2295
true	true	true	true	true	true	true	true	postgres	0	true	false	true	hospital_chain_critical_care_redundancy_coverage_r2895
true	true	true	true	true	true	true	true	postgres	1	true	false	true	hospital_chain_cxo_contacts_r2283
true	true	true	true	true	true	true	true	postgres	1	true	false	true	hospital_chain_cxo_touchpoints_r2283
true	true	true	true	true	true	true	true	postgres	1	true	false	true	hospital_chain_cyber_drill_findings_r2975
true	true	true	true	true	true	true	true	postgres	1	true	false	true	hospital_chain_cyber_drill_sessions_r2975
true	true	true	true	true	true	true	true	postgres	1	true	false	true	hospital_chain_dataloc_audits_r2775
true	true	true	true	true	true	true	true	postgres	1	true	false	true	hospital_chain_dataloc_remediations_r2775
true	true	true	true	true	true	true	true	postgres	1	true	false	true	hospital_chain_dispute_events_r2363
true	true	true	true	true	true	true	true	postgres	1	true	false	true	hospital_chain_disputes_r2363
true	true	true	true	true	true	true	true	postgres	1	true	false	true	hospital_chain_diversification_actions_r2387
false	false	false	false	true	true	true	true	postgres	0	true	false	true	hospital_chain_doctor_surveys_r2947
true	true	true	true	true	true	true	true	postgres	1	true	false	true	hospital_chain_eol_assets_r2855
true	true	true	true	true	true	true	true	postgres	1	true	false	true	hospital_chain_eol_procurement_r2855
true	true	true	true	true	true	true	true	postgres	0	true	false	true	hospital_chain_equipment_vendor_risk_r2923
true	true	true	true	true	true	true	true	postgres	1	true	false	true	hospital_chain_escalations_r2255
false	false	false	false	true	true	true	true	postgres	1	true	false	true	hospital_chain_eula_audits_r2959
false	false	false	false	true	true	true	true	postgres	1	true	false	true	hospital_chain_eula_findings_r2959
true	true	true	true	true	true	true	true	postgres	1	true	false	true	hospital_chain_finance_cfo_contacts_r2715
true	true	true	true	true	true	true	true	postgres	1	true	false	true	hospital_chain_finance_contacts_r2335
true	true	true	true	true	true	true	true	postgres	1	true	false	true	hospital_chain_finance_fix_actions_r2675
true	true	true	true	true	true	true	true	postgres	1	true	false	true	hospital_chain_finance_interactions_r2335
true	true	true	true	true	true	true	true	postgres	1	true	false	true	hospital_chain_financing_deals_r2787
true	true	true	true	true	true	true	true	postgres	1	true	false	true	hospital_chain_financing_pulse_events_r2787
true	true	true	true	true	true	true	true	postgres	1	true	false	true	hospital_chain_govt_tenders_r2735
true	true	true	true	true	true	true	true	postgres	1	true	false	true	hospital_chain_headlight_battery_reserve_r3019
true	true	true	true	true	true	true	true	postgres	1	true	false	true	hospital_chain_headlight_cycle_audit_events_r3019
true	true	true	true	true	true	true	true	postgres	1	true	false	true	hospital_chain_imaging_center_uptime_r2819
true	true	true	true	true	true	true	true	postgres	1	true	false	true	hospital_chain_imaging_interventions_r2819
true	true	true	true	true	true	true	true	postgres	0	true	false	true	hospital_chain_imports
true	true	true	true	true	true	true	true	postgres	1	true	false	true	hospital_chain_integration_dependencies_r2367
true	true	true	true	true	true	true	true	postgres	1	true	false	true	hospital_chain_integration_milestones_r2279
true	true	true	true	true	true	true	true	postgres	1	true	false	true	hospital_chain_integrations_r2367
true	true	true	true	true	true	true	true	postgres	1	true	false	true	hospital_chain_intervention_plans_r2407
true	true	true	true	true	true	true	true	postgres	0	true	false	true	hospital_chain_inventory_exceptions_r2939
true	true	true	true	true	true	true	true	postgres	0	true	false	true	hospital_chain_inventory_sweeps_r2939
false	false	true	false	false	false	true	false	postgres	1	true	false	true	hospital_chain_invites
true	true	true	true	true	true	true	true	postgres	1	true	false	true	hospital_chain_isolation_rooms_r2795
true	true	true	true	true	true	true	true	postgres	1	true	false	true	hospital_chain_lead_apron_audit_events_r3079
true	true	true	true	true	true	true	true	postgres	1	true	false	true	hospital_chain_lead_apron_inventory_r3079
true	true	true	true	true	true	true	true	postgres	1	true	false	true	hospital_chain_leader_touchpoints_r2751
true	true	true	true	true	true	true	true	postgres	1	true	false	true	hospital_chain_lease_outcomes_r2799
true	true	true	true	true	true	true	true	postgres	1	true	false	true	hospital_chain_lease_portfolio_r2799
false	false	false	false	true	true	true	true	postgres	1	true	false	true	hospital_chain_linen_audits_r2955
false	false	false	false	true	true	true	true	postgres	1	true	false	true	hospital_chain_linen_findings_r2955
true	true	true	true	true	true	true	true	postgres	1	true	false	true	hospital_chain_linen_trolley_inspections_r2983
true	true	true	true	true	true	true	true	postgres	1	true	false	true	hospital_chain_linen_trolley_inspections_r3055
true	true	true	true	true	true	true	true	postgres	1	true	false	true	hospital_chain_linen_trolley_remediations_r2983
false	false	false	false	true	true	true	true	postgres	1	true	false	true	hospital_chain_loupe_headlight_cycle_audits_r3083
false	false	false	false	true	true	true	true	postgres	1	true	false	true	hospital_chain_loupe_headlight_devices_r3083
true	true	true	true	true	true	true	true	postgres	1	true	false	true	hospital_chain_master_contracts
true	true	true	true	true	true	true	true	postgres	1	true	false	true	hospital_chain_membership
false	false	true	false	false	false	true	false	postgres	1	true	false	true	hospital_chain_memberships
true	true	true	true	true	true	true	true	postgres	1	true	false	true	hospital_chain_monthly_budget_cycles_r2715
true	true	true	true	true	true	true	true	postgres	1	true	false	true	hospital_chain_monthly_finance_reviews_r2675
true	true	true	true	true	true	true	true	postgres	1	true	false	true	hospital_chain_mou_lag_events_r2347
true	true	true	true	true	true	true	true	postgres	1	true	false	true	hospital_chain_mou_revenue_lag_r2347
true	true	true	true	true	true	true	true	postgres	1	true	false	true	hospital_chain_mrr_snapshot_r2387
true	true	true	true	true	true	true	true	postgres	1	true	false	true	hospital_chain_msa_r2267
true	true	true	true	true	true	true	true	postgres	1	true	false	true	hospital_chain_msa_term_changes_r2267
true	true	true	true	true	true	true	true	postgres	0	true	false	true	hospital_chain_nabh_reaccred_chapters_r2943
true	true	true	true	true	true	true	true	postgres	0	true	false	true	hospital_chain_nabh_reaccred_findings_r2943
true	true	true	true	true	true	true	true	postgres	1	true	false	true	hospital_chain_night_incidents_r2743
true	true	true	true	true	true	true	true	postgres	1	true	false	true	hospital_chain_night_shift_months_r2743
true	true	true	true	true	true	true	true	postgres	1	true	false	true	hospital_chain_nps_quarters_r2407
false	false	false	false	true	true	true	true	postgres	1	true	false	true	hospital_chain_oem_warranty_audits_r2987
false	false	false	false	true	true	true	true	postgres	1	true	false	true	hospital_chain_oem_warranty_claims_r2987
true	true	true	true	true	true	true	true	postgres	1	true	false	true	hospital_chain_op_metric_events_r2323
true	true	true	true	true	true	true	true	postgres	1	true	false	true	hospital_chain_op_scorecards_r2323
true	true	true	true	true	true	true	true	postgres	0	true	false	true	hospital_chain_patch_cycles_r2931
true	true	true	true	true	true	true	true	postgres	0	true	false	true	hospital_chain_patch_devices_r2931
true	true	true	true	true	true	true	true	postgres	1	true	false	true	hospital_chain_payer_cycle_r2731
true	true	true	true	true	true	true	true	postgres	1	true	false	true	hospital_chain_payment_terms_r2311
true	true	true	true	true	true	true	true	postgres	1	true	false	true	hospital_chain_pmd_audit_events_r2871
true	true	true	true	true	true	true	true	postgres	1	true	false	true	hospital_chain_pmd_licenses_r2871
true	true	true	true	true	true	true	true	postgres	1	true	false	true	hospital_chain_portal_integrations_r2339
true	true	true	true	true	true	true	true	postgres	1	true	false	true	hospital_chain_portal_upload_events_r2339
true	true	true	true	true	true	true	true	postgres	1	true	false	true	hospital_chain_procurement_bidders_r2719
true	true	true	true	true	true	true	true	postgres	1	true	false	true	hospital_chain_procurement_bypass_audit_log_r2319
true	true	true	true	true	true	true	true	postgres	1	true	false	true	hospital_chain_procurement_bypass_events_r2319
true	true	true	true	true	true	true	true	postgres	1	true	false	true	hospital_chain_procurement_cycles_r2719
true	true	true	true	true	true	true	true	postgres	1	true	false	true	hospital_chain_qbr_actions_r2687
true	true	true	true	true	true	true	true	postgres	1	true	false	true	hospital_chain_qbr_r2687
true	true	true	true	true	true	true	true	postgres	1	true	false	true	hospital_chain_quarterly_correlation_signals_r2859
true	true	true	true	true	true	true	true	postgres	1	true	false	true	hospital_chain_quarterly_equipment_clinical_correlation_r2859
false	false	false	false	true	true	true	true	postgres	1	true	false	true	hospital_chain_quarterly_oem_engineer_audit_r3011
false	false	false	false	true	true	true	true	postgres	1	true	false	true	hospital_chain_quarterly_oem_engineer_audit_visits_r3011
true	true	true	true	true	true	true	true	postgres	1	true	false	true	hospital_chain_quarterly_reviews_r2351
true	true	true	true	true	true	true	true	postgres	1	true	false	true	hospital_chain_quarterly_scorecards_r2303
true	true	true	true	true	true	true	true	postgres	1	true	false	true	hospital_chain_receivables_r2263
true	true	true	true	true	true	true	true	postgres	0	true	false	true	hospital_chain_redundancy_gap_remediations_r2895
true	true	true	true	true	true	true	true	postgres	1	true	false	true	hospital_chain_relationship_actions_r2695
true	true	true	true	true	true	true	true	postgres	1	true	false	true	hospital_chain_relocation_milestones_r2867
true	true	true	true	true	true	true	true	postgres	1	true	false	true	hospital_chain_relocations_r2867
true	true	true	true	true	true	true	true	postgres	1	true	false	true	hospital_chain_renewal_action_ledger_r2679
true	true	true	true	true	true	true	true	postgres	1	true	false	true	hospital_chain_renewal_pipeline_r2679
true	true	true	true	true	true	true	true	postgres	1	true	false	true	hospital_chain_research_collaborations_r2759
true	true	true	true	true	true	true	true	postgres	1	true	false	true	hospital_chain_research_milestones_r2759
true	true	true	true	true	true	true	true	postgres	1	true	false	true	hospital_chain_review_action_log_r2351
true	true	true	true	true	true	true	true	postgres	1	true	false	true	hospital_chain_rfp_learnings_r2291
true	true	true	true	true	true	true	true	postgres	1	true	false	true	hospital_chain_rfp_submissions_r2291
true	true	true	true	true	true	true	true	postgres	1	true	false	true	hospital_chain_scorecard_reviews_r2303
true	true	true	true	true	true	true	true	postgres	0	true	false	true	hospital_chain_second_source_audits_r2923
true	true	true	true	true	true	true	true	postgres	1	true	false	true	hospital_chain_share_actions_r2707
true	true	true	true	true	true	true	true	postgres	1	true	false	true	hospital_chain_site_breakdown_r1755
true	true	true	true	true	true	true	true	postgres	1	true	false	true	hospital_chain_tech_pilot_outcomes_r2747
true	true	true	true	true	true	true	true	postgres	1	true	false	true	hospital_chain_tech_pilots_r2747
true	true	true	true	true	true	true	true	postgres	1	true	false	true	hospital_chain_tech_stack_r2279
true	true	true	true	true	true	true	true	postgres	1	true	false	true	hospital_chain_tender_bids_r2359
true	true	true	true	true	true	true	true	postgres	1	true	false	true	hospital_chain_tender_bids_r2703
true	true	true	true	true	true	true	true	postgres	1	true	false	true	hospital_chain_tender_learnings_r2703
true	true	true	true	true	true	true	true	postgres	1	true	false	true	hospital_chain_tender_strategy_r2735
true	true	true	true	true	true	true	true	postgres	1	true	false	true	hospital_chain_terms_events_r2311
true	true	true	true	true	true	true	true	postgres	1	true	false	true	hospital_chain_tier1_deepening_plays_r2831
true	true	true	true	true	true	true	true	postgres	1	true	false	true	hospital_chain_tier1_deepening_signals_r2831
true	true	true	true	true	true	true	true	postgres	0	true	false	true	hospital_chain_vendor_consolidation_lines_r2899
true	true	true	true	true	true	true	true	postgres	1	true	false	true	hospital_chain_vendor_share_r2707
true	true	true	true	true	true	true	true	postgres	1	true	false	true	hospital_chain_warranty_claims_r2851
true	true	true	true	true	true	true	true	postgres	1	true	false	true	hospital_chain_wrapper_audits_r3035
false	false	true	false	false	false	true	false	postgres	1	true	false	true	hospital_chains
true	true	true	true	true	true	true	true	postgres	1	true	false	true	hospital_cluster_action_log_r2103
true	true	true	true	true	true	true	true	postgres	1	true	false	true	hospital_cluster_membership_r1703
true	true	true	true	true	true	true	true	postgres	1	true	false	true	hospital_cohort_action_log_r2175
true	true	true	true	true	true	true	true	postgres	1	true	false	true	hospital_collection_actions_r1747
true	true	true	true	true	true	true	true	postgres	1	true	false	true	hospital_concentration_at_risk_r1847
true	true	true	true	true	true	true	true	postgres	1	true	false	true	hospital_concentration_metrics_r1847
true	true	true	true	true	true	true	true	postgres	1	true	false	true	hospital_contract_amendment_audit
true	true	true	true	true	true	true	true	postgres	1	true	false	true	hospital_contract_amendments
true	true	true	true	true	true	true	true	postgres	1	true	false	true	hospital_corporate_deal_members_v2
true	true	true	true	true	true	true	true	postgres	1	true	false	true	hospital_corporate_deals_v2
true	true	true	true	true	true	true	true	postgres	1	true	false	true	hospital_cost_action_log_r2171
true	true	true	true	true	true	true	true	postgres	1	true	false	true	hospital_cost_breakdown_anomalies_r1879
true	true	true	true	true	true	true	true	postgres	1	true	false	true	hospital_critical_supply_stockout_r1911
true	true	true	true	true	true	true	true	postgres	1	true	false	true	hospital_cross_sell_opportunities_r1695
true	true	true	true	true	true	true	true	postgres	1	true	false	true	hospital_cross_sell_outreach_log_r1695
true	true	true	true	true	true	true	true	postgres	1	true	false	true	hospital_customer_activation_funnel_v2_r2147
true	true	true	true	true	true	true	true	postgres	1	true	false	true	hospital_customer_adoption_velocity_r2167
true	true	true	true	true	true	true	true	postgres	1	true	false	true	hospital_customer_annual_review_cycle_r2123
true	true	true	true	true	true	true	true	postgres	1	true	false	true	hospital_customer_demand_forecasting_r2135
true	true	true	true	true	true	true	true	postgres	1	true	false	true	hospital_customer_health_trend_r2131
true	true	true	true	true	true	true	true	postgres	1	true	false	true	hospital_customer_health_v2_r1983
true	true	true	true	true	true	true	true	postgres	1	true	false	true	hospital_customer_journey_stages_r2031
true	true	true	true	true	true	true	true	postgres	1	true	false	true	hospital_customer_lifecycle_stage_audit_r2143
true	true	true	true	true	true	true	true	postgres	1	true	false	true	hospital_customer_lifetime_pipeline_r1987
true	true	true	true	true	true	true	true	postgres	1	true	false	true	hospital_customer_lifetime_transitions_r2187
true	true	true	true	true	true	true	true	postgres	1	true	false	true	hospital_customer_onboarding_drop_off_r2159
true	true	true	true	true	true	true	true	postgres	1	true	false	true	hospital_customer_onboarding_quality_r2151
true	true	true	true	true	true	true	true	postgres	1	true	false	true	hospital_customer_pain_point_catalog_r2087
true	true	true	true	true	true	true	true	postgres	1	true	false	true	hospital_customer_reference_library_r2119
true	true	true	true	true	true	true	true	postgres	1	true	false	true	hospital_customer_renewal_forecasts_r2011
true	true	true	true	true	true	true	true	postgres	1	true	false	true	hospital_customer_repair_job_cost_index_r2171
true	true	true	true	true	true	true	true	postgres	1	true	false	true	hospital_customer_retention_cohort_r2175
true	true	true	true	true	true	true	true	postgres	1	true	false	true	hospital_customer_saturation_index_r2007
true	true	true	true	true	true	true	true	postgres	1	true	false	true	hospital_customer_spend_trend_index_r2183
true	true	true	true	true	true	true	true	postgres	1	true	false	true	hospital_customer_stickiness_index_r2155
true	true	true	true	true	true	true	true	postgres	1	true	false	true	hospital_customer_survey_insights_r2191
true	true	true	true	true	true	true	true	postgres	1	true	false	true	hospital_customer_voice_aggregator_r2035
true	true	true	true	true	true	true	true	postgres	1	true	false	true	hospital_customer_voice_of_operations_r2127
true	true	true	true	true	true	true	true	postgres	1	true	false	true	hospital_customer_voice_sampling_r2163
true	true	true	true	true	true	true	true	postgres	1	true	false	true	hospital_customer_voice_trends_r2067
true	true	true	true	true	true	true	true	postgres	1	true	false	true	hospital_customer_win_back_tracker_r2179
true	true	true	true	true	true	true	true	postgres	1	true	false	true	hospital_decision_maker_relationships_r1811
true	true	true	true	true	true	true	true	postgres	1	true	false	true	hospital_decision_makers_r1811
true	true	true	true	true	true	true	true	postgres	1	true	false	true	hospital_decommission_replacement_log_r1835
true	true	true	true	true	true	true	true	postgres	1	true	false	true	hospital_demand_action_log_r2135
true	true	true	true	true	true	true	true	postgres	1	true	false	true	hospital_department_action_items_r1759
true	true	true	true	true	true	true	true	postgres	1	true	false	true	hospital_departments_r1759
true	true	true	true	true	true	true	true	postgres	1	true	false	true	hospital_discount_requests_r1707
true	true	true	true	true	true	true	true	postgres	1	true	false	true	hospital_discount_review_notes_r1707
true	true	true	true	true	true	true	true	postgres	1	true	false	true	hospital_doctor_champions_r1751
true	true	true	true	true	true	true	true	postgres	1	true	false	true	hospital_doctor_engagements_r1751
true	true	true	true	true	true	true	true	postgres	1	true	false	true	hospital_drop_off_action_log_r2159
true	true	true	true	true	true	true	true	postgres	1	true	false	true	hospital_elasticity_scores_r2271
true	true	true	true	true	true	true	true	postgres	1	true	false	true	hospital_emergency_response_drills_r1867
true	true	true	true	true	true	true	true	postgres	1	true	false	true	hospital_emergency_response_playbooks_r1867
true	true	true	true	true	true	true	true	postgres	1	true	false	true	hospital_engagement_history_r1799
true	true	true	true	true	true	true	true	postgres	1	true	false	true	hospital_engagement_scores_r1799
true	true	true	true	true	true	true	true	postgres	1	true	false	true	hospital_engineer_match_quality_r1975
true	true	true	true	true	true	true	true	postgres	1	true	false	true	hospital_engineer_onboarding_checkpoints_r1863
true	true	true	true	true	true	true	true	postgres	1	true	false	true	hospital_engineer_onboarding_pace_r1979
true	true	true	true	true	true	true	true	postgres	1	true	false	true	hospital_equipment_adoption_tracker_r2139
true	true	true	true	true	true	true	true	postgres	1	true	false	true	hospital_equipment_aging_curves_r1895
true	true	true	true	true	true	true	true	postgres	1	true	false	true	hospital_equipment_audits_r1667
true	true	true	true	true	true	true	true	postgres	1	true	false	true	hospital_equipment_catalog_r2063
true	true	true	true	true	true	true	true	postgres	1	true	false	true	hospital_equipment_decommissioning_r1835
true	true	true	true	true	true	true	true	postgres	1	true	false	true	hospital_equipment_failure_modes_r2055
true	true	true	true	true	true	true	true	postgres	1	true	false	true	hospital_equipment_inventory_audit_r2023
true	true	true	true	true	true	true	true	postgres	1	true	false	true	hospital_equipment_lifecycle_r1791
true	true	true	true	true	true	true	true	postgres	1	true	false	true	hospital_equipment_loaners_r1971
true	true	true	true	true	true	true	true	postgres	1	true	false	true	hospital_equipment_replacement_plan_r2047
true	true	true	true	true	true	true	true	postgres	1	true	false	true	hospital_equipment_replacement_planning_r1791
true	true	true	true	true	true	true	true	postgres	1	true	false	true	hospital_equipment_service_calendar_r2075
true	true	true	true	true	true	true	true	postgres	1	true	false	true	hospital_equipment_sourcing_vendor_map_r2111
true	true	true	true	true	true	true	true	postgres	1	true	false	true	hospital_equipment_warranty_r1903
true	true	true	true	true	true	true	true	postgres	1	true	false	true	hospital_escalation_events
true	true	true	true	true	true	true	true	postgres	1	true	false	true	hospital_escalation_route_audit_v2
true	true	true	true	true	true	true	true	postgres	1	true	false	true	hospital_escalation_routes_v2
true	true	true	true	true	true	true	true	postgres	1	true	false	true	hospital_expansion_events
true	true	true	true	true	true	true	true	postgres	1	true	false	true	hospital_expansion_milestones_r1855
true	true	true	true	true	true	true	true	postgres	1	true	false	true	hospital_expansion_uplift_ledger
true	true	true	true	true	true	true	true	postgres	1	true	false	true	hospital_failure_response_protocol_r2055
false	false	false	false	true	true	true	true	postgres	1	true	false	true	hospital_foot_traffic_density_r2976
true	true	true	true	true	true	true	true	postgres	1	true	false	true	hospital_free_trials_r1787
true	true	true	true	true	true	true	true	postgres	1	true	false	true	hospital_funnel_stage_log_r2003
true	true	true	true	true	true	true	true	postgres	1	true	false	true	hospital_geo_clusters_r1703
true	true	true	true	true	true	true	true	postgres	1	true	false	true	hospital_geographic_cluster_optimization_r2103
true	true	true	true	true	true	true	true	postgres	1	true	false	true	hospital_geographic_expansion_r1855
true	true	true	true	true	true	true	true	postgres	1	true	false	true	hospital_health_review_actions_r1691
true	true	true	true	true	true	true	true	postgres	1	true	false	true	hospital_health_score_action_log_r1983
true	true	true	true	true	true	true	true	postgres	1	true	false	true	hospital_health_scores_r1691
true	true	true	true	true	true	true	true	postgres	1	true	false	true	hospital_health_trend_action_log_r2131
false	false	false	false	true	true	true	true	postgres	1	true	false	true	hospital_helipad_audits_r3007
false	false	false	false	true	true	true	true	postgres	1	true	false	true	hospital_helipad_remediations_r3007
true	true	true	true	true	true	true	true	postgres	1	true	false	true	hospital_infra_gap_log_r2307
true	true	true	true	true	true	true	true	postgres	1	true	false	true	hospital_infra_precheck_r2307
true	true	true	true	true	true	true	true	postgres	1	true	false	true	hospital_innovation_stage_log_r2027
true	true	true	true	true	true	true	true	postgres	1	true	false	true	hospital_insurance_claim_events_v2
true	true	true	true	true	true	true	true	postgres	1	true	false	true	hospital_insurance_claims_r1719
true	true	true	true	true	true	true	true	postgres	1	true	false	true	hospital_insurance_claims_v2
true	true	true	true	true	true	true	true	postgres	1	true	false	true	hospital_insurance_premiums_r1719
true	true	true	true	true	true	true	true	postgres	1	true	false	true	hospital_invoices_outstanding_r1747
true	true	true	true	true	true	true	true	postgres	1	true	false	true	hospital_journey_action_log_r2031
true	true	true	true	true	true	true	true	postgres	1	true	false	true	hospital_lifecycle_action_log_r2143
true	true	true	true	true	true	true	true	postgres	1	true	false	true	hospital_lifetime_action_log_r1987
true	true	true	true	true	true	true	true	postgres	1	true	false	true	hospital_loaner_action_log_r1971
true	true	true	true	true	true	true	true	postgres	1	true	false	true	hospital_loaner_billing_actions_r1711
true	true	true	true	true	true	true	true	postgres	1	true	false	true	hospital_loaner_dispatches_r1711
true	true	true	true	true	true	true	true	postgres	1	true	false	true	hospital_local_marketing_activities_r1727
true	true	true	true	true	true	true	true	postgres	1	true	false	true	hospital_loss_lesson_log_r1999
true	true	true	true	true	true	true	true	postgres	1	true	false	true	hospital_loss_reason_analytics_r1999
true	true	true	true	true	true	true	true	postgres	0	true	false	true	hospital_lost_deal_actions_v2
true	true	true	true	true	true	true	true	postgres	0	true	false	true	hospital_lost_deals_v2
true	true	true	true	true	true	true	true	postgres	1	true	false	true	hospital_loyalty_action_log_r1951
true	true	true	true	true	true	true	true	postgres	1	true	false	true	hospital_loyalty_perk_activations_r1739
true	true	true	true	true	true	true	true	postgres	1	true	false	true	hospital_loyalty_tiers_r1739
true	true	true	true	true	true	true	true	postgres	1	true	false	true	hospital_loyalty_tiers_r1951
true	true	true	true	true	true	true	true	postgres	1	true	false	true	hospital_maintenance_action_log_r2051
true	true	true	true	true	true	true	true	postgres	1	true	false	true	hospital_maintenance_contract_status_r2051
true	true	true	true	true	true	true	true	postgres	1	true	false	true	hospital_marketing_lead_outcomes_r1727
true	true	true	true	true	true	true	true	postgres	1	true	false	true	hospital_match_action_log_r1975
true	true	true	true	true	true	true	true	postgres	1	true	false	true	hospital_mou_pipeline_r2251
true	true	true	true	true	true	true	true	postgres	1	true	false	true	hospital_mou_stage_events_r2251
true	true	true	true	true	true	true	true	postgres	1	true	false	true	hospital_multi_site_rollouts_r1927
true	true	true	true	true	true	true	true	postgres	1	true	false	true	hospital_multi_year_contracts_r1959
true	true	true	true	true	true	true	true	postgres	1	true	false	true	hospital_multi_year_plans_r1723
true	true	true	true	true	true	true	true	postgres	1	true	false	true	hospital_multi_year_renewal_log_r1959
true	true	true	true	true	true	true	true	postgres	1	true	false	true	hospital_new_engineer_onboarding_r1863
true	true	true	true	true	true	true	true	postgres	1	true	false	true	hospital_new_logo_activities_r1687
true	true	true	true	true	true	true	true	postgres	1	true	false	true	hospital_new_logo_prospects_r1687
true	true	true	true	true	true	true	true	postgres	1	true	false	true	hospital_oem_warranty_claims
true	true	true	true	true	true	true	true	postgres	1	true	false	true	hospital_onboarding_action_log_r1935
true	true	true	true	true	true	true	true	postgres	1	true	false	true	hospital_onboarding_friction_r1935
true	true	true	true	true	true	true	true	postgres	1	true	false	true	hospital_onboarding_kit_events_r2275
true	true	true	true	true	true	true	true	postgres	1	true	false	true	hospital_onboarding_kits_r2275
true	true	true	true	true	true	true	true	postgres	1	true	false	true	hospital_onboarding_pace_action_log_r1979
true	true	true	true	true	true	true	true	postgres	1	true	false	true	hospital_onboarding_quality_action_log_r2151
true	true	true	true	true	true	true	true	postgres	1	true	false	true	hospital_ops_action_plans_r1775
true	true	true	true	true	true	true	true	postgres	1	true	false	true	hospital_ops_excellence_scores_r1775
true	true	true	true	true	true	true	true	postgres	1	true	false	true	hospital_ownership_events
true	true	true	true	true	true	true	true	postgres	1	true	false	true	hospital_ownership_outreach
true	true	true	true	true	true	true	true	postgres	1	true	false	true	hospital_pain_resolution_log_r2087
true	true	true	true	true	true	true	true	postgres	1	true	false	true	hospital_pause_resume_actions_r1795
true	true	true	true	true	true	true	true	postgres	1	true	false	true	hospital_payment_scorecard_r2247
true	true	true	true	true	true	true	true	postgres	1	true	false	true	hospital_payment_trend_r2247
true	true	true	true	true	true	true	true	postgres	1	true	false	true	hospital_plan_quarterly_reviews_r1723
true	true	true	true	true	true	true	true	postgres	1	true	false	true	hospital_pm_cm_monthly_r2412
false	false	false	false	true	true	true	true	postgres	2	true	false	true	hospital_portal_dispute_requests
false	false	false	false	true	true	true	true	postgres	1	true	false	true	hospital_portal_feature_flags
false	false	false	false	true	true	true	true	postgres	2	true	false	true	hospital_portal_self_service_requests
false	false	false	false	true	true	true	true	postgres	1	true	false	true	hospital_portal_session_log
true	true	true	true	true	true	true	true	postgres	1	true	false	true	hospital_pricing_approval_log_r1871
true	true	true	true	true	true	true	true	postgres	1	true	false	true	hospital_pricing_approvals_r1871
true	true	true	true	true	true	true	true	postgres	1	true	false	true	hospital_pricing_change_log_r2079
true	true	true	true	true	true	true	true	postgres	1	true	false	true	hospital_procurement_activities_r1823
true	true	true	true	true	true	true	true	postgres	1	true	false	true	hospital_procurement_bid_competitors
true	true	true	true	true	true	true	true	postgres	1	true	false	true	hospital_procurement_contacts_r1923
true	true	true	true	true	true	true	true	postgres	1	true	false	true	hospital_procurement_cycle_events_r2232
true	true	true	true	true	true	true	true	postgres	1	true	false	true	hospital_procurement_cycle_r2015
true	true	true	true	true	true	true	true	postgres	1	true	false	true	hospital_procurement_cycles_r1823
true	true	true	true	true	true	true	true	postgres	1	true	false	true	hospital_procurement_officers
true	true	true	true	true	true	true	true	postgres	1	true	false	true	hospital_procurement_outreach_log_r1923
true	true	true	true	true	true	true	true	postgres	1	true	false	true	hospital_procurement_phase_log_r2015
true	true	true	true	true	true	true	true	postgres	1	true	false	true	hospital_procurement_predictions_r2232
true	true	true	true	true	true	true	true	postgres	1	true	false	true	hospital_procurement_process_stages_r2083
true	true	true	true	true	true	true	true	postgres	1	true	false	true	hospital_procurement_progress_log_r2083
true	true	true	true	true	true	true	true	postgres	1	true	false	true	hospital_procurement_signals
true	true	true	true	true	true	true	true	postgres	1	true	false	true	hospital_procurement_tenders
true	true	true	true	true	true	true	true	postgres	1	true	false	true	hospital_purchase_commitment_events_r2223
true	true	true	true	true	true	true	true	postgres	1	true	false	true	hospital_purchase_commitments_r2223
true	true	true	true	true	true	true	true	postgres	1	true	false	true	hospital_qbr_action_items
true	true	true	true	true	true	true	true	postgres	1	true	false	true	hospital_qbr_action_items_r1671
true	true	true	true	true	true	true	true	postgres	1	true	false	true	hospital_qbr_action_items_r2215
true	true	true	true	true	true	true	true	postgres	1	true	false	true	hospital_qbr_followup_tasks_r1819
true	true	true	true	true	true	true	true	postgres	1	true	false	true	hospital_qbr_notes_r1819
true	true	true	true	true	true	true	true	postgres	1	true	false	true	hospital_qbr_outcomes
true	true	true	true	true	true	true	true	postgres	1	true	false	true	hospital_qbr_sessions_r1671
true	true	true	true	true	true	true	true	postgres	1	true	false	true	hospital_qbr_sessions_r2215
true	true	true	true	true	true	true	true	postgres	1	true	false	true	hospital_quality_action_log_r1915
true	true	true	true	true	true	true	true	postgres	1	true	false	true	hospital_quote_revisions_r1735
true	true	true	true	true	true	true	true	postgres	1	true	false	true	hospital_quote_to_close_funnel_r2003
true	true	true	true	true	true	true	true	postgres	1	true	false	true	hospital_rate_hike_events_r2271
true	true	true	true	true	true	true	true	postgres	1	true	false	true	hospital_reference_grooming_actions_r1839
true	true	true	true	true	true	true	true	postgres	1	true	false	true	hospital_reference_pipeline_r1839
true	true	true	true	true	true	true	true	postgres	1	true	false	true	hospital_reference_use_log_r2119
true	true	true	true	true	true	true	true	postgres	1	true	false	true	hospital_referral_attributions_r2395
true	true	true	true	true	true	true	true	postgres	1	true	false	true	hospital_referral_bounty_payouts
true	true	true	true	true	true	true	true	postgres	1	true	false	true	hospital_referral_sources_r2395
true	true	true	true	true	true	true	true	postgres	1	true	false	true	hospital_renewal_action_log_r1939
true	true	true	true	true	true	true	true	postgres	1	true	false	true	hospital_renewal_at_risk_interventions_r1887
true	true	true	true	true	true	true	true	postgres	1	true	false	true	hospital_renewal_at_risk_signals_r1887
true	true	true	true	true	true	true	true	postgres	1	true	false	true	hospital_renewal_forecast_action_log_r2011
true	true	true	true	true	true	true	true	postgres	1	true	false	true	hospital_renewal_outreach_log_r1731
true	true	true	true	true	true	true	true	postgres	1	true	false	true	hospital_renewal_pipeline_r1731
true	true	true	true	true	true	true	true	postgres	1	true	false	true	hospital_renewal_v2_action_log_r2115
true	true	true	true	true	true	true	true	postgres	1	true	false	true	hospital_renewal_winbacks_r1767
true	true	true	true	true	true	true	true	postgres	1	true	false	true	hospital_reopen_action_log_r2095
true	true	true	true	true	true	true	true	postgres	1	true	false	true	hospital_repair_job_reopen_tracker_r2095
true	true	true	true	true	true	true	true	postgres	1	true	false	true	hospital_repair_job_volume_forecast_r2091
true	true	true	true	true	true	true	true	postgres	1	true	false	true	hospital_repair_job_volume_spike_r2107
true	true	true	true	true	true	true	true	postgres	1	true	false	true	hospital_repair_status_action_log_r1967
true	true	true	true	true	true	true	true	postgres	1	true	false	true	hospital_repair_status_realtime_r1967
true	true	true	true	true	true	true	true	postgres	1	true	false	true	hospital_repeat_booking_drivers_r1907
true	true	true	true	true	true	true	true	postgres	1	true	false	true	hospital_repeat_booking_log_r1907
true	true	true	true	true	true	true	true	postgres	1	true	false	true	hospital_repeat_bookings_forecast_r1995
true	true	true	true	true	true	true	true	postgres	1	true	false	true	hospital_repeat_forecast_action_log_r1995
true	true	true	true	true	true	true	true	postgres	1	true	false	true	hospital_replacement_action_log_r2047
true	true	true	true	true	true	true	true	postgres	1	true	false	true	hospital_replacement_quotes_r1735
true	true	true	true	true	true	true	true	postgres	1	true	false	true	hospital_review_action_log_r2123
true	true	true	true	true	true	true	true	postgres	1	true	false	true	hospital_rfp_events_r2207
true	true	true	true	true	true	true	true	postgres	1	true	false	true	hospital_rfp_responses_r2207
true	true	true	true	true	true	true	true	postgres	1	true	false	true	hospital_rollout_site_log_r1927
true	true	true	true	true	true	true	true	postgres	1	true	false	true	hospital_sales_referrals
true	true	true	true	true	true	true	true	postgres	1	true	false	true	hospital_satisfaction_dim_weights_v2
true	true	true	true	true	true	true	true	postgres	1	true	false	true	hospital_satisfaction_surveys_v2
true	true	true	true	true	true	true	true	postgres	1	true	false	true	hospital_saturation_action_log_r2007
true	true	true	true	true	true	true	true	postgres	1	true	false	true	hospital_save_plan_steps
true	true	true	true	true	true	true	true	postgres	1	true	false	true	hospital_save_plans
true	true	true	true	true	true	true	true	postgres	1	true	false	true	hospital_service_audit_schedule_r2099
true	true	true	true	true	true	true	true	postgres	1	true	false	true	hospital_service_backlog_r2043
true	true	true	true	true	true	true	true	postgres	1	true	false	true	hospital_service_calendar_action_log_r2075
true	true	true	true	true	true	true	true	postgres	1	true	false	true	hospital_service_cancellation_heatmap_r1991
true	true	true	true	true	true	true	true	postgres	1	true	false	true	hospital_service_capacity_forecast_r2071
true	true	true	true	true	true	true	true	postgres	1	true	false	true	hospital_service_contract_renewals_r1939
true	true	true	true	true	true	true	true	postgres	1	true	false	true	hospital_service_contract_renewals_v2_r2115
true	true	true	true	true	true	true	true	postgres	1	true	false	true	hospital_service_cost_per_job_r1879
true	true	true	true	true	true	true	true	postgres	1	true	false	true	hospital_service_excellence_awards_r1827
true	true	true	true	true	true	true	true	postgres	1	true	false	true	hospital_service_excellence_nominations_r1827
true	true	true	true	true	true	true	true	postgres	1	true	false	true	hospital_service_excellence_surveys_r1955
true	true	true	true	true	true	true	true	postgres	1	true	false	true	hospital_service_geo_hotspots_r1831
true	true	true	true	true	true	true	true	postgres	1	true	false	true	hospital_service_geo_locations_r1831
true	true	true	true	true	true	true	true	postgres	1	true	false	true	hospital_service_innovation_pipeline_r2027
true	true	true	true	true	true	true	true	postgres	1	true	false	true	hospital_service_pauses_r1795
true	true	true	true	true	true	true	true	postgres	1	true	false	true	hospital_service_quality_dashboard_r1915
true	true	true	true	true	true	true	true	postgres	1	true	false	true	hospital_service_sla_r1771
true	true	true	true	true	true	true	true	postgres	1	true	false	true	hospital_service_survey_action_log_r1955
true	true	true	true	true	true	true	true	postgres	1	true	false	true	hospital_service_tier_history_r1859
true	true	true	true	true	true	true	true	postgres	1	true	false	true	hospital_service_tier_pricing_r2079
true	true	true	true	true	true	true	true	postgres	1	true	false	true	hospital_service_tiers_r1859
true	true	true	true	true	true	true	true	postgres	1	true	false	true	hospital_service_volume_anomalies_r1779
true	true	true	true	true	true	true	true	postgres	1	true	false	true	hospital_service_volume_heatmap_r1779
true	true	true	true	true	true	true	true	postgres	1	true	false	true	hospital_service_window_conflicts_r1843
true	true	true	true	true	true	true	true	postgres	1	true	false	true	hospital_service_window_forecast_r1899
true	true	true	true	true	true	true	true	postgres	1	true	false	true	hospital_service_window_optimization_r1883
true	true	true	true	true	true	true	true	postgres	1	true	false	true	hospital_service_window_optimization_r2059
true	true	true	true	true	true	true	true	postgres	1	true	false	true	hospital_service_window_resolution_log_r1843
true	true	true	true	true	true	true	true	postgres	1	true	false	true	hospital_service_window_routing_rules_r1883
true	true	true	true	true	true	true	true	postgres	1	true	false	true	hospital_site_visit_outcomes
true	true	true	true	true	true	true	true	postgres	1	true	false	true	hospital_site_visits
true	true	true	true	true	true	true	true	postgres	1	true	false	true	hospital_sla_breach_log_r1771
true	true	true	true	true	true	true	true	postgres	1	true	false	true	hospital_sla_breach_log_r1963
true	true	true	true	true	true	true	true	postgres	1	true	false	true	hospital_sla_drift_actions_r1807
true	true	true	true	true	true	true	true	postgres	1	true	false	true	hospital_sla_drift_log_r1807
true	true	true	true	true	true	true	true	postgres	1	true	false	true	hospital_spare_parts_sla_r1963
true	true	true	true	true	true	true	true	postgres	1	true	false	true	hospital_spend_action_log_r2183
true	true	true	true	true	true	true	true	postgres	1	true	false	true	hospital_spend_review_log_r1931
true	true	true	true	true	true	true	true	postgres	1	true	false	true	hospital_sq_benchmark_snapshots
true	true	true	true	true	true	true	true	postgres	1	true	false	true	hospital_sq_review_actions
true	true	true	true	true	true	true	true	postgres	1	true	false	true	hospital_stakeholder_engagements_r1699
true	true	true	true	true	true	true	true	postgres	1	true	false	true	hospital_stakeholders_r1699
true	true	true	true	true	true	true	true	postgres	1	true	false	true	hospital_stickiness_action_log_r2155
true	true	true	true	true	true	true	true	postgres	1	true	false	true	hospital_stockout_action_log_r1911
true	true	true	true	true	true	true	true	postgres	1	true	false	true	hospital_supply_action_log_r2039
true	true	true	true	true	true	true	true	postgres	1	true	false	true	hospital_supply_chain_risks_r1943
true	true	true	true	true	true	true	true	postgres	1	true	false	true	hospital_supply_chain_visibility_r2039
true	true	true	true	true	true	true	true	postgres	1	true	false	true	hospital_supply_risk_action_log_r1943
true	true	true	true	true	true	true	true	postgres	1	true	false	true	hospital_survey_action_log_r2191
true	true	true	true	true	true	true	true	postgres	1	true	false	true	hospital_switching_actions_r1679
true	true	true	true	true	true	true	true	postgres	1	true	false	true	hospital_switching_signals_r1679
true	true	true	true	true	true	true	true	postgres	1	true	false	true	hospital_tech_integration_log_r1919
true	true	true	true	true	true	true	true	postgres	1	true	false	true	hospital_tech_stack_compatibility_r1919
true	true	true	true	true	true	true	true	postgres	1	true	false	true	hospital_tender_action_log_r2019
true	true	true	true	true	true	true	true	postgres	1	true	false	true	hospital_tender_bids_r1715
true	true	true	true	true	true	true	true	postgres	1	true	false	true	hospital_tender_documents_r1715
true	true	true	true	true	true	true	true	postgres	1	true	false	true	hospital_tender_evaluation_r2019
true	true	true	true	true	true	true	true	postgres	1	true	false	true	hospital_tender_loss_lessons_r2259
true	true	true	true	true	true	true	true	postgres	1	true	false	true	hospital_tender_losses_r2259
true	true	true	true	true	true	true	true	postgres	1	true	false	true	hospital_tier_a_onboarding
true	true	true	true	true	true	true	true	postgres	1	true	false	true	hospital_tier_a_steps
true	true	true	true	true	true	true	true	postgres	1	true	false	true	hospital_transition_action_log_r2187
true	true	true	true	true	true	true	true	postgres	1	true	false	true	hospital_trial_conversion_efforts_r1787
true	true	true	true	true	true	true	true	postgres	1	true	false	true	hospital_velocity_action_log_r2167
true	true	true	true	true	true	true	true	postgres	1	true	false	true	hospital_vendor_action_log_r2111
true	true	true	true	true	true	true	true	postgres	1	true	false	true	hospital_vendor_consolidation_actions_r1683
true	true	true	true	true	true	true	true	postgres	1	true	false	true	hospital_vendor_listings_r1683
true	true	true	true	true	true	true	true	postgres	1	true	false	true	hospital_vip_accounts_r2204
true	true	true	true	true	true	true	true	postgres	1	true	false	true	hospital_vip_contacts
true	true	true	true	true	true	true	true	postgres	1	true	false	true	hospital_vip_escalation_events
true	true	true	true	true	true	true	true	postgres	1	true	false	true	hospital_vip_escalations
true	true	true	true	true	true	true	true	postgres	1	true	false	true	hospital_vip_escalations_r2204
true	true	true	true	true	true	true	true	postgres	1	true	false	true	hospital_vip_followups_r2243
true	true	true	true	true	true	true	true	postgres	1	true	false	true	hospital_vip_touchpoints
true	true	true	true	true	true	true	true	postgres	1	true	false	true	hospital_vip_visits_r2243
true	true	true	true	true	true	true	true	postgres	1	true	false	true	hospital_voice_action_log_r2035
true	true	true	true	true	true	true	true	postgres	1	true	false	true	hospital_voice_action_log_r2127
true	true	true	true	true	true	true	true	postgres	1	true	false	true	hospital_voice_action_log_r2163
true	true	true	true	true	true	true	true	postgres	1	true	false	true	hospital_voice_evolution_r1891
true	true	true	true	true	true	true	true	postgres	1	true	false	true	hospital_voice_trend_action_log_r2067
true	true	true	true	true	true	true	true	postgres	1	true	false	true	hospital_volume_action_log_r2091
true	true	true	true	true	true	true	true	postgres	1	true	false	true	hospital_volume_spike_action_log_r2107
true	true	true	true	true	true	true	true	postgres	1	true	false	true	hospital_warranty_renewal_actions_r1903
true	true	true	true	true	true	true	true	postgres	1	true	false	true	hospital_win_back_action_log_r2179
true	true	true	true	true	true	true	true	postgres	1	true	false	true	hospital_win_stories_r1815
true	true	true	true	true	true	true	true	postgres	1	true	false	true	hospital_win_story_uses_r1815
true	true	true	true	true	true	true	true	postgres	1	true	false	true	hospital_winback_attempts_r1767
true	true	true	true	true	true	true	true	postgres	1	true	false	true	hospital_window_capacity_actions_r1899
true	true	true	true	true	true	true	true	postgres	1	true	false	true	hospital_window_optimization_log_r2059
true	true	true	true	true	true	true	true	postgres	1	true	false	true	hospital_writeoff_events
true	true	true	true	true	true	true	true	postgres	1	true	false	true	hospital_writeoff_risk_snapshots
true	true	true	true	true	true	true	true	postgres	0	true	false	true	hot_air_oven_qc_capa_actions_r3479
true	true	true	true	true	true	true	true	postgres	0	true	false	true	hot_air_oven_qc_r3479
true	true	true	true	true	true	true	true	postgres	1	true	false	true	hq_lease_audit_findings_r2953
true	true	true	true	true	true	true	true	postgres	1	true	false	true	hq_lease_renewal_candidates_r2953
true	true	true	true	true	true	true	true	postgres	0	true	false	true	hysteroscope_qc_capa_actions_r3546
true	true	true	true	true	true	true	true	postgres	0	true	false	true	hysteroscope_qc_r3546
true	true	true	true	true	true	true	true	postgres	0	true	false	true	i18n_coverage_capa_actions_r3709
true	true	true	true	true	true	true	true	postgres	0	true	false	true	i18n_coverage_r3709
true	true	true	true	true	true	true	true	postgres	1	true	false	true	icmr_research_projects_r2727
true	true	true	true	true	true	true	true	postgres	1	true	false	true	icmr_research_publications_r2727
true	true	true	true	true	true	true	true	postgres	0	true	false	true	icp_monitor_qc_capa_actions_r3534
true	true	true	true	true	true	true	true	postgres	0	true	false	true	icp_monitor_qc_r3534
true	true	true	true	true	true	true	true	postgres	0	true	false	true	icu_bed_capa_actions_r3211
true	true	true	true	true	true	true	true	postgres	0	true	false	true	icu_bed_r3211
true	true	true	true	true	true	true	true	postgres	1	true	false	true	icu_monitor_leadwire_audits_r3063
true	true	true	true	true	true	true	true	postgres	1	true	false	true	icu_monitor_leadwire_remediation_r3063
true	true	true	true	true	true	true	true	postgres	0	true	false	true	iec_dgft_capa_actions_r3739
true	true	true	true	true	true	true	true	postgres	0	true	false	true	iec_dgft_r3739
true	true	true	true	true	true	true	true	postgres	0	true	false	true	iepf_capa_actions_r3637
true	true	true	true	true	true	true	true	postgres	0	true	false	true	iepf_r3637
true	true	true	true	true	true	true	true	postgres	0	true	false	true	ifu_version_currency_capa_actions_r3392
true	true	true	true	true	true	true	true	postgres	0	true	false	true	ifu_version_currency_r3392
true	true	true	true	true	true	true	true	postgres	0	true	false	true	immunoassay_clia_qc_capa_actions_r3466
true	true	true	true	true	true	true	true	postgres	0	true	false	true	immunoassay_clia_qc_r3466
true	true	true	true	true	true	true	true	postgres	0	true	false	true	immunohematology_qc_capa_actions_r3558
true	true	true	true	true	true	true	true	postgres	0	true	false	true	immunohematology_qc_r3558
true	true	true	true	true	true	true	true	postgres	0	true	false	true	implant_consignment_capa_actions_r3295
true	true	true	true	true	true	true	true	postgres	0	true	false	true	implant_consignment_r3295
true	true	true	true	true	true	true	true	postgres	0	true	false	true	import_forex_lc_capa_actions_r3341
true	true	true	true	true	true	true	true	postgres	0	true	false	true	import_forex_lc_r3341
true	true	true	true	true	true	true	true	postgres	0	true	false	true	import_license_capa_actions_r3642
true	true	true	true	true	true	true	true	postgres	0	true	false	true	import_license_r3642
true	true	true	true	true	true	true	true	postgres	1	true	false	true	incentive_leakage_audit_r2422
false	false	false	false	true	true	true	true	postgres	1	true	false	true	incubator_brand_audit_findings_r2963
false	false	false	false	true	true	true	true	postgres	1	true	false	true	incubator_brand_fleet_units_r2963
true	true	true	true	true	true	true	true	postgres	1	true	false	true	incubator_probe_drift_audits_r3075
true	true	true	true	true	true	true	true	postgres	1	true	false	true	incubator_safety_remediation_r3075
true	true	true	true	true	true	true	true	postgres	0	true	false	true	indas_transition_capa_actions_r3636
true	true	true	true	true	true	true	true	postgres	0	true	false	true	indas_transition_r3636
true	true	true	true	true	true	true	true	postgres	0	true	false	true	infant_resus_capa_actions_r3207
true	true	true	true	true	true	true	true	postgres	0	true	false	true	infant_resus_r3207
true	true	true	true	true	true	true	true	postgres	0	true	false	true	infosec_posture_capa_actions_r3305
true	true	true	true	true	true	true	true	postgres	0	true	false	true	infosec_posture_r3305
true	true	true	true	true	true	true	true	postgres	0	true	false	true	infra_uptime_capa_actions_r3727
true	true	true	true	true	true	true	true	postgres	0	true	false	true	infra_uptime_r3727
true	true	true	true	true	true	true	true	postgres	0	true	false	true	infusion_pump_capa_actions_r3143
false	false	false	false	true	true	true	true	postgres	1	true	false	true	infusion_pump_inventory_r3023
true	true	true	true	true	true	true	true	postgres	0	true	false	true	infusion_pump_r3143
true	true	true	true	true	true	true	true	postgres	0	true	false	true	ins_broker_capa_actions_r3708
true	true	true	true	true	true	true	true	postgres	0	true	false	true	ins_broker_r3708
true	true	true	true	true	true	true	true	postgres	0	true	false	true	inservice_training_capa_actions_r3288
true	true	true	true	true	true	true	true	postgres	0	true	false	true	inservice_training_r3288
true	true	true	true	true	true	true	true	postgres	0	true	false	true	install_leadtime_cycle_capa_actions_r3460
true	true	true	true	true	true	true	true	postgres	0	true	false	true	install_leadtime_cycle_r3460
true	true	true	true	true	true	true	true	postgres	0	true	false	true	install_punchlist_snag_capa_actions_r3448
true	true	true	true	true	true	true	true	postgres	0	true	false	true	install_punchlist_snag_r3448
true	true	true	true	true	true	true	true	postgres	1	true	false	true	installed_base_upsell_actions_r2575
true	true	true	true	true	true	true	true	postgres	0	true	false	true	insufflator_co2_capa_actions_r3234
true	true	true	true	true	true	true	true	postgres	0	true	false	true	insufflator_co2_r3234
true	true	true	true	true	true	true	true	postgres	0	true	false	true	insurance_claim_recovery_actions_r3107
true	true	true	true	true	true	true	true	postgres	0	true	false	true	insurance_claims_pipeline_r3107
true	true	true	true	true	true	true	true	postgres	0	true	false	true	insurance_coverage_capa_actions_r3161
true	true	true	true	true	true	true	true	postgres	0	true	false	true	insurance_coverage_r3161
true	true	true	true	true	true	true	true	postgres	0	true	false	true	inter_unit_recon_capa_actions_r3623
true	true	true	true	true	true	true	true	postgres	0	true	false	true	inter_unit_recon_r3623
true	true	true	true	true	true	true	true	postgres	0	true	false	true	intercompany_transfer_recon_capa_actions_r3373
true	true	true	true	true	true	true	true	postgres	0	true	false	true	intercompany_transfer_recon_r3373
true	true	true	true	true	true	true	true	postgres	0	true	false	true	internal_audit_finding_capa_actions_r3257
true	true	true	true	true	true	true	true	postgres	0	true	false	true	internal_audit_finding_r3257
true	true	true	true	true	true	true	true	postgres	1	true	false	true	internal_tool_candidates_r2797
true	true	true	true	true	true	true	true	postgres	1	true	false	true	internal_tool_decisions_r2797
true	true	true	true	true	true	true	true	postgres	0	true	false	true	inv_cycle_count_capa_actions_r3352
true	true	true	true	true	true	true	true	postgres	0	true	false	true	inv_cycle_count_r3352
false	false	false	false	true	true	true	true	postgres	1	true	false	true	inventor_recognition_audit_r3005
true	true	true	true	true	true	true	true	postgres	0	true	false	true	inventory_aging_capa_actions_r3593
true	true	true	true	true	true	true	true	postgres	0	true	false	true	inventory_aging_r3593
true	true	true	true	true	true	true	true	postgres	1	true	false	true	investment_decision_actions_r2639
true	true	true	true	true	true	true	true	postgres	1	true	false	true	investor_409a_grant_log_r1949
true	true	true	true	true	true	true	true	postgres	1	true	false	true	investor_409a_valuations_r1949
true	true	true	true	true	true	true	true	postgres	1	true	false	true	investor_422_substantial_tests_r1857
true	true	true	true	true	true	true	true	postgres	1	true	false	true	investor_422_test_documents_r1857
true	true	true	true	true	true	true	true	postgres	1	true	false	true	investor_506b_attestations_r1809
true	true	true	true	true	true	true	true	postgres	1	true	false	true	investor_506b_compliance_r1809
true	true	true	true	true	true	true	true	postgres	1	true	false	true	investor_8x8_action_log_r2009
true	true	true	true	true	true	true	true	postgres	1	true	false	true	investor_8x8_reporting_packs_r2009
true	true	true	true	true	true	true	true	postgres	1	true	false	true	investor_alert_action_log_r2137
true	true	true	true	true	true	true	true	postgres	1	true	false	true	investor_allocation_action_log_r2057
true	true	true	true	true	true	true	true	postgres	1	true	false	true	investor_allocation_cap_r2057
true	true	true	true	true	true	true	true	postgres	1	true	false	true	investor_amendment_action_log_r2157
true	true	true	true	true	true	true	true	postgres	1	true	false	true	investor_anniversary_dates_r1725
true	true	true	true	true	true	true	true	postgres	1	true	false	true	investor_anniversary_gifts_r1837
true	true	true	true	true	true	true	true	postgres	1	true	false	true	investor_anniversary_outreach_log_r1725
true	true	true	true	true	true	true	true	postgres	1	true	false	true	investor_annual_letter_drafts_r1905
true	true	true	true	true	true	true	true	postgres	1	true	false	true	investor_annual_letter_reactions_r1741
true	true	true	true	true	true	true	true	postgres	1	true	false	true	investor_annual_letters_r1741
true	true	true	true	true	true	true	true	postgres	1	true	false	true	investor_annual_report_action_log_r2081
true	true	true	true	true	true	true	true	postgres	1	true	false	true	investor_annual_report_reaction_log_r2129
true	true	true	true	true	true	true	true	postgres	1	true	false	true	investor_annual_report_schedule_r2081
true	true	true	true	true	true	true	true	postgres	1	true	false	true	investor_anti_dilution_action_log_r1965
true	true	true	true	true	true	true	true	postgres	1	true	false	true	investor_anti_dilution_action_log_r2165
true	true	true	true	true	true	true	true	postgres	1	true	false	true	investor_anti_dilution_triggers_r1965
true	true	true	true	true	true	true	true	postgres	1	true	false	true	investor_audit_trail_compliance_r1981
true	true	true	true	true	true	true	true	postgres	1	true	false	true	investor_audit_trail_log_r1981
true	true	true	true	true	true	true	true	postgres	1	true	false	true	investor_beneficiaries_r1753
true	true	true	true	true	true	true	true	postgres	1	true	false	true	investor_beneficiary_documents_r1753
true	true	true	true	true	true	true	true	postgres	1	true	false	true	investor_board_pack_sends_r2429
true	true	true	true	true	true	true	true	postgres	1	true	false	true	investor_bridge_financing_assumptions_r1893
true	true	true	true	true	true	true	true	postgres	1	true	false	true	investor_bridge_financing_calculators_r1893
true	true	true	true	true	true	true	true	postgres	1	true	false	true	investor_bridge_participants_r1853
true	true	true	true	true	true	true	true	postgres	1	true	false	true	investor_bridge_rounds_r1853
true	true	true	true	true	true	true	true	postgres	1	true	false	true	investor_buyback_action_log_r2185
true	true	true	true	true	true	true	true	postgres	1	true	false	true	investor_call_objection_drills_r2889
true	true	true	true	true	true	true	true	postgres	1	true	false	true	investor_cap_refresh_documents_r1777
true	true	true	true	true	true	true	true	postgres	1	true	false	true	investor_cap_refresh_schedule_r1777
true	true	true	true	true	true	true	true	postgres	1	true	false	true	investor_cap_round_forecasts_r1961
true	true	true	true	true	true	true	true	postgres	1	true	false	true	investor_cap_round_scenario_log_r1961
true	true	true	true	true	true	true	true	postgres	1	true	false	true	investor_cap_table_anti_dilution_trigger_r2165
true	true	true	true	true	true	true	true	postgres	1	true	false	true	investor_cap_table_buyback_r2185
true	true	true	true	true	true	true	true	postgres	1	true	false	true	investor_cap_table_conversion_trigger_r2193
true	true	true	true	true	true	true	true	postgres	1	true	false	true	investor_cap_table_dividend_preference_r2189
true	true	true	true	true	true	true	true	postgres	1	true	false	true	investor_cap_table_drag_along_tracker_r2149
true	true	true	true	true	true	true	true	postgres	1	true	false	true	investor_cap_table_drift_r1929
true	true	true	true	true	true	true	true	postgres	1	true	false	true	investor_cap_table_equity_refresh_r2181
true	true	true	true	true	true	true	true	postgres	1	true	false	true	investor_cap_table_lockup_r2101
true	true	true	true	true	true	true	true	postgres	1	true	false	true	investor_cap_table_option_grant_r2177
true	true	true	true	true	true	true	true	postgres	1	true	false	true	investor_cap_table_reconciliation_log_r1929
true	true	true	true	true	true	true	true	postgres	1	true	false	true	investor_cap_table_reconciliation_schedule_r2077
true	true	true	true	true	true	true	true	postgres	1	true	false	true	investor_cap_table_share_class_tracker_r2173
true	true	true	true	true	true	true	true	postgres	1	true	false	true	investor_cap_table_snapshot_review_log_r2021
true	true	true	true	true	true	true	true	postgres	1	true	false	true	investor_cap_table_snapshots_r2021
true	true	true	true	true	true	true	true	postgres	1	true	false	true	investor_cap_table_stock_plan_tracker_r2169
true	true	true	true	true	true	true	true	postgres	1	true	false	true	investor_cap_table_vesting_schedule_r2153
true	true	true	true	true	true	true	true	postgres	1	true	false	true	investor_capital_account_dispute_log_r1877
true	true	true	true	true	true	true	true	postgres	1	true	false	true	investor_capital_account_statements_r1877
true	true	true	true	true	true	true	true	postgres	1	true	false	true	investor_capital_call_log_r1909
true	true	true	true	true	true	true	true	postgres	1	true	false	true	investor_capital_call_messages_r1697
true	true	true	true	true	true	true	true	postgres	1	true	false	true	investor_capital_call_schedule_r1909
true	true	true	true	true	true	true	true	postgres	1	true	false	true	investor_capital_calls
true	true	true	true	true	true	true	true	postgres	1	true	false	true	investor_capital_calls_r1697
true	true	true	true	true	true	true	true	postgres	1	true	false	true	investor_capital_commitments
true	true	true	true	true	true	true	true	postgres	1	true	false	true	investor_capital_pool_entries_r1821
true	true	true	true	true	true	true	true	postgres	1	true	false	true	investor_capital_pool_events_r1821
true	true	true	true	true	true	true	true	postgres	1	true	false	true	investor_capital_recall_comms_r1885
true	true	true	true	true	true	true	true	postgres	1	true	false	true	investor_capital_recall_documents_r1869
true	true	true	true	true	true	true	true	postgres	1	true	false	true	investor_capital_recalls_r1869
true	true	true	true	true	true	true	true	postgres	1	true	false	true	investor_carry_action_log_r1985
true	true	true	true	true	true	true	true	postgres	1	true	false	true	investor_carry_calculations_r1985
true	true	true	true	true	true	true	true	postgres	1	true	false	true	investor_cim_distributions_r1889
true	true	true	true	true	true	true	true	postgres	1	true	false	true	investor_cim_view_metrics_r1889
true	true	true	true	true	true	true	true	postgres	1	true	false	true	investor_co_investment_observations_r1769
true	true	true	true	true	true	true	true	postgres	1	true	false	true	investor_co_investment_pairings_r1769
true	true	true	true	true	true	true	true	postgres	1	true	false	true	investor_co_investor_action_log_r2033
true	true	true	true	true	true	true	true	postgres	1	true	false	true	investor_co_investor_network_r2033
true	true	true	true	true	true	true	true	postgres	1	true	false	true	investor_co_sale_action_log_r2089
true	true	true	true	true	true	true	true	postgres	1	true	false	true	investor_co_sale_rights_r2089
true	true	true	true	true	true	true	true	postgres	1	true	false	true	investor_cold_actions
false	false	false	false	true	true	true	true	postgres	1	true	false	true	investor_comm_consent_log_r1833
false	false	false	false	true	true	true	true	postgres	1	true	false	true	investor_comm_preferences_r1833
true	true	true	true	true	true	true	true	postgres	1	true	false	true	investor_commit_state_changes_r1793
true	true	true	true	true	true	true	true	postgres	1	true	false	true	investor_comms_commitments_r1681
true	true	true	true	true	true	true	true	postgres	1	true	false	true	investor_comms_deliveries_r1681
true	true	true	true	true	true	true	true	postgres	1	true	false	true	investor_communication_frequency_audit_r2073
true	true	true	true	true	true	true	true	postgres	1	true	false	true	investor_communication_touch_cadence_r2029
true	true	true	true	true	true	true	true	postgres	1	true	false	true	investor_compliance_action_log_r2125
true	true	true	true	true	true	true	true	postgres	1	true	false	true	investor_compliance_checkin_log_r2013
true	true	true	true	true	true	true	true	postgres	1	true	false	true	investor_compliance_checkin_schedule_r2013
true	true	true	true	true	true	true	true	postgres	1	true	false	true	investor_confidentiality_action_log_r2069
true	true	true	true	true	true	true	true	postgres	1	true	false	true	investor_confidentiality_agreements_r2069
true	true	true	true	true	true	true	true	postgres	1	true	false	true	investor_conversion_action_log_r2193
true	true	true	true	true	true	true	true	postgres	1	true	false	true	investor_convertible_note_events
true	true	true	true	true	true	true	true	postgres	1	true	false	true	investor_convertible_note_log_r1969
true	true	true	true	true	true	true	true	postgres	1	true	false	true	investor_convertible_notes
true	true	true	true	true	true	true	true	postgres	1	true	false	true	investor_convertible_notes_r1969
true	true	true	true	true	true	true	true	postgres	1	true	false	true	investor_correspondence_follow_ups_r2517
true	true	true	true	true	true	true	true	postgres	1	true	false	true	investor_crypto_treasury_log_r1957
true	true	true	true	true	true	true	true	postgres	1	true	false	true	investor_crypto_treasury_r1957
true	true	true	true	true	true	true	true	postgres	1	true	false	true	investor_data_room_action_log_r2061
true	true	true	true	true	true	true	true	postgres	1	true	false	true	investor_data_room_audit_log_r2061
true	true	true	true	true	true	true	true	postgres	1	true	false	true	investor_data_room_inventory_r2093
true	true	true	true	true	true	true	true	postgres	1	true	false	true	investor_data_room_sections_r2609
true	true	true	true	true	true	true	true	postgres	1	true	false	true	investor_dataroom_access_log
true	true	true	true	true	true	true	true	postgres	0	true	false	true	investor_dataroom_capa_actions_r3141
true	true	true	true	true	true	true	true	postgres	0	true	false	true	investor_dataroom_r3141
true	true	true	true	true	true	true	true	postgres	1	true	false	true	investor_dd_question_events_r2210
true	true	true	true	true	true	true	true	postgres	1	true	false	true	investor_dd_questions_r2210
true	true	true	true	true	true	true	true	postgres	1	true	false	true	investor_deal_closing_action_log_r2085
true	true	true	true	true	true	true	true	postgres	1	true	false	true	investor_deal_closing_pipeline_r2085
true	true	true	true	true	true	true	true	postgres	0	true	false	true	investor_diligence_events
true	true	true	true	true	true	true	true	postgres	1	true	false	true	investor_diligence_faq
true	true	true	true	true	true	true	true	postgres	1	true	false	true	investor_diligence_faq_revisions
true	true	true	true	true	true	true	true	postgres	1	true	false	true	investor_diligence_items
true	true	true	true	true	true	true	true	postgres	1	true	false	true	investor_diligence_milestones
true	true	true	true	true	true	true	true	postgres	0	true	false	true	investor_diligence_questions
true	true	true	true	true	true	true	true	postgres	1	true	false	true	investor_director_action_log_r2001
true	true	true	true	true	true	true	true	postgres	1	true	false	true	investor_director_elections_r2001
true	true	true	true	true	true	true	true	postgres	1	true	false	true	investor_distribution_action_log_r2025
true	true	true	true	true	true	true	true	postgres	1	true	false	true	investor_distribution_communications_r1745
true	true	true	true	true	true	true	true	postgres	1	true	false	true	investor_distribution_schedule_r1745
true	true	true	true	true	true	true	true	postgres	1	true	false	true	investor_dividend_action_log_r2005
true	true	true	true	true	true	true	true	postgres	1	true	false	true	investor_dividend_distributions_r2005
true	true	true	true	true	true	true	true	postgres	1	true	false	true	investor_dividend_pref_action_log_r2189
true	true	true	true	true	true	true	true	postgres	1	true	false	true	investor_drag_along_action_log_r2149
true	true	true	true	true	true	true	true	postgres	1	true	false	true	investor_drag_along_consents_r1897
true	true	true	true	true	true	true	true	postgres	1	true	false	true	investor_drag_along_thresholds_r1897
true	true	true	true	true	true	true	true	postgres	1	true	false	true	investor_equity_refresh_action_log_r2181
true	true	true	true	true	true	true	true	postgres	1	true	false	true	investor_family_communications_r1813
true	true	true	true	true	true	true	true	postgres	1	true	false	true	investor_family_engagement_events_r1813
false	false	false	false	true	true	true	true	postgres	1	true	false	true	investor_family_office_meetings_r1765
false	false	false	false	true	true	true	true	postgres	1	true	false	true	investor_family_offices_r1765
true	true	true	true	true	true	true	true	postgres	0	true	false	true	investor_file_access_log_v2
true	true	true	true	true	true	true	true	postgres	1	true	false	true	investor_forecast_scenarios
true	true	true	true	true	true	true	true	postgres	1	true	false	true	investor_forecast_snapshots
true	true	true	true	true	true	true	true	postgres	1	true	false	true	investor_frequency_action_log_r2073
true	true	true	true	true	true	true	true	postgres	1	true	false	true	investor_gift_reaction_log_r1837
true	true	true	true	true	true	true	true	postgres	1	true	false	true	investor_info_packet_log_r1917
true	true	true	true	true	true	true	true	postgres	1	true	false	true	investor_information_rights_r1917
true	true	true	true	true	true	true	true	postgres	1	true	false	true	investor_intro_outcome_log_r1729
true	true	true	true	true	true	true	true	postgres	1	true	false	true	investor_inventory_action_log_r2093
true	true	true	true	true	true	true	true	postgres	1	true	false	true	investor_irr_action_log_r2037
true	true	true	true	true	true	true	true	postgres	1	true	false	true	investor_irr_benchmark_comparisons_r1849
true	true	true	true	true	true	true	true	postgres	1	true	false	true	investor_irr_benchmark_notes_r1849
true	true	true	true	true	true	true	true	postgres	1	true	false	true	investor_irr_calculations_r1829
true	true	true	true	true	true	true	true	postgres	1	true	false	true	investor_irr_calculations_r2037
true	true	true	true	true	true	true	true	postgres	1	true	false	true	investor_irr_cash_flows_r1829
true	true	true	true	true	true	true	true	postgres	1	true	false	true	investor_kpi_milestone_alerts_r1789
true	true	true	true	true	true	true	true	postgres	1	true	false	true	investor_letter_claims_r2901
true	true	true	true	true	true	true	true	postgres	1	true	false	true	investor_letter_revisions_r1905
true	true	true	true	true	true	true	true	postgres	1	true	false	true	investor_letter_send_log_r2017
true	true	true	true	true	true	true	true	postgres	1	true	false	true	investor_letters_r3057
true	true	true	true	true	true	true	true	postgres	1	true	false	true	investor_limited_partner_agreements_r2053
true	true	true	true	true	true	true	true	postgres	0	true	false	true	investor_link_reaper_log_v2
true	true	true	true	true	true	true	true	postgres	1	true	false	true	investor_liquidation_preference_stack_r1937
true	true	true	true	true	true	true	true	postgres	1	true	false	true	investor_liquidation_stack_action_log_r1937
true	true	true	true	true	true	true	true	postgres	1	true	false	true	investor_liquidity_secondary_buyers_r1841
true	true	true	true	true	true	true	true	postgres	1	true	false	true	investor_lockup_action_log_r2101
true	true	true	true	true	true	true	true	postgres	1	true	false	true	investor_loyalty_perk_activations_r1721
true	true	true	true	true	true	true	true	postgres	1	true	false	true	investor_loyalty_tiers_r1721
true	true	true	true	true	true	true	true	postgres	1	true	false	true	investor_lp_update_cadence_r1933
true	true	true	true	true	true	true	true	postgres	1	true	false	true	investor_lp_update_send_log_r1933
true	true	true	true	true	true	true	true	postgres	1	true	false	true	investor_lpa_action_log_r2053
true	true	true	true	true	true	true	true	postgres	1	true	false	true	investor_monthly_updates_r2441
true	true	true	true	true	true	true	true	postgres	1	true	false	true	investor_mutual_nda_tracker_r2121
true	true	true	true	true	true	true	true	postgres	1	true	false	true	investor_narrative_reactions_r2769
true	true	true	true	true	true	true	true	postgres	1	true	false	true	investor_nav_action_log_r1945
true	true	true	true	true	true	true	true	postgres	1	true	false	true	investor_nda_access_log_r1801
true	true	true	true	true	true	true	true	postgres	1	true	false	true	investor_nda_action_log_r2121
true	true	true	true	true	true	true	true	postgres	1	true	false	true	investor_nda_vault_r1801
true	true	true	true	true	true	true	true	postgres	1	true	false	true	investor_negotiation_action_log_r1989
true	true	true	true	true	true	true	true	postgres	1	true	false	true	investor_network_intros_r1729
true	true	true	true	true	true	true	true	postgres	1	true	false	true	investor_newsletter_distributions_r1805
true	true	true	true	true	true	true	true	postgres	1	true	false	true	investor_newsletter_reactions_r1689
true	true	true	true	true	true	true	true	postgres	1	true	false	true	investor_newsletter_recipient_segments_r1805
true	true	true	true	true	true	true	true	postgres	1	true	false	true	investor_newsletter_send_log_r1873
true	true	true	true	true	true	true	true	postgres	1	true	false	true	investor_newsletter_subscriptions_r2049
true	true	true	true	true	true	true	true	postgres	1	true	false	true	investor_newsletters_r1689
true	true	true	true	true	true	true	true	postgres	1	true	false	true	investor_next_round_narrative_beats
true	true	true	true	true	true	true	true	postgres	1	true	false	true	investor_next_round_narrative_critique
true	true	true	true	true	true	true	true	postgres	1	true	false	true	investor_open_item_updates_r1861
true	true	true	true	true	true	true	true	postgres	1	true	false	true	investor_open_items_tracker_r1861
true	true	true	true	true	true	true	true	postgres	1	true	false	true	investor_option_grant_action_log_r2177
true	true	true	true	true	true	true	true	postgres	1	true	false	true	investor_partnership_milestones_r1737
true	true	true	true	true	true	true	true	postgres	1	true	false	true	investor_performance_reports_r1749
true	true	true	true	true	true	true	true	postgres	1	true	false	true	investor_pipeline_action_log_r2041
true	true	true	true	true	true	true	true	postgres	1	true	false	true	investor_pipeline_stage_history_r1705
true	true	true	true	true	true	true	true	postgres	1	true	false	true	investor_pipeline_states_r1705
true	true	true	true	true	true	true	true	postgres	1	true	false	true	investor_pipeline_v2
true	true	true	true	true	true	true	true	postgres	1	true	false	true	investor_pipeline_v2_events
true	true	true	true	true	true	true	true	postgres	1	true	false	true	investor_pitch_feedback_r1921
true	true	true	true	true	true	true	true	postgres	1	true	false	true	investor_pitch_iterations_r1921
true	true	true	true	true	true	true	true	postgres	1	true	false	true	investor_pitch_material_distributions_r1817
true	true	true	true	true	true	true	true	postgres	1	true	false	true	investor_pitch_material_view_log_r1817
true	true	true	true	true	true	true	true	postgres	1	true	false	true	investor_portfolio_logo_events
true	true	true	true	true	true	true	true	postgres	1	true	false	true	investor_portfolio_logos
true	true	true	true	true	true	true	true	postgres	1	true	false	true	investor_portfolio_update_actions
true	true	true	true	true	true	true	true	postgres	1	true	false	true	investor_portfolio_updates
true	true	true	true	true	true	true	true	postgres	1	true	false	true	investor_pre_emption_action_log_r1997
true	true	true	true	true	true	true	true	postgres	1	true	false	true	investor_pre_emption_rights_r1997
true	true	true	true	true	true	true	true	postgres	1	true	false	true	investor_pre_ipo_liquidity_offers_r1841
true	true	true	true	true	true	true	true	postgres	1	true	false	true	investor_press_followups_r1717
true	true	true	true	true	true	true	true	postgres	1	true	false	true	investor_press_mentions_r1717
true	true	true	true	true	true	true	true	postgres	1	true	false	true	investor_pro_rata_decisions_v2_r1901
true	true	true	true	true	true	true	true	postgres	1	true	false	true	investor_pro_rata_exercises_r1669
true	true	true	true	true	true	true	true	postgres	1	true	false	true	investor_pro_rata_followups
true	true	true	true	true	true	true	true	postgres	1	true	false	true	investor_pro_rata_rights
true	true	true	true	true	true	true	true	postgres	1	true	false	true	investor_pro_rata_rights_r1669
true	true	true	true	true	true	true	true	postgres	1	true	false	true	investor_pro_rata_rights_v2_r1901
true	true	true	true	true	true	true	true	postgres	1	true	false	true	investor_pulse_log_r2429
true	true	true	true	true	true	true	true	postgres	1	true	false	true	investor_qa_prep_answers_r2957
true	true	true	true	true	true	true	true	postgres	1	true	false	true	investor_qa_prep_questions_r2957
true	true	true	true	true	true	true	true	postgres	1	true	false	true	investor_quarterly_distribution_plan_r2025
true	true	true	true	true	true	true	true	postgres	1	true	false	true	investor_quarterly_kpis_r1789
true	true	true	true	true	true	true	true	postgres	1	true	false	true	investor_quarterly_letters_r2017
true	true	true	true	true	true	true	true	postgres	1	true	false	true	investor_quarterly_nav_r1945
true	true	true	true	true	true	true	true	postgres	1	true	false	true	investor_quarterly_newsletters_r1873
true	true	true	true	true	true	true	true	postgres	1	true	false	true	investor_quarterly_update_reviewers_r1713
true	true	true	true	true	true	true	true	postgres	1	true	false	true	investor_quarterly_updates_r1713
true	true	true	true	true	true	true	true	postgres	1	true	false	true	investor_quote_highlights_r2325
true	true	true	true	true	true	true	true	postgres	1	true	false	true	investor_quote_weekly_themes_r2325
true	true	true	true	true	true	true	true	postgres	1	true	false	true	investor_reaction_action_log_r2129
true	true	true	true	true	true	true	true	postgres	1	true	false	true	investor_recall_comm_responses_r1885
true	true	true	true	true	true	true	true	postgres	1	true	false	true	investor_reconciliation_action_log_r2077
true	true	true	true	true	true	true	true	postgres	0	true	false	true	investor_reference_call_outreach_r3131
true	true	true	true	true	true	true	true	postgres	1	true	false	true	investor_reference_calls
true	true	true	true	true	true	true	true	postgres	1	true	false	true	investor_reference_calls_r1673
true	true	true	true	true	true	true	true	postgres	1	true	false	true	investor_reference_checks_r1913
true	true	true	true	true	true	true	true	postgres	0	true	false	true	investor_reference_followup_actions_r3131
true	true	true	true	true	true	true	true	postgres	1	true	false	true	investor_reference_questions_r1673
true	true	true	true	true	true	true	true	postgres	1	true	false	true	investor_reference_quota
true	true	true	true	true	true	true	true	postgres	1	true	false	true	investor_reference_response_log_r1913
true	true	true	true	true	true	true	true	postgres	1	true	false	true	investor_referral_bonuses_r1733
true	true	true	true	true	true	true	true	postgres	1	true	false	true	investor_referral_communications_r1733
true	true	true	true	true	true	true	true	postgres	1	true	false	true	investor_referral_payouts
true	true	true	true	true	true	true	true	postgres	1	true	false	true	investor_referrals
true	true	true	true	true	true	true	true	postgres	1	true	false	true	investor_report_dispute_log_r1749
true	true	true	true	true	true	true	true	postgres	1	true	false	true	investor_reporting_calendar_r1781
true	true	true	true	true	true	true	true	postgres	1	true	false	true	investor_reporting_compliance_log_r2125
true	true	true	true	true	true	true	true	postgres	1	true	false	true	investor_reporting_deliverables_r1781
true	true	true	true	true	true	true	true	postgres	1	true	false	true	investor_reserve_action_log_r2105
true	true	true	true	true	true	true	true	postgres	1	true	false	true	investor_reserve_capital_tracker_r2105
true	true	true	true	true	true	true	true	postgres	1	true	false	true	investor_rofr_action_log_r2133
true	true	true	true	true	true	true	true	postgres	1	true	false	true	investor_rofr_tracker_r2133
true	true	true	true	true	true	true	true	postgres	1	true	false	true	investor_round_negotiation_changes_r1773
true	true	true	true	true	true	true	true	postgres	1	true	false	true	investor_round_negotiation_notes_r1773
true	true	true	true	true	true	true	true	postgres	1	true	false	true	investor_round_pipeline_funnel_r2041
true	true	true	true	true	true	true	true	postgres	1	true	false	true	investor_safe_conversion_models_r1785
true	true	true	true	true	true	true	true	postgres	1	true	false	true	investor_safe_conversion_scenarios_r1785
true	true	true	true	true	true	true	true	postgres	1	true	false	true	investor_safe_events
true	true	true	true	true	true	true	true	postgres	1	true	false	true	investor_safe_maturity_assumptions_r1825
true	true	true	true	true	true	true	true	postgres	1	true	false	true	investor_safe_maturity_forecasts_r1825
true	true	true	true	true	true	true	true	postgres	1	true	false	true	investor_safe_note_log_r1973
true	true	true	true	true	true	true	true	postgres	1	true	false	true	investor_safe_notes
true	true	true	true	true	true	true	true	postgres	1	true	false	true	investor_safe_notes_r1973
true	true	true	true	true	true	true	true	postgres	1	true	false	true	investor_safe_refresh_queue
true	true	true	true	true	true	true	true	postgres	1	true	false	true	investor_safes
true	true	true	true	true	true	true	true	postgres	1	true	false	true	investor_secondary_interests_r2202
true	true	true	true	true	true	true	true	postgres	1	true	false	true	investor_secondary_matches_r2202
true	true	true	true	true	true	true	true	postgres	1	true	false	true	investor_series_negotiations_r1989
true	true	true	true	true	true	true	true	postgres	1	true	false	true	investor_share_class_action_log_r2173
false	false	true	false	false	false	true	false	postgres	1	true	false	true	investor_share_tokens
false	false	true	false	false	false	true	false	postgres	1	true	false	true	investor_share_view_log
true	true	true	true	true	true	true	true	postgres	1	true	false	true	investor_side_letter_action_log_r2113
true	true	true	true	true	true	true	true	postgres	1	true	false	true	investor_side_letter_bookkeeping_r2113
true	true	true	true	true	true	true	true	postgres	1	true	false	true	investor_side_letter_compliance_log_r1941
true	true	true	true	true	true	true	true	postgres	1	true	false	true	investor_side_letter_compliance_r1941
true	true	true	true	true	true	true	true	postgres	1	true	false	true	investor_side_letter_obligations_r1709
true	true	true	true	true	true	true	true	postgres	1	true	false	true	investor_side_letter_review_log_r1993
true	true	true	true	true	true	true	true	postgres	1	true	false	true	investor_side_letter_watchdog_r1993
true	true	true	true	true	true	true	true	postgres	1	true	false	true	investor_side_letters_r1709
true	true	true	true	true	true	true	true	postgres	1	true	false	true	investor_signal_actions
true	true	true	true	true	true	true	true	postgres	1	true	false	true	investor_signal_messages
true	true	true	true	true	true	true	true	postgres	1	true	false	true	investor_signed_loi_events_v2
true	true	true	true	true	true	true	true	postgres	1	true	false	true	investor_signed_loi_tracker_v2
true	true	true	true	true	true	true	true	postgres	1	true	false	true	investor_soft_commits_r1793
true	true	true	true	true	true	true	true	postgres	1	true	false	true	investor_special_dist_action_log_r2145
true	true	true	true	true	true	true	true	postgres	1	true	false	true	investor_special_distribution_tracker_r2145
true	true	true	true	true	true	true	true	postgres	1	true	false	true	investor_special_notice_responses_r1881
true	true	true	true	true	true	true	true	postgres	1	true	false	true	investor_special_notices_r1881
true	true	true	true	true	true	true	true	postgres	1	true	false	true	investor_stock_ledger_r1797
true	true	true	true	true	true	true	true	postgres	1	true	false	true	investor_stock_plan_action_log_r2169
true	true	true	true	true	true	true	true	postgres	1	true	false	true	investor_stock_transactions_r1797
true	true	true	true	true	true	true	true	postgres	1	true	false	true	investor_stockholder_votes_r1977
true	true	true	true	true	true	true	true	postgres	1	true	false	true	investor_strategic_partnerships_r1737
true	true	true	true	true	true	true	true	postgres	1	true	false	true	investor_stress_test_assumptions_r1845
true	true	true	true	true	true	true	true	postgres	1	true	false	true	investor_stress_test_scenarios_r1845
true	true	true	true	true	true	true	true	postgres	1	true	false	true	investor_subscription_action_log_r2049
true	true	true	true	true	true	true	true	postgres	1	true	false	true	investor_tag_along_action_log_r2109
true	true	true	true	true	true	true	true	postgres	1	true	false	true	investor_tag_along_rights_r2109
true	true	true	true	true	true	true	true	postgres	1	true	false	true	investor_tax_doc_requests_r1761
true	true	true	true	true	true	true	true	postgres	1	true	false	true	investor_tax_documents_r1761
true	true	true	true	true	true	true	true	postgres	1	true	false	true	investor_tax_loss_harvesting_r1865
true	true	true	true	true	true	true	true	postgres	1	true	false	true	investor_tax_loss_recommendations_r1865
true	true	true	true	true	true	true	true	postgres	1	true	false	true	investor_tax_receipt_action_log_r2045
true	true	true	true	true	true	true	true	postgres	1	true	false	true	investor_tax_receipts_r2045
true	true	true	true	true	true	true	true	postgres	1	true	false	true	investor_term_sheet_amendment_tracker_r2157
true	true	true	true	true	true	true	true	postgres	1	true	false	true	investor_term_sheet_clause_r1925
true	true	true	true	true	true	true	true	postgres	1	true	false	true	investor_term_sheets_r1925
true	true	true	true	true	true	true	true	postgres	1	true	false	true	investor_termination_action_log_r2065
true	true	true	true	true	true	true	true	postgres	1	true	false	true	investor_termination_watchlist_r2065
true	true	true	true	true	true	true	true	postgres	1	true	false	true	investor_thank_you_debts
true	true	true	true	true	true	true	true	postgres	1	true	false	true	investor_touch_log_r2029
true	true	true	true	true	true	true	true	postgres	1	true	false	true	investor_treasury_yield_tracker_r2161
true	true	true	true	true	true	true	true	postgres	1	true	false	true	investor_trust_action_log_r2117
true	true	true	true	true	true	true	true	postgres	1	true	false	true	investor_trust_score_tracker_r2117
true	true	true	true	true	true	true	true	postgres	1	true	false	true	investor_update_drafts_r2289
true	true	true	true	true	true	true	true	postgres	1	true	false	true	investor_update_narratives_r2769
true	true	true	true	true	true	true	true	postgres	1	true	false	true	investor_update_responses_r2289
true	true	true	true	true	true	true	true	postgres	1	true	false	true	investor_vesting_action_log_r2153
true	true	true	true	true	true	true	true	postgres	1	true	false	true	investor_vesting_schedules_r1693
true	true	true	true	true	true	true	true	postgres	1	true	false	true	investor_vesting_tranches_r1693
true	true	true	true	true	true	true	true	postgres	1	true	false	true	investor_vote_events_r1701
true	true	true	true	true	true	true	true	postgres	1	true	false	true	investor_vote_log_r1977
true	true	true	true	true	true	true	true	postgres	1	true	false	true	investor_voting_block_action_log_r2141
true	true	true	true	true	true	true	true	postgres	1	true	false	true	investor_voting_block_tracker_r2141
true	true	true	true	true	true	true	true	postgres	1	true	false	true	investor_voting_rights_r1701
true	true	true	true	true	true	true	true	postgres	1	true	false	true	investor_warm_intros
true	true	true	true	true	true	true	true	postgres	1	true	false	true	investor_watchlist_alert_system_r2137
true	true	true	true	true	true	true	true	postgres	1	true	false	true	investor_wire_confirmations_r1757
true	true	true	true	true	true	true	true	postgres	1	true	false	true	investor_wire_recon_action_log_r2097
true	true	true	true	true	true	true	true	postgres	1	true	false	true	investor_wire_reconciliation_log_r1953
true	true	true	true	true	true	true	true	postgres	1	true	false	true	investor_wire_thanks_queue_r1757
true	true	true	true	true	true	true	true	postgres	1	true	false	true	investor_wire_transfer_reconciliation_r2097
true	true	true	true	true	true	true	true	postgres	1	true	false	true	investor_wire_transfers_r1953
true	true	true	true	true	true	true	true	postgres	1	true	false	true	investor_yield_action_log_r2161
true	true	true	true	true	true	true	true	postgres	1	true	false	true	invoice_aging_r2452
true	true	true	true	true	true	true	true	postgres	1	true	false	true	invoice_collection_actions_r2452
true	true	true	true	true	true	true	true	postgres	0	true	false	true	ip_calendar_events_r3129
true	true	true	true	true	true	true	true	postgres	0	true	false	true	ip_portfolio_assets_r3129
true	true	true	true	true	true	true	true	postgres	1	true	false	true	ir_hour_reallocation_actions_r2569
true	true	true	true	true	true	true	true	postgres	0	true	false	true	irrigation_pump_qc_capa_actions_r3550
true	true	true	true	true	true	true	true	postgres	0	true	false	true	irrigation_pump_qc_r3550
true	true	true	true	true	true	true	true	postgres	0	true	false	true	iso13485_qms_capa_actions_r3645
true	true	true	true	true	true	true	true	postgres	0	true	false	true	iso13485_qms_r3645
true	true	true	true	true	true	true	true	postgres	1	true	false	true	isolation_decontam_cycles_r2795
true	true	true	true	true	true	true	true	postgres	1	true	false	true	isolation_room_audit_visits_r3092
true	true	true	true	true	true	true	true	postgres	1	true	false	true	isolation_room_pressure_readings_r3092
true	true	true	true	true	true	true	true	postgres	0	true	false	true	it_asset_custody_capa_actions_r3253
true	true	true	true	true	true	true	true	postgres	0	true	false	true	it_asset_custody_r3253
true	true	true	true	true	true	true	true	postgres	0	true	false	true	it_svcdesk_capa_actions_r3720
true	true	true	true	true	true	true	true	postgres	0	true	false	true	it_svcdesk_r3720
true	true	true	true	true	true	true	true	postgres	1	true	false	true	iv_pump_battery_memory_drift_r3090
true	true	true	true	true	true	true	true	postgres	1	true	false	true	iv_pump_free_flow_safety_audit_r3090
true	true	true	true	true	true	true	true	postgres	1	true	false	true	iv_stand_remediation_tickets_r3040
true	true	true	true	true	true	true	true	postgres	0	true	false	true	ivf_lab_qc_capa_actions_r3262
true	true	true	true	true	true	true	true	postgres	0	true	false	true	ivf_lab_qc_r3262
true	true	true	true	true	true	true	true	postgres	1	true	false	true	job_completion_photo_archive_r2816
true	true	true	true	true	true	true	true	postgres	1	true	false	true	kaizen_scale_rollouts_r2366
true	true	true	true	true	true	true	true	postgres	0	true	false	true	kb_contribution_capa_actions_r3236
true	true	true	true	true	true	true	true	postgres	0	true	false	true	kb_contribution_r3236
true	true	true	true	true	true	true	true	postgres	1	true	false	true	kb_contribution_recognition_r2446
true	true	true	true	true	true	true	true	postgres	1	true	false	true	key_account_quarterly_checkpoints_r2547
true	true	true	true	true	true	true	true	postgres	1	true	false	true	key_customer_touch_log_r2581
true	true	true	true	true	true	true	true	postgres	1	true	false	true	key_hire_pipeline_actions_r2601
true	true	true	true	true	true	true	true	postgres	0	true	false	true	key_mgmt_capa_actions_r3692
true	true	true	true	true	true	true	true	postgres	0	true	false	true	key_mgmt_r3692
true	true	true	true	true	true	true	true	postgres	0	true	false	true	key_person_succession_capa_actions_r3265
true	true	true	true	true	true	true	true	postgres	0	true	false	true	key_person_succession_r3265
false	false	false	false	true	true	true	true	postgres	1	true	false	true	kiosk_devices_r3016
false	false	false	false	true	true	true	true	postgres	1	true	false	true	kiosk_incidents_r3016
true	true	true	true	true	true	true	true	postgres	0	true	false	true	knowledge_retention_outcomes_r2900
true	true	true	true	true	true	true	true	postgres	0	true	false	true	knowledge_transfer_sessions_r2900
true	true	true	true	true	true	true	true	postgres	1	true	false	true	kt_session_assessments_r2518
true	true	true	true	true	true	true	true	postgres	0	true	false	true	lab_automation_qc_capa_actions_r3394
true	true	true	true	true	true	true	true	postgres	0	true	false	true	lab_automation_qc_r3394
true	true	true	true	true	true	true	true	postgres	0	true	false	true	lab_centrifuge_capa_actions_r3179
true	true	true	true	true	true	true	true	postgres	0	true	false	true	lab_centrifuge_r3179
true	true	true	true	true	true	true	true	postgres	0	true	false	true	lab_cold_chain_capa_actions_r3375
true	true	true	true	true	true	true	true	postgres	0	true	false	true	lab_cold_chain_r3375
true	true	true	true	true	true	true	true	postgres	0	true	false	true	lab_diagnostics_bonded_parts_suppliers
true	true	true	true	true	true	true	true	postgres	0	true	false	true	lab_diagnostics_pilot_clinics
true	true	true	true	true	true	true	true	postgres	0	true	false	true	lab_infra_qc_capa_actions_r3355
true	true	true	true	true	true	true	true	postgres	0	true	false	true	lab_infra_qc_r3355
true	true	true	true	true	true	true	true	postgres	0	true	false	true	label_artwork_capa_actions_r3650
true	true	true	true	true	true	true	true	postgres	0	true	false	true	label_artwork_r3650
true	true	true	true	true	true	true	true	postgres	1	true	false	true	lang_mismatch_incidents_r2768
true	true	true	true	true	true	true	true	postgres	1	true	false	true	lang_mismatch_monthly_rollup_r2768
true	true	true	true	true	true	true	true	postgres	1	true	false	true	language_coaching_outcomes_r2550
true	true	true	true	true	true	true	true	postgres	1	true	false	true	language_coverage_actions_r2490
true	true	true	true	true	true	true	true	postgres	1	true	false	true	launch_dependency_status_r2437
true	true	true	true	true	true	true	true	postgres	1	true	false	true	leadership_dev_milestones_r2693
true	true	true	true	true	true	true	true	postgres	1	true	false	true	leadership_dev_plans_r2693
true	true	true	true	true	true	true	true	postgres	1	true	false	true	leadership_growth_actions_r2589
true	true	true	true	true	true	true	true	postgres	1	true	false	true	leadership_retention_plays_r2317
true	true	true	true	true	true	true	true	postgres	1	true	false	true	leadership_team_members_r2317
true	true	true	true	true	true	true	true	postgres	1	true	false	true	leakage_recovery_actions_r2651
true	true	true	true	true	true	true	true	postgres	0	true	false	true	lease_ind_as_116_capa_actions_r3537
true	true	true	true	true	true	true	true	postgres	0	true	false	true	lease_ind_as_116_r3537
true	true	true	true	true	true	true	true	postgres	0	true	false	true	legal_hold_capa_actions_r3728
true	true	true	true	true	true	true	true	postgres	0	true	false	true	legal_hold_r3728
true	true	true	true	true	true	true	true	postgres	0	true	false	true	legal_matter_capa_actions_r3221
true	true	true	true	true	true	true	true	postgres	0	true	false	true	legal_matter_r3221
true	true	true	true	true	true	true	true	postgres	0	true	false	true	legal_metrology_capa_actions_r3678
true	true	true	true	true	true	true	true	postgres	0	true	false	true	legal_metrology_r3678
true	true	true	true	true	true	true	true	postgres	1	true	false	true	lemon_scorecards_r2420
true	true	true	true	true	true	true	true	postgres	1	true	false	true	lift_elevator_amc_sync_contracts_r2988
true	true	true	true	true	true	true	true	postgres	1	true	false	true	lift_elevator_amc_sync_visits_r2988
true	true	true	true	true	true	true	true	postgres	0	true	false	true	linac_tg142_capa_actions_r3112
true	true	true	true	true	true	true	true	postgres	0	true	false	true	linac_tg142_daily_runs_r3112
true	true	true	true	true	true	true	true	postgres	0	true	false	true	linkedin_brand_voice_audits_r2941
true	true	true	true	true	true	true	true	postgres	0	true	false	true	linkedin_brand_voice_posts_r2941
true	true	true	true	true	true	true	true	postgres	0	true	false	true	liquidity_ratios_capa_actions_r3596
true	true	true	true	true	true	true	true	postgres	0	true	false	true	liquidity_ratios_r3596
true	true	true	true	true	true	true	true	postgres	0	true	false	true	lithotripsy_qc_capa_actions_r3266
true	true	true	true	true	true	true	true	postgres	0	true	false	true	lithotripsy_qc_r3266
true	true	true	true	true	true	true	true	postgres	0	true	false	true	load_util_capa_actions_r3670
true	true	true	true	true	true	true	true	postgres	0	true	false	true	load_util_r3670
true	true	true	true	true	true	true	true	postgres	0	true	false	true	loaner_issuance_r2940
true	true	true	true	true	true	true	true	postgres	0	true	false	true	loaner_return_discipline_r2940
true	true	true	true	true	true	true	true	postgres	1	true	false	true	loaner_wait_queue_r2528
true	true	true	true	true	true	true	true	postgres	0	true	false	true	loc_transactions_r2933
true	true	true	true	true	true	true	true	postgres	4	true	false	true	logistics_jobs
true	true	true	true	true	true	true	true	postgres	3	true	false	true	logistics_partners
true	true	true	true	true	true	true	true	postgres	0	true	false	true	lowtemp_sterilizer_capa_actions_r3347
true	true	true	true	true	true	true	true	postgres	0	true	false	true	lowtemp_sterilizer_r3347
true	true	true	true	true	true	true	true	postgres	1	true	false	true	loyalty_bond_outcomes_r2631
true	true	true	true	true	true	true	true	postgres	1	true	false	true	loyalty_bonus_payout_log_r2650
true	true	true	true	true	true	true	true	postgres	1	true	false	true	loyalty_expansion_actions_r2667
true	true	true	true	true	true	true	true	postgres	1	true	false	true	loyalty_repeat_redeem_metrics_r2524
true	true	true	true	true	true	true	true	postgres	1	true	false	true	loyalty_tier_progression_history_r2492
true	true	true	true	true	true	true	true	postgres	0	true	false	true	ltv_cac_unit_economics_capa_actions_r3417
true	true	true	true	true	true	true	true	postgres	0	true	false	true	ltv_cac_unit_economics_r3417
true	true	true	true	true	true	true	true	postgres	1	true	false	true	ma_renegotiation_plans_r2531
true	true	true	true	true	true	true	true	postgres	0	true	false	true	magnetic_stirrer_qc_capa_actions_r3494
true	true	true	true	true	true	true	true	postgres	0	true	false	true	magnetic_stirrer_qc_r3494
true	true	true	true	true	true	true	true	postgres	1	true	false	true	maintenance_logs
true	true	true	true	true	true	true	true	postgres	1	true	false	true	maintenance_schedules
true	true	true	true	true	true	true	true	postgres	0	true	false	true	maintenance_window_capa_actions_r3556
true	true	true	true	true	true	true	true	postgres	0	true	false	true	maintenance_window_r3556
true	true	true	true	true	true	true	true	postgres	0	true	false	true	major_incident_warroom_capa_actions_r3292
true	true	true	true	true	true	true	true	postgres	0	true	false	true	major_incident_warroom_r3292
true	true	true	true	true	true	true	true	postgres	0	true	false	true	maldi_tof_qc_capa_actions_r3470
true	true	true	true	true	true	true	true	postgres	0	true	false	true	maldi_tof_qc_r3470
true	true	true	true	true	true	true	true	postgres	0	true	false	true	mammography_qa_capa_actions_r3198
true	true	true	true	true	true	true	true	postgres	0	true	false	true	mammography_qa_r3198
true	true	true	true	true	true	true	true	postgres	0	true	false	true	manpower_capacity_capa_actions_r3544
true	true	true	true	true	true	true	true	postgres	0	true	false	true	manpower_capacity_r3544
true	true	true	true	true	true	true	true	postgres	4	true	false	true	manufacturers
true	true	true	true	true	true	true	true	postgres	0	true	false	true	market_entry_capa_actions_r3704
true	true	true	true	true	true	true	true	postgres	0	true	false	true	market_entry_r3704
true	true	true	true	true	true	true	true	postgres	1	true	false	true	market_share_events_r2673
true	true	true	true	true	true	true	true	postgres	1	true	false	true	market_share_snapshots_r2673
true	true	true	true	true	true	true	true	postgres	1	true	false	true	marketing_budget_lines
true	true	true	true	true	true	true	true	postgres	0	true	false	true	marketing_roas_capa_actions_r3177
true	true	true	true	true	true	true	true	postgres	0	true	false	true	marketing_roas_r3177
true	true	true	true	true	true	true	true	postgres	1	true	false	true	marketing_spend_entries
true	true	true	true	true	true	true	true	postgres	0	true	false	true	marketing_utm_campaigns
true	true	true	true	true	true	true	true	postgres	0	true	false	true	marketing_utm_touches
true	true	true	true	true	true	true	true	postgres	3	true	false	true	marketplace_listings
true	true	true	true	true	true	true	true	postgres	3	true	false	true	marketplace_offers
true	true	true	true	true	true	true	true	postgres	3	true	false	true	marketplace_transactions
true	true	true	true	true	true	true	true	postgres	1	true	false	true	master_data_cleanup_actions_r2523
true	true	true	true	true	true	true	true	postgres	1	true	false	true	match_quality_audit_findings_r3017
true	true	true	true	true	true	true	true	postgres	0	true	false	true	materiovigilance_capa_actions_r3640
true	true	true	true	true	true	true	true	postgres	0	true	false	true	materiovigilance_r3640
true	true	true	true	true	true	true	true	postgres	0	true	false	true	maternity_bnft_capa_actions_r3749
true	true	true	true	true	true	true	true	postgres	0	true	false	true	maternity_bnft_r3749
true	true	true	true	true	true	true	true	postgres	1	true	false	true	mbr_action_followups_r2469
true	true	true	true	true	true	true	true	postgres	0	true	false	true	md_license_capa_actions_r3638
true	true	true	true	true	true	true	true	postgres	0	true	false	true	md_license_r3638
true	true	true	true	true	true	true	true	postgres	0	true	false	true	mdm_endpoint_capa_actions_r3672
true	true	true	true	true	true	true	true	postgres	0	true	false	true	mdm_endpoint_r3672
true	true	true	true	true	true	true	true	postgres	0	true	false	true	med_3d_printer_qc_capa_actions_r3515
true	true	true	true	true	true	true	true	postgres	0	true	false	true	med_3d_printer_qc_r3515
true	true	true	true	true	true	true	true	postgres	0	true	false	true	med_storage_capa_actions_r3239
true	true	true	true	true	true	true	true	postgres	0	true	false	true	med_storage_r3239
true	true	true	true	true	true	true	true	postgres	0	true	false	true	media_coverage_capa_actions_r3217
true	true	true	true	true	true	true	true	postgres	0	true	false	true	media_coverage_r3217
true	true	true	true	true	true	true	true	postgres	0	true	false	true	mediastinoscope_qc_capa_actions_r3567
true	true	true	true	true	true	true	true	postgres	0	true	false	true	mediastinoscope_qc_r3567
true	true	true	true	true	true	true	true	postgres	0	true	false	true	medical_gas_capa_actions_r3155
true	true	true	true	true	true	true	true	postgres	0	true	false	true	medical_gas_plant_capa_actions_r3370
true	true	true	true	true	true	true	true	postgres	0	true	false	true	medical_gas_plant_r3370
true	true	true	true	true	true	true	true	postgres	0	true	false	true	medical_gas_r3155
true	true	true	true	true	true	true	true	postgres	0	true	false	true	medical_laser_safety_capa_actions_r3246
true	true	true	true	true	true	true	true	postgres	0	true	false	true	medical_laser_safety_r3246
true	true	true	true	true	true	true	true	postgres	0	true	false	true	meeting_room_capa_actions_r3697
true	true	true	true	true	true	true	true	postgres	0	true	false	true	meeting_room_r3697
true	true	true	true	true	true	true	true	postgres	1	true	false	true	mental_model_application_log_r2489
true	true	true	true	true	true	true	true	postgres	1	true	false	true	mentor_board_candidates_r2873
true	true	true	true	true	true	true	true	postgres	1	true	false	true	mentor_board_meetings_r2873
true	true	true	true	true	true	true	true	postgres	1	true	false	true	mentor_mentee_matches_r3017
true	true	true	true	true	true	true	true	postgres	1	true	false	true	mentor_pairing_meetings_r2458
true	true	true	true	true	true	true	true	postgres	1	true	false	true	mentor_pairings_r2458
true	true	true	true	true	true	true	true	postgres	0	true	false	true	metabolic_cart_qc_capa_actions_r3574
true	true	true	true	true	true	true	true	postgres	0	true	false	true	metabolic_cart_qc_r3574
true	true	true	true	true	true	true	true	postgres	0	true	false	true	mgmt_review_capa_actions_r3703
true	true	true	true	true	true	true	true	postgres	0	true	false	true	mgmt_review_r3703
true	true	true	true	true	true	true	true	postgres	0	true	false	true	micropipette_qc_capa_actions_r3475
true	true	true	true	true	true	true	true	postgres	0	true	false	true	micropipette_qc_r3475
true	true	true	true	true	true	true	true	postgres	0	true	false	true	microwave_ablation_qc_capa_actions_r3566
true	true	true	true	true	true	true	true	postgres	0	true	false	true	microwave_ablation_qc_r3566
true	true	true	true	true	true	true	true	postgres	0	true	false	true	milk_tissue_bank_qc_capa_actions_r3282
true	true	true	true	true	true	true	true	postgres	0	true	false	true	milk_tissue_bank_qc_r3282
true	true	true	true	true	true	true	true	postgres	1	true	false	true	modality_training_demand_r2250
true	true	true	true	true	true	true	true	postgres	1	true	false	true	model_refinement_log_r2332
true	true	true	true	true	true	true	true	postgres	0	true	false	true	molecular_rtpcr_qc_capa_actions_r3275
true	true	true	true	true	true	true	true	postgres	0	true	false	true	molecular_rtpcr_qc_r3275
true	true	true	true	true	true	true	true	postgres	0	true	false	true	month_end_close_capa_actions_r3397
true	true	true	true	true	true	true	true	postgres	0	true	false	true	month_end_close_r3397
true	true	true	true	true	true	true	true	postgres	0	true	false	true	monthly_bank_reserve_movements_r2925
false	false	false	false	true	true	true	true	postgres	1	true	false	true	monthly_engineer_walkthrough_audits_r2992
true	true	true	true	true	true	true	true	postgres	1	true	false	true	monthly_funnel_summary_r2728
true	true	true	true	true	true	true	true	postgres	1	true	false	true	monthly_handover_time_of_day_pattern_signals_r2866
true	true	true	true	true	true	true	true	postgres	0	true	false	true	monthly_investor_wires_r2925
true	true	true	true	true	true	true	true	postgres	1	true	false	true	mood_intervention_actions_r2658
false	false	false	false	true	true	true	true	postgres	1	true	false	true	mortuary_fridge_incidents_r3044
false	false	false	false	true	true	true	true	postgres	1	true	false	true	mortuary_fridge_readings_r3044
true	true	true	true	true	true	true	true	postgres	0	true	false	true	motor_insurance_capa_actions_r3745
true	true	true	true	true	true	true	true	postgres	0	true	false	true	motor_insurance_r3745
true	true	true	true	true	true	true	true	postgres	0	true	false	true	mri_coil_gradient_capa_actions_r3351
true	true	true	true	true	true	true	true	postgres	0	true	false	true	mri_coil_gradient_r3351
true	true	true	true	true	true	true	true	postgres	0	true	false	true	mri_cryogen_audits_r3128
true	true	true	true	true	true	true	true	postgres	0	true	false	true	mri_cryogen_capa_actions_r3154
true	true	true	true	true	true	true	true	postgres	0	true	false	true	mri_cryogen_r3154
true	true	true	true	true	true	true	true	postgres	0	true	false	true	mri_cryogen_supplier_sla_r3128
true	true	true	true	true	true	true	true	postgres	1	true	false	true	mri_helium_boiloff_readings_r3020
true	true	true	true	true	true	true	true	postgres	1	true	false	true	mri_helium_refill_events_r3020
true	true	true	true	true	true	true	true	postgres	0	true	false	true	msme_payment_capa_actions_r3622
true	true	true	true	true	true	true	true	postgres	0	true	false	true	msme_payment_r3622
true	true	true	true	true	true	true	true	postgres	0	true	false	true	mtbf_reliability_capa_actions_r3488
true	true	true	true	true	true	true	true	postgres	0	true	false	true	mtbf_reliability_r3488
true	true	true	true	true	true	true	true	postgres	1	true	false	true	multi_year_contract_progress_r2619
false	false	false	false	false	false	false	false	postgres	1	true	false	true	nabh_export_audit
true	true	true	true	true	true	true	true	postgres	0	true	false	true	nabl_iso_clause_readiness_r3123
true	true	true	true	true	true	true	true	postgres	0	true	false	true	nabl_iso_nonconformity_capa_r3123
true	true	true	true	true	true	true	true	postgres	0	true	false	true	nach_mandate_capa_actions_r3751
true	true	true	true	true	true	true	true	postgres	0	true	false	true	nach_mandate_r3751
true	true	true	true	true	true	true	true	postgres	1	true	false	true	narrative_arc_evolution_r2541
true	true	true	true	true	true	true	true	postgres	1	true	false	true	narrative_resonance_signals_r2853
true	true	true	true	true	true	true	true	postgres	1	true	false	true	near_miss_runbook_updates_r2558
true	true	true	true	true	true	true	true	postgres	0	true	false	true	neonatal_qc_capa_actions_r3307
true	true	true	true	true	true	true	true	postgres	0	true	false	true	neonatal_qc_r3307
true	true	true	true	true	true	true	true	postgres	0	true	false	true	neonatal_vent_capa_actions_r3306
true	true	true	true	true	true	true	true	postgres	0	true	false	true	neonatal_vent_r3306
true	true	true	true	true	true	true	true	postgres	0	true	false	true	nephroscope_qc_capa_actions_r3555
true	true	true	true	true	true	true	true	postgres	0	true	false	true	nephroscope_qc_r3555
true	true	true	true	true	true	true	true	postgres	0	true	false	true	nerve_integrity_qc_capa_actions_r3535
true	true	true	true	true	true	true	true	postgres	0	true	false	true	nerve_integrity_qc_r3535
true	true	true	true	true	true	true	true	postgres	0	true	false	true	nerve_stim_tof_qc_capa_actions_r3430
true	true	true	true	true	true	true	true	postgres	0	true	false	true	nerve_stim_tof_qc_r3430
true	true	true	true	true	true	true	true	postgres	1	true	false	true	network_recovery_actions_r2661
true	true	true	true	true	true	true	true	postgres	0	true	false	true	networth_movement_capa_actions_r3613
true	true	true	true	true	true	true	true	postgres	0	true	false	true	networth_movement_r3613
true	true	true	true	true	true	true	true	postgres	0	true	false	true	neuro_multimodal_qc_capa_actions_r3386
true	true	true	true	true	true	true	true	postgres	0	true	false	true	neuro_multimodal_qc_r3386
true	true	true	true	true	true	true	true	postgres	0	true	false	true	neuro_ortho_power_tool_capa_actions_r3378
true	true	true	true	true	true	true	true	postgres	0	true	false	true	neuro_ortho_power_tool_r3378
true	true	true	true	true	true	true	true	postgres	0	true	false	true	neuro_rehab_qc_capa_actions_r3423
true	true	true	true	true	true	true	true	postgres	0	true	false	true	neuro_rehab_qc_r3423
true	true	true	true	true	true	true	true	postgres	0	true	false	true	neurodiag_qc_capa_actions_r3250
true	true	true	true	true	true	true	true	postgres	0	true	false	true	neurodiag_qc_r3250
true	true	true	true	true	true	true	true	postgres	0	true	false	true	neuromod_device_capa_actions_r3299
true	true	true	true	true	true	true	true	postgres	0	true	false	true	neuromod_device_r3299
true	true	true	true	true	true	true	true	postgres	0	true	false	true	nff_return_capa_actions_r3296
true	true	true	true	true	true	true	true	postgres	0	true	false	true	nff_return_r3296
true	true	true	true	true	true	true	true	postgres	0	true	false	true	nicu_incubator_capa_actions_r3166
true	true	true	true	true	true	true	true	postgres	0	true	false	true	nicu_incubator_r3166
false	false	false	false	true	true	true	true	postgres	1	true	false	true	nicu_phototherapy_audit_findings_r3059
false	false	false	false	true	true	true	true	postgres	1	true	false	true	nicu_phototherapy_lamps_r3059
true	true	true	true	true	true	true	true	postgres	1	true	false	true	night_shift_fairness_metrics_r2442
true	true	true	true	true	true	true	true	postgres	0	true	false	true	notif_delivery_capa_actions_r3700
true	true	true	true	true	true	true	true	postgres	0	true	false	true	notif_delivery_r3700
false	true	true	true	false	true	true	true	postgres	3	true	false	true	notifications
true	true	true	true	true	true	true	true	postgres	1	true	false	true	nps_conversion_actions_r2628
true	true	true	true	true	true	true	true	postgres	0	true	false	true	nps_lift_actions_r2920
true	true	true	true	true	true	true	true	postgres	0	true	false	true	nps_recovery_capa_actions_r3324
true	true	true	true	true	true	true	true	postgres	0	true	false	true	nps_recovery_r3324
true	true	true	true	true	true	true	true	postgres	1	true	false	true	nps_segment_snapshots_r2272
true	true	true	true	true	true	true	true	postgres	1	true	false	true	nps_survey_responses_r2272
true	true	true	true	true	true	true	true	postgres	0	true	false	true	npwt_pump_qc_capa_actions_r3279
true	true	true	true	true	true	true	true	postgres	0	true	false	true	npwt_pump_qc_r3279
true	true	true	true	true	true	true	true	postgres	0	true	false	true	nrr_retention_capa_actions_r3465
true	true	true	true	true	true	true	true	postgres	0	true	false	true	nrr_retention_r3465
true	true	true	true	true	true	true	true	postgres	0	true	false	true	nucmed_petct_qc_capa_actions_r3326
true	true	true	true	true	true	true	true	postgres	0	true	false	true	nucmed_petct_qc_r3326
true	true	true	true	true	true	true	true	postgres	0	true	false	true	nurse_call_capa_actions_r3191
true	true	true	true	true	true	true	true	postgres	0	true	false	true	nurse_call_r3191
true	true	true	true	true	true	true	true	postgres	0	true	false	true	nwc_movement_capa_actions_r3600
true	true	true	true	true	true	true	true	postgres	0	true	false	true	nwc_movement_r3600
true	true	true	true	true	true	true	true	postgres	0	true	false	true	o2c_revenue_capa_actions_r3345
true	true	true	true	true	true	true	true	postgres	0	true	false	true	o2c_revenue_r3345
true	true	true	true	true	true	true	true	postgres	0	true	false	true	oem_authoriz_capa_actions_r3734
true	true	true	true	true	true	true	true	postgres	0	true	false	true	oem_authoriz_r3734
true	true	true	true	true	true	true	true	postgres	0	true	false	true	oem_back_to_back_capa_actions_r3572
true	true	true	true	true	true	true	true	postgres	0	true	false	true	oem_back_to_back_r3572
true	true	true	true	true	true	true	true	postgres	0	true	false	true	oem_bulletin_action_capa_actions_r3304
true	true	true	true	true	true	true	true	postgres	0	true	false	true	oem_bulletin_action_r3304
true	true	true	true	true	true	true	true	postgres	1	true	false	true	oem_partnership_status_r2343
true	true	true	true	true	true	true	true	postgres	1	true	false	true	oem_warranty_claim_events_v2
true	true	true	true	true	true	true	true	postgres	1	true	false	true	oem_warranty_claims_v2
true	true	true	true	true	true	true	true	postgres	0	true	false	true	oem_warranty_reg_capa_actions_r3356
true	true	true	true	true	true	true	true	postgres	0	true	false	true	oem_warranty_reg_r3356
true	true	true	true	true	true	true	true	postgres	1	true	false	true	oem_warranty_response_benchmarks_r2851
true	true	true	true	true	true	true	true	postgres	0	true	false	true	off_hours_emergency_calls_r2896
true	true	true	true	true	true	true	true	postgres	0	true	false	true	off_hours_response_sla_r2896
true	true	true	true	true	true	true	true	postgres	0	true	false	true	offer_acceptance_audit_r2929
true	true	true	true	true	true	true	true	postgres	0	true	false	true	office_hvac_capa_actions_r3691
true	true	true	true	true	true	true	true	postgres	0	true	false	true	office_hvac_r3691
true	true	true	true	true	true	true	true	postgres	0	true	false	true	office_lease_cost_capa_actions_r3249
true	true	true	true	true	true	true	true	postgres	0	true	false	true	office_lease_cost_r3249
true	true	true	true	true	true	true	true	postgres	1	true	false	true	okr_grading_session_log_r2457
true	true	true	true	true	true	true	true	postgres	0	true	false	true	okr_trajectory_capa_actions_r3233
true	true	true	true	true	true	true	true	postgres	0	true	false	true	okr_trajectory_r3233
true	true	true	true	true	true	true	true	postgres	1	true	false	true	on_call_pings_r2410
true	true	true	true	true	true	true	true	postgres	1	true	false	true	on_call_rebalance_actions_r2702
true	true	true	true	true	true	true	true	postgres	0	true	false	true	on_call_roster_capa_actions_r3188
true	true	true	true	true	true	true	true	postgres	0	true	false	true	on_call_roster_r3188
true	true	true	true	true	true	true	true	postgres	1	true	false	true	on_job_coaching_credits_r2554
true	true	true	true	true	true	true	true	postgres	0	true	false	true	onboard_90d_capa_actions_r3725
true	true	true	true	true	true	true	true	postgres	0	true	false	true	onboard_90d_r3725
true	true	true	true	true	true	true	true	postgres	1	true	false	true	onboarding_checklist_outcomes_r2630
true	true	true	true	true	true	true	true	postgres	1	true	false	true	onboarding_milestones_r2885
true	true	true	true	true	true	true	true	postgres	1	true	false	true	onboarding_survey_followups_r2500
true	true	true	true	true	true	true	true	postgres	0	true	false	true	oncology_device_qc_capa_actions_r3334
true	true	true	true	true	true	true	true	postgres	0	true	false	true	oncology_device_qc_r3334
true	true	true	true	true	true	true	true	postgres	1	true	false	true	one_on_one_action_items_r2417
true	true	true	true	true	true	true	true	postgres	0	true	false	true	op_microscope_capa_actions_r3203
true	true	true	true	true	true	true	true	postgres	0	true	false	true	op_microscope_r3203
true	true	true	true	true	true	true	true	postgres	0	true	false	true	operating_leverage_capa_actions_r3569
true	true	true	true	true	true	true	true	postgres	0	true	false	true	operating_leverage_r3569
true	true	true	true	true	true	true	true	postgres	0	true	false	true	ophthalmic_diag_capa_actions_r3190
true	true	true	true	true	true	true	true	postgres	0	true	false	true	ophthalmic_diag_r3190
true	true	true	true	true	true	true	true	postgres	0	true	false	true	ophthalmic_diagnostic_qc_capa_actions_r3343
true	true	true	true	true	true	true	true	postgres	0	true	false	true	ophthalmic_diagnostic_qc_r3343
true	true	true	true	true	true	true	true	postgres	0	true	false	true	ophthalmic_laser_qc_capa_actions_r3342
true	true	true	true	true	true	true	true	postgres	0	true	false	true	ophthalmic_laser_qc_capa_actions_r3411
true	true	true	true	true	true	true	true	postgres	0	true	false	true	ophthalmic_laser_qc_r3342
true	true	true	true	true	true	true	true	postgres	0	true	false	true	ophthalmic_laser_qc_r3411
true	true	true	true	true	true	true	true	postgres	0	true	false	true	ophthalmic_metrology_capa_actions_r3359
true	true	true	true	true	true	true	true	postgres	0	true	false	true	ophthalmic_metrology_r3359
true	true	true	true	true	true	true	true	postgres	0	true	false	true	ophthalmic_refraction_qc_capa_actions_r3258
true	true	true	true	true	true	true	true	postgres	0	true	false	true	ophthalmic_refraction_qc_r3258
true	true	true	true	true	true	true	true	postgres	0	true	false	true	ophthalmic_slitlamp_tonometer_capa_actions_r3242
true	true	true	true	true	true	true	true	postgres	0	true	false	true	ophthalmic_slitlamp_tonometer_r3242
true	true	true	true	true	true	true	true	postgres	0	true	false	true	or_robotic_qc_capa_actions_r3339
true	true	true	true	true	true	true	true	postgres	0	true	false	true	or_robotic_qc_r3339
true	true	true	true	true	true	true	true	postgres	0	true	false	true	or_smoke_evacuation_audits_r2919
true	true	true	true	true	true	true	true	postgres	0	true	false	true	or_smoke_remediation_actions_r2919
true	true	true	true	true	true	true	true	postgres	1	true	false	true	or_temp_humidity_logger_audits_r3010
true	true	true	true	true	true	true	true	postgres	1	true	false	true	or_temp_humidity_logger_readings_r3010
true	true	true	true	true	true	true	true	postgres	0	true	false	true	order_book_backlog_capa_actions_r3473
true	true	true	true	true	true	true	true	postgres	0	true	false	true	order_book_backlog_r3473
true	true	true	true	true	true	true	true	postgres	1	true	false	true	org_chart_drift_events_r2281
true	true	true	true	true	true	true	true	postgres	1	true	false	true	org_chart_target_roles_r2281
true	true	true	true	true	true	true	true	postgres	1	true	false	true	org_function_capacity_r2757
true	true	true	true	true	true	true	true	postgres	1	true	false	true	org_redesign_plays_r2757
false	false	false	false	false	false	false	false	postgres	3	true	false	true	organizations
true	true	true	true	true	true	true	true	postgres	0	true	false	true	osmometer_qc_capa_actions_r3471
true	true	true	true	true	true	true	true	postgres	0	true	false	true	osmometer_qc_r3471
true	true	true	true	true	true	true	true	postgres	1	true	false	true	ot_air_particle_audits_r3074
true	true	true	true	true	true	true	true	postgres	1	true	false	true	ot_air_pressure_verifications_r2958
true	true	true	true	true	true	true	true	postgres	1	true	false	true	ot_air_remediation_actions_r3074
false	false	false	false	true	true	true	true	postgres	1	true	false	true	ot_bulb_reorder_signals_r2971
true	true	true	true	true	true	true	true	postgres	0	true	false	true	ot_chain_corrective_actions_r2907
true	true	true	true	true	true	true	true	postgres	0	true	false	true	ot_disruption_events_r2907
true	true	true	true	true	true	true	true	postgres	0	true	false	true	ot_hepa_filter_bank_r3100
true	true	true	true	true	true	true	true	postgres	0	true	false	true	ot_hepa_particulate_readings_r3100
true	true	true	true	true	true	true	true	postgres	0	true	false	true	ot_hvac_env_capa_actions_r3379
true	true	true	true	true	true	true	true	postgres	0	true	false	true	ot_hvac_env_r3379
true	true	true	true	true	true	true	true	postgres	0	true	false	true	ot_ips_lim_qc_capa_actions_r3594
true	true	true	true	true	true	true	true	postgres	0	true	false	true	ot_ips_lim_qc_r3594
true	true	true	true	true	true	true	true	postgres	0	true	false	true	ot_laf_hvac_capa_actions_r3158
true	true	true	true	true	true	true	true	postgres	0	true	false	true	ot_laf_hvac_r3158
false	false	false	false	true	true	true	true	postgres	1	true	false	true	ot_light_bulb_reserve_audits_r2971
true	true	true	true	true	true	true	true	postgres	0	true	false	true	ot_light_table_capa_actions_r3171
true	true	true	true	true	true	true	true	postgres	0	true	false	true	ot_light_table_r3171
false	false	false	false	true	true	true	true	postgres	1	true	false	true	ot_mic_headset_steril_audits_r2982
false	false	false	false	true	true	true	true	postgres	1	true	false	true	ot_mic_headset_steril_findings_r2982
true	true	true	true	true	true	true	true	postgres	1	true	false	true	ot_pressure_remediation_actions_r2958
true	true	true	true	true	true	true	true	postgres	0	true	false	true	ot_scrub_station_capa_actions_r3290
true	true	true	true	true	true	true	true	postgres	0	true	false	true	ot_scrub_station_r3290
true	true	true	true	true	true	true	true	postgres	0	true	false	true	ot_smoke_evacuator_audits_r3120
true	true	true	true	true	true	true	true	postgres	0	true	false	true	ot_smoke_evacuator_replacement_queue_r3120
true	true	true	true	true	true	true	true	postgres	1	true	false	true	ot_table_hydraulic_audits_r2999
true	true	true	true	true	true	true	true	postgres	1	true	false	true	ot_table_pump_diagnostic_findings_r2999
true	true	true	true	true	true	true	true	postgres	0	true	false	true	ot_video_tower_capa_actions_r3182
true	true	true	true	true	true	true	true	postgres	0	true	false	true	ot_video_tower_r3182
true	true	true	true	true	true	true	true	postgres	0	true	false	true	other_income_capa_actions_r3621
true	true	true	true	true	true	true	true	postgres	0	true	false	true	other_income_r3621
true	true	true	true	true	true	true	true	postgres	0	true	false	true	otif_capa_actions_r3665
true	true	true	true	true	true	true	true	postgres	0	true	false	true	otif_r3665
true	true	true	true	true	true	true	true	postgres	0	true	false	true	otoscope_diag_set_qc_capa_actions_r3503
true	true	true	true	true	true	true	true	postgres	0	true	false	true	otoscope_diag_set_qc_r3503
true	true	true	true	true	true	true	true	postgres	1	true	false	true	outcome_story_publications_r2448
true	true	true	true	true	true	true	true	postgres	1	true	false	true	overflow_reroute_jobs_r2784
true	true	true	true	true	true	true	true	postgres	1	true	false	true	overflow_reroute_refinements_r2784
true	true	true	true	true	true	true	true	postgres	1	true	false	true	overlap_gap_actions_r2642
true	true	true	true	true	true	true	true	postgres	1	true	false	true	oxygen_filter_devices_r3056
true	true	true	true	true	true	true	true	postgres	1	true	false	true	oxygen_filter_replacements_r3056
true	true	true	true	true	true	true	true	postgres	0	true	false	true	oxygen_psa_capa_actions_r3174
true	true	true	true	true	true	true	true	postgres	0	true	false	true	oxygen_psa_r3174
true	true	true	true	true	true	true	true	postgres	1	true	false	true	oxygen_trolley_monthly_summary_r3048
true	true	true	true	true	true	true	true	postgres	1	true	false	true	oxygen_trolley_wheel_audits_r3048
true	true	true	true	true	true	true	true	postgres	0	true	false	true	p2p_cycle_capa_actions_r3715
true	true	true	true	true	true	true	true	postgres	0	true	false	true	p2p_cycle_r3715
true	true	true	true	true	true	true	true	postgres	0	true	false	true	packaging_spend_capa_actions_r3667
true	true	true	true	true	true	true	true	postgres	0	true	false	true	packaging_spend_r3667
true	true	true	true	true	true	true	true	postgres	0	true	false	true	pacs_dicom_capa_actions_r3175
true	true	true	true	true	true	true	true	postgres	0	true	false	true	pacs_dicom_r3175
true	true	true	true	true	true	true	true	postgres	1	true	false	true	pain_point_fix_actions_r2476
true	true	true	true	true	true	true	true	postgres	1	true	false	true	pairing_swap_outcomes_r2590
true	true	true	true	true	true	true	true	postgres	1	true	false	true	part_knowledge_reuse_events_r2606
true	true	true	true	true	true	true	true	postgres	0	true	false	true	part_leadtime_otd_capa_actions_r3476
true	true	true	true	true	true	true	true	postgres	0	true	false	true	part_leadtime_otd_r3476
true	true	true	true	true	true	true	true	postgres	0	true	false	true	part_pricing_markup_capa_actions_r3464
true	true	true	true	true	true	true	true	postgres	0	true	false	true	part_pricing_markup_r3464
true	true	true	true	true	true	true	true	postgres	0	true	false	true	part_supersession_bom_capa_actions_r3456
true	true	true	true	true	true	true	true	postgres	0	true	false	true	part_supersession_bom_r3456
true	true	true	true	true	true	true	true	postgres	0	true	false	true	partnership_pipeline_capa_actions_r3205
true	true	true	true	true	true	true	true	postgres	0	true	false	true	partnership_pipeline_r3205
true	true	true	true	true	true	true	true	postgres	0	true	false	true	parts_consumption_var_capa_actions_r3568
true	true	true	true	true	true	true	true	postgres	0	true	false	true	parts_consumption_var_r3568
false	false	false	false	true	true	true	true	postgres	1	true	false	true	patent_filing_pipeline_r3005
true	true	true	true	true	true	true	true	postgres	0	true	false	true	patent_filings_r2909
false	false	false	false	true	true	true	true	postgres	1	true	false	true	patient_bed_brake_caster_audit_r2978
false	false	false	false	true	true	true	true	postgres	1	true	false	true	patient_bed_side_rail_function_r2978
false	false	false	false	true	true	true	true	postgres	1	true	false	true	patient_hoist_charger_audits_r3046
true	true	true	true	true	true	true	true	postgres	1	true	false	true	patient_id_wristband_compliance_findings_r3084
true	true	true	true	true	true	true	true	postgres	1	true	false	true	patient_id_wristband_scans_r3084
false	false	false	false	true	true	true	true	postgres	1	true	false	true	patient_lift_sling_audits_r3054
true	true	true	true	true	true	true	true	postgres	0	true	false	true	patient_monitor_calibration_capa_r3108
true	true	true	true	true	true	true	true	postgres	0	true	false	true	patient_monitor_calibration_sessions_r3108
true	true	true	true	true	true	true	true	postgres	0	true	false	true	patient_monitor_capa_actions_r3150
true	true	true	true	true	true	true	true	postgres	0	true	false	true	patient_monitor_r3150
true	true	true	true	true	true	true	true	postgres	1	true	false	true	patient_safety_lesson_endorsements_r2969
true	true	true	true	true	true	true	true	postgres	1	true	false	true	patient_safety_lessons_r2969
false	false	false	false	true	true	true	true	postgres	1	true	false	true	patient_trust_scores_r2960
true	true	true	true	true	true	true	true	postgres	1	true	false	true	patient_warmer_remediation_actions_r3070
true	true	true	true	true	true	true	true	postgres	1	true	false	true	patient_warmer_skin_sensor_audits_r3070
true	true	true	true	true	true	true	true	postgres	1	true	false	true	patient_wifi_ssid_trust_r3008
true	true	true	true	true	true	true	true	postgres	1	true	false	true	pay_yourself_decisions_r2665
true	true	true	true	true	true	true	true	postgres	1	true	false	true	payment_collection_actions_r2640
true	true	true	true	true	true	true	true	postgres	1	true	false	true	payment_mode_collections_r2376
true	true	true	true	true	true	true	true	postgres	1	true	false	true	payment_mode_cost_overrides_r2376
true	true	true	true	true	true	true	true	postgres	0	true	false	true	payment_run_calendar_capa_actions_r3561
true	true	true	true	true	true	true	true	postgres	0	true	false	true	payment_run_calendar_r3561
false	false	true	false	false	false	true	false	postgres	1	true	false	true	payment_verify_events
false	true	true	true	false	true	true	true	postgres	1	true	false	true	payments
true	true	true	true	true	true	true	true	postgres	0	true	false	true	payout_dispute_capa_actions_r3216
true	true	true	true	true	true	true	true	postgres	0	true	false	true	payout_dispute_r3216
false	false	true	false	false	false	true	false	postgres	1	true	false	true	payouts_webhook_events
true	true	true	true	true	true	true	true	postgres	0	true	false	true	payroll_compliance_capa_actions_r3173
true	true	true	true	true	true	true	true	postgres	0	true	false	true	payroll_compliance_r3173
true	true	true	true	true	true	true	true	postgres	0	true	false	true	pca_pump_qc_capa_actions_r3287
true	true	true	true	true	true	true	true	postgres	0	true	false	true	pca_pump_qc_r3287
true	true	true	true	true	true	true	true	postgres	0	true	false	true	pcb_consent_capa_actions_r3680
true	true	true	true	true	true	true	true	postgres	0	true	false	true	pcb_consent_r3680
false	false	false	false	true	true	true	true	postgres	1	true	false	true	pediatric_iv_pump_chain_audit_findings_r3067
false	false	false	false	true	true	true	true	postgres	1	true	false	true	pediatric_iv_pump_hard_limit_overrides_r3067
true	true	true	true	true	true	true	true	postgres	0	true	false	true	people_analytics_enps_capa_actions_r3405
true	true	true	true	true	true	true	true	postgres	0	true	false	true	people_analytics_enps_r3405
true	true	true	true	true	true	true	true	postgres	1	true	false	true	personal_cashflow_actions_r2685
true	true	true	true	true	true	true	true	postgres	1	true	false	true	personal_cashflow_categories_r2685
true	true	true	true	true	true	true	true	postgres	1	true	false	true	personal_dev_application_log_r2625
true	true	true	true	true	true	true	true	postgres	1	true	false	true	personal_okr_lessons_log_r2505
true	true	true	true	true	true	true	true	postgres	0	true	false	true	petty_cash_float_capa_actions_r3268
true	true	true	true	true	true	true	true	postgres	0	true	false	true	petty_cash_float_r3268
true	true	true	true	true	true	true	true	postgres	0	true	false	true	pft_lab_qc_capa_actions_r3271
true	true	true	true	true	true	true	true	postgres	0	true	false	true	pft_lab_qc_r3271
true	true	true	true	true	true	true	true	postgres	0	true	false	true	ph_conductivity_qc_capa_actions_r3487
true	true	true	true	true	true	true	true	postgres	0	true	false	true	ph_conductivity_qc_r3487
true	true	true	true	true	true	true	true	postgres	0	true	false	true	phaco_tubing_sterility_audit_r3130
true	true	true	true	true	true	true	true	postgres	0	true	false	true	phaco_vacuum_performance_log_r3130
true	true	true	true	true	true	true	true	postgres	0	true	false	true	pharmacy_adc_qc_capa_actions_r3403
true	true	true	true	true	true	true	true	postgres	0	true	false	true	pharmacy_adc_qc_r3403
true	true	true	true	true	true	true	true	postgres	1	true	false	true	pharmacy_cold_storage_audits_r3015
true	true	true	true	true	true	true	true	postgres	1	true	false	true	pharmacy_cold_storage_findings_r3015
true	true	true	true	true	true	true	true	postgres	0	true	false	true	pharmacy_coldchain_capa_actions_r3183
true	true	true	true	true	true	true	true	postgres	0	true	false	true	pharmacy_coldchain_r3183
true	true	true	true	true	true	true	true	postgres	1	true	false	true	pharmacy_cross_sell_actions_r2543
true	true	true	true	true	true	true	true	postgres	1	true	false	true	pharmacy_equipment_overlap_r2711
true	true	true	true	true	true	true	true	postgres	1	true	false	true	pharmacy_fridge_inventory_r2815
true	true	true	true	true	true	true	true	postgres	1	true	false	true	pharmacy_overlap_integration_r2711
true	true	true	true	true	true	true	true	postgres	0	true	false	true	phish_awareness_capa_actions_r3661
true	true	true	true	true	true	true	true	postgres	0	true	false	true	phish_awareness_r3661
false	false	false	false	false	false	false	false	postgres	0	true	false	true	phone_otp_requests
true	true	true	true	true	true	true	true	postgres	1	true	false	true	photo_ai_action_log_r2666
true	true	true	true	true	true	true	true	postgres	1	true	false	true	photo_archive_audit_log_r2816
true	true	true	true	true	true	true	true	postgres	1	true	false	true	photo_audit_coaching_sessions_r2494
true	true	true	true	true	true	true	true	postgres	0	true	false	true	photo_audit_findings_r2910
true	true	true	true	true	true	true	true	postgres	0	true	false	true	photo_audit_submissions_r2910
true	true	true	true	true	true	true	true	postgres	0	true	false	true	photo_fraud_incidents_r2924
true	true	true	true	true	true	true	true	postgres	1	true	false	true	photo_redo_actions_r2614
true	true	true	true	true	true	true	true	postgres	1	true	false	true	photo_retrieval_requests_r2586
true	true	true	true	true	true	true	true	postgres	1	true	false	true	photo_share_engagement_log_r2510
false	false	false	false	true	true	true	true	postgres	1	true	false	true	phototherapy_bulb_hour_ledger_r3022
false	false	false	false	true	true	true	true	postgres	1	true	false	true	phototherapy_lamp_uv_audits_r3022
true	true	true	true	true	true	true	true	postgres	0	true	false	true	physical_security_capa_actions_r3682
true	true	true	true	true	true	true	true	postgres	0	true	false	true	physical_security_r3682
true	true	true	true	true	true	true	true	postgres	0	true	false	true	physio_rehab_capa_actions_r3186
true	true	true	true	true	true	true	true	postgres	0	true	false	true	physio_rehab_r3186
true	true	true	true	true	true	true	true	postgres	0	true	false	true	physiotherapy_electrotherapy_capa_actions_r3322
true	true	true	true	true	true	true	true	postgres	0	true	false	true	physiotherapy_electrotherapy_r3322
true	true	true	true	true	true	true	true	postgres	0	true	false	true	pickpack_capa_actions_r3721
true	true	true	true	true	true	true	true	postgres	0	true	false	true	pickpack_r3721
true	true	true	true	true	true	true	true	postgres	0	true	false	true	picu_incubator_audits_r3118
true	true	true	true	true	true	true	true	postgres	0	true	false	true	picu_incubator_capa_r3118
true	true	true	true	true	true	true	true	postgres	1	true	false	true	pipeline_audit_findings_r3066
true	true	true	true	true	true	true	true	postgres	1	true	false	true	pipeline_deal_commitments_r2513
true	true	true	true	true	true	true	true	postgres	1	true	false	true	playbook_deviations_r2483
true	true	true	true	true	true	true	true	postgres	0	true	false	true	pm_checklist_quality_capa_actions_r3332
true	true	true	true	true	true	true	true	postgres	0	true	false	true	pm_checklist_quality_r3332
true	true	true	true	true	true	true	true	postgres	1	true	false	true	pm_cm_trend_alerts_r2412
true	true	true	true	true	true	true	true	postgres	0	true	false	true	pm_consumables_capa_actions_r3588
true	true	true	true	true	true	true	true	postgres	0	true	false	true	pm_consumables_r3588
true	true	true	true	true	true	true	true	postgres	0	true	false	true	pm_deferral_risk_capa_actions_r3508
true	true	true	true	true	true	true	true	postgres	0	true	false	true	pm_deferral_risk_r3508
true	true	true	true	true	true	true	true	postgres	0	true	false	true	pm_scheduling_load_capa_actions_r3540
true	true	true	true	true	true	true	true	postgres	0	true	false	true	pm_scheduling_load_r3540
true	true	true	true	true	true	true	true	postgres	0	true	false	true	pms_capa_actions_r3641
true	true	true	true	true	true	true	true	postgres	0	true	false	true	pms_r3641
true	true	true	true	true	true	true	true	postgres	1	true	false	true	pneumatic_door_checks_r3004
true	true	true	true	true	true	true	true	postgres	1	true	false	true	pneumatic_door_incidents_r3004
false	false	false	false	true	true	true	true	postgres	1	true	false	true	pneumatic_tube_audits_r2986
true	true	true	true	true	true	true	true	postgres	0	true	false	true	poct_fleet_qc_capa_actions_r3302
true	true	true	true	true	true	true	true	postgres	0	true	false	true	poct_fleet_qc_r3302
true	true	true	true	true	true	true	true	postgres	1	true	false	true	policy_engagement_log_r2817
true	true	true	true	true	true	true	true	postgres	1	true	false	true	policy_evolution_events_r2539
true	true	true	true	true	true	true	true	postgres	1	true	false	true	policy_items_r2817
true	true	true	true	true	true	true	true	postgres	1	true	false	true	portability_revenue_log_r2584
true	true	true	true	true	true	true	true	postgres	1	true	false	true	portable_equipment_loss_events_r2756
true	true	true	true	true	true	true	true	postgres	1	true	false	true	portable_equipment_prevention_playbook_r2756
true	true	true	true	true	true	true	true	postgres	0	true	false	true	portable_xray_qc_capa_actions_r3458
true	true	true	true	true	true	true	true	postgres	0	true	false	true	portable_xray_qc_r3458
true	true	true	true	true	true	true	true	postgres	0	true	false	true	positioning_device_capa_actions_r3227
true	true	true	true	true	true	true	true	postgres	0	true	false	true	positioning_device_r3227
true	true	true	true	true	true	true	true	postgres	0	true	false	true	post_visit_nps_surveys_r2920
true	true	true	true	true	true	true	true	postgres	1	true	false	true	postmortem_action_items_r2548
true	true	true	true	true	true	true	true	postgres	0	true	false	true	posturography_qc_capa_actions_r3575
true	true	true	true	true	true	true	true	postgres	0	true	false	true	posturography_qc_r3575
true	true	true	true	true	true	true	true	postgres	0	true	false	true	power_quality_audit_r3384
true	true	true	true	true	true	true	true	postgres	0	true	false	true	power_quality_capa_actions_r3384
true	true	true	true	true	true	true	true	postgres	1	true	false	true	power_strip_audits_r2966
true	true	true	true	true	true	true	true	postgres	1	true	false	true	power_strip_findings_r2966
true	true	true	true	true	true	true	true	postgres	1	true	false	true	ppe_compliance_audits_r2462
true	true	true	true	true	true	true	true	postgres	0	true	false	true	ppm_schedule_capa_actions_r3156
true	true	true	true	true	true	true	true	postgres	0	true	false	true	ppm_schedule_r3156
true	true	true	true	true	true	true	true	postgres	1	true	false	true	pr_crisis_invocations
true	true	true	true	true	true	true	true	postgres	1	true	false	true	pr_crisis_playbooks
true	true	true	true	true	true	true	true	postgres	1	true	false	true	praise_award_ledger_r2438
true	true	true	true	true	true	true	true	postgres	1	true	false	true	pre_read_section_quality_r2533
false	false	true	false	false	false	true	false	postgres	1	true	false	true	pre_visit_engineer_dossiers
true	true	true	true	true	true	true	true	postgres	0	true	false	true	presentation_check_capa_actions_r3240
true	true	true	true	true	true	true	true	postgres	0	true	false	true	presentation_check_r3240
true	true	true	true	true	true	true	true	postgres	1	true	false	true	press_crisis_response_queue_r3109
true	true	true	true	true	true	true	true	postgres	1	true	false	true	press_media_hits_r3109
true	true	true	true	true	true	true	true	postgres	1	true	false	true	press_mention_followups_r2689
true	true	true	true	true	true	true	true	postgres	1	true	false	true	press_mentions_r2689
true	true	true	true	true	true	true	true	postgres	1	true	false	true	press_monthly_outreach_log_r2773
true	true	true	true	true	true	true	true	postgres	1	true	false	true	press_reporter_relationships_r2773
true	true	true	true	true	true	true	true	postgres	1	true	false	true	prevention_measures_catalog_r2820
true	true	true	true	true	true	true	true	postgres	0	true	false	true	price_book_governance_capa_actions_r3457
true	true	true	true	true	true	true	true	postgres	0	true	false	true	price_book_governance_r3457
true	true	true	true	true	true	true	true	postgres	0	true	false	true	price_increase_passthru_capa_actions_r3565
true	true	true	true	true	true	true	true	postgres	0	true	false	true	price_increase_passthru_r3565
true	true	true	true	true	true	true	true	postgres	0	true	false	true	price_list_capa_actions_r3726
true	true	true	true	true	true	true	true	postgres	0	true	false	true	price_list_r3726
true	true	true	true	true	true	true	true	postgres	0	true	false	true	price_volume_mix_margin_capa_actions_r3461
true	true	true	true	true	true	true	true	postgres	0	true	false	true	price_volume_mix_margin_r3461
true	true	true	true	true	true	true	true	postgres	0	true	false	true	pricing_experiment_capa_actions_r3237
true	true	true	true	true	true	true	true	postgres	1	true	false	true	pricing_experiment_observations_r2479
true	true	true	true	true	true	true	true	postgres	0	true	false	true	pricing_experiment_r3237
true	true	true	true	true	true	true	true	postgres	1	true	false	true	pricing_power_matrix_r3127
true	true	true	true	true	true	true	true	postgres	1	true	false	true	pricing_power_test_outcomes_r2627
true	true	true	true	true	true	true	true	postgres	1	true	false	true	pricing_tier_revision_outcomes_r2833
true	true	true	true	true	true	true	true	postgres	1	true	false	true	pricing_tier_revisions_r2833
true	true	true	true	true	true	true	true	postgres	0	true	false	true	probe_replacement_queue_r3126
true	true	true	true	true	true	true	true	postgres	0	true	false	true	probe_sterilization_cycles_r3126
true	true	true	true	true	true	true	true	postgres	1	true	false	true	procurement_acceleration_actions_r2655
true	true	true	true	true	true	true	true	postgres	1	true	false	true	procurement_leader_touchpoints_r2519
true	true	true	true	true	true	true	true	postgres	0	true	false	true	procurement_savings_capa_actions_r3309
true	true	true	true	true	true	true	true	postgres	0	true	false	true	procurement_savings_r3309
true	true	true	true	true	true	true	true	postgres	1	true	false	true	product_bets_r2681
true	true	true	true	true	true	true	true	postgres	1	true	false	true	product_deprecation_candidates_r2809
true	true	true	true	true	true	true	true	postgres	1	true	false	true	product_deprecation_steps_r2809
true	true	true	true	true	true	true	true	postgres	1	true	false	true	product_strategy_pivot_events_r2561
true	true	true	true	true	true	true	true	postgres	1	true	false	true	product_thesis_signals_r2829
true	true	true	true	true	true	true	true	postgres	1	true	false	true	product_thesis_statements_r2829
false	true	true	true	false	true	true	true	postgres	2	true	false	true	profiles
false	false	true	false	false	false	true	false	postgres	1	true	false	true	promo_redemptions
true	true	true	true	true	true	true	true	postgres	1	true	false	true	promotion_followup_outcomes_r2546
true	true	true	true	true	true	true	true	postgres	1	true	false	true	ptube_capsule_catalog_r3027
true	true	true	true	true	true	true	true	postgres	1	true	false	true	ptube_end_station_wear_r3027
true	true	true	true	true	true	true	true	postgres	1	true	false	true	pulse_followup_actions_r2576
true	true	true	true	true	true	true	true	postgres	1	true	false	true	pulse_lavage_tool_audit_calibrations_r3026
true	true	true	true	true	true	true	true	postgres	1	true	false	true	pulse_lavage_tool_audit_findings_r3026
true	true	true	true	true	true	true	true	postgres	1	true	false	true	pulse_ox_battery_audits_r3018
true	true	true	true	true	true	true	true	postgres	1	true	false	true	pulse_ox_probe_audits_r3018
true	true	true	true	true	true	true	true	postgres	1	true	false	true	pulse_survey_followup_actions_r2634
true	true	true	true	true	true	true	true	postgres	0	true	false	true	pump_dose_library_entries_r3124
true	true	true	true	true	true	true	true	postgres	0	true	false	true	pump_dose_override_events_r3124
true	true	true	true	true	true	true	true	postgres	1	true	false	true	pwm_heating_mat_calibration_actions_r3052
true	true	true	true	true	true	true	true	postgres	1	true	false	true	pwm_heating_mat_calibration_runs_r3052
true	true	true	true	true	true	true	true	postgres	1	true	false	true	qbr_followup_commitments_r2532
false	false	false	false	true	true	true	true	postgres	1	true	false	true	qstr_apology_letters_r3065
false	false	false	false	true	true	true	true	postgres	1	true	false	true	qstr_recovery_actions_r3065
true	true	true	true	true	true	true	true	postgres	1	true	false	true	quarterly_experiments_r2785
true	true	true	true	true	true	true	true	postgres	1	true	false	true	quarterly_investor_letters_r2901
true	true	true	true	true	true	true	true	postgres	1	true	false	true	quarterly_mentor_audit_findings_r3053
true	true	true	true	true	true	true	true	postgres	1	true	false	true	quarterly_mentor_office_hours_sessions_r3053
true	true	true	true	true	true	true	true	postgres	1	true	false	true	quarterly_narrative_drafts_r2709
true	true	true	true	true	true	true	true	postgres	1	true	false	true	quarterly_narrative_resonance_signals_r2709
true	true	true	true	true	true	true	true	postgres	0	true	false	true	quarterly_strategic_cohort_ltv_audit_findings_r2945
true	true	true	true	true	true	true	true	postgres	0	true	false	true	quarterly_strategic_cohort_ltv_curves_r2945
true	true	true	true	true	true	true	true	postgres	1	true	false	true	quarterly_townhall_audit_findings_r3077
true	true	true	true	true	true	true	true	postgres	1	true	false	true	quarterly_townhall_sessions_r3077
true	true	true	true	true	true	true	true	postgres	0	true	false	true	quota_fairness_capa_actions_r3729
true	true	true	true	true	true	true	true	postgres	0	true	false	true	quota_fairness_r3729
true	true	true	true	true	true	true	true	postgres	1	true	false	true	quote_acceptance_events_r2872
true	true	true	true	true	true	true	true	postgres	1	true	false	true	radiotherapy_linac_calibrations_r3091
true	true	true	true	true	true	true	true	postgres	0	true	false	true	radiotherapy_positioning_qc_capa_actions_r3354
true	true	true	true	true	true	true	true	postgres	0	true	false	true	radiotherapy_positioning_qc_r3354
true	true	true	true	true	true	true	true	postgres	1	true	false	true	radiotherapy_wedge_filter_audits_r3091
true	true	true	true	true	true	true	true	postgres	1	true	false	true	rapport_growth_actions_r2542
true	true	true	true	true	true	true	true	postgres	0	true	false	true	rate_contract_capa_actions_r3736
true	true	true	true	true	true	true	true	postgres	0	true	false	true	rate_contract_r3736
false	false	true	false	false	false	true	false	postgres	1	true	false	true	razorpay_webhook_events
true	true	true	true	true	true	true	true	postgres	1	true	false	true	reassignment_costs_r2314
true	true	true	true	true	true	true	true	postgres	1	true	false	true	rebate_redemption_actions_r2527
true	true	true	true	true	true	true	true	postgres	1	true	false	true	recall_blocker_actions_r2750
true	true	true	true	true	true	true	true	postgres	0	true	false	true	receivables_factoring_capa_actions_r3521
true	true	true	true	true	true	true	true	postgres	0	true	false	true	receivables_factoring_r3521
false	false	true	false	false	false	true	false	postgres	1	true	false	true	reconciliation_anomalies
false	false	true	false	false	false	true	false	postgres	1	true	false	true	reconciliation_runs
true	true	true	true	true	true	true	true	postgres	0	true	false	true	records_retention_capa_actions_r3674
true	true	true	true	true	true	true	true	postgres	0	true	false	true	records_retention_r3674
true	true	true	true	true	true	true	true	postgres	1	true	false	true	recovery_script_library_r2814
true	true	true	true	true	true	true	true	postgres	1	true	false	true	recurring_issue_kill_actions_r2463
true	true	true	true	true	true	true	true	postgres	1	true	false	true	reference_call_thank_you_log_r2480
false	false	false	false	true	true	true	true	postgres	1	true	false	true	reference_refresh_audit_r3049
false	false	true	false	false	false	true	false	postgres	1	true	false	true	referral_bounty_payouts
true	true	true	true	true	true	true	true	postgres	0	true	false	true	referral_ramp_capa_actions_r3212
true	true	true	true	true	true	true	true	postgres	0	true	false	true	referral_ramp_r3212
true	true	true	true	true	true	true	true	postgres	1	true	false	true	reflection_commitment_outcomes_r2577
true	true	true	true	true	true	true	true	postgres	1	true	false	true	refresh_pipeline_milestones_r2563
false	true	true	false	false	true	true	false	postgres	1	true	false	true	refund_authorization_requests
true	true	true	true	true	true	true	true	postgres	0	true	false	true	refurb_recert_qc_capa_actions_r3468
true	true	true	true	true	true	true	true	postgres	0	true	false	true	refurb_recert_qc_r3468
true	true	true	true	true	true	true	true	postgres	0	true	false	true	reg_intel_capa_actions_r3654
true	true	true	true	true	true	true	true	postgres	0	true	false	true	reg_intel_r3654
true	true	true	true	true	true	true	true	postgres	0	true	false	true	regulatory_licence_capa_actions_r3153
true	true	true	true	true	true	true	true	postgres	0	true	false	true	regulatory_licence_r3153
true	true	true	true	true	true	true	true	postgres	0	true	false	true	regulatory_license_capa_actions_r3349
true	true	true	true	true	true	true	true	postgres	0	true	false	true	regulatory_license_r3349
true	true	true	true	true	true	true	true	postgres	1	true	false	true	regulatory_submission_events
true	true	true	true	true	true	true	true	postgres	1	true	false	true	regulatory_submissions
true	true	true	true	true	true	true	true	postgres	0	true	false	true	rehab_equipment_capa_actions_r3323
true	true	true	true	true	true	true	true	postgres	0	true	false	true	rehab_equipment_r3323
true	true	true	true	true	true	true	true	postgres	0	true	false	true	reinvest_ratio_capa_actions_r3615
true	true	true	true	true	true	true	true	postgres	0	true	false	true	reinvest_ratio_r3615
true	true	true	true	true	true	true	true	postgres	0	true	false	true	related_party_txn_capa_actions_r3513
true	true	true	true	true	true	true	true	postgres	0	true	false	true	related_party_txn_r3513
true	true	true	true	true	true	true	true	postgres	1	true	false	true	relationship_investment_outcomes_r2654
true	true	true	true	true	true	true	true	postgres	0	true	false	true	remote_access_vpn_capa_actions_r3552
true	true	true	true	true	true	true	true	postgres	0	true	false	true	remote_access_vpn_r3552
true	true	true	true	true	true	true	true	postgres	0	true	false	true	remote_assist_capa_actions_r3228
true	true	true	true	true	true	true	true	postgres	0	true	false	true	remote_assist_r3228
true	true	true	true	true	true	true	true	postgres	0	true	false	true	remote_diag_uptime_capa_actions_r3584
true	true	true	true	true	true	true	true	postgres	0	true	false	true	remote_diag_uptime_r3584
true	true	true	true	true	true	true	true	postgres	0	true	false	true	remote_monitoring_alert_capa_actions_r3344
true	true	true	true	true	true	true	true	postgres	0	true	false	true	remote_monitoring_alert_r3344
true	true	true	true	true	true	true	true	postgres	1	true	false	true	renewal_acceleration_outcomes_r2587
true	true	true	true	true	true	true	true	postgres	1	true	false	true	renewal_conversation_outcomes_r2504
true	true	true	true	true	true	true	true	postgres	1	true	false	true	renewal_followup_calendar_r2428
true	true	true	true	true	true	true	true	postgres	1	true	false	true	renewal_risk_mitigation_actions_r2659
true	true	true	true	true	true	true	true	postgres	3	true	false	true	rental_contracts
true	true	true	true	true	true	true	true	postgres	2	true	false	true	rental_listings
false	false	false	false	false	false	true	false	postgres	1	true	false	true	repair_invoice_emails
false	true	true	true	false	true	true	true	postgres	5	true	false	true	repair_job_bids
false	false	false	false	true	true	true	true	postgres	2	true	false	true	repair_job_cost_revisions
true	true	true	false	true	true	true	false	postgres	2	true	false	true	repair_job_escrow
true	true	true	true	true	true	true	true	postgres	1	true	false	true	repair_job_escrow_events
false	true	true	false	false	true	true	false	postgres	4	true	false	true	repair_jobs
true	true	true	true	true	true	true	true	postgres	1	true	false	true	replacement_incentive_close_log_r2608
true	true	true	true	true	true	true	true	postgres	1	true	false	true	replacement_proposal_log_r2596
true	true	true	true	true	true	true	true	postgres	0	true	false	true	report_turnaround_capa_actions_r3512
true	true	true	true	true	true	true	true	postgres	0	true	false	true	report_turnaround_r3512
true	true	true	true	true	true	true	true	postgres	0	true	false	true	resectoscope_qc_capa_actions_r3554
true	true	true	true	true	true	true	true	postgres	0	true	false	true	resectoscope_qc_r3554
true	true	true	true	true	true	true	true	postgres	1	true	false	true	resilience_practice_outcomes_r2629
true	true	true	true	true	true	true	true	postgres	1	true	false	true	resolution_response_actions_r2615
true	true	true	true	true	true	true	true	postgres	1	true	false	true	rest_debt_recovery_actions_r2566
true	true	true	true	true	true	true	true	postgres	1	true	false	true	retention_attribution_events_r2578
true	true	true	true	true	true	true	true	postgres	0	true	false	true	retinal_laser_qc_capa_actions_r3398
true	true	true	true	true	true	true	true	postgres	0	true	false	true	retinal_laser_qc_r3398
true	true	true	true	true	true	true	true	postgres	0	true	false	true	rev_per_employee_capa_actions_r3592
true	true	true	true	true	true	true	true	postgres	0	true	false	true	rev_per_employee_r3592
true	true	true	true	true	true	true	true	postgres	0	true	false	true	revenue_concentration_capa_actions_r3193
true	true	true	true	true	true	true	true	postgres	0	true	false	true	revenue_concentration_r3193
true	true	true	true	true	true	true	true	postgres	0	true	false	true	revenue_per_fte_capa_actions_r3469
true	true	true	true	true	true	true	true	postgres	0	true	false	true	revenue_per_fte_r3469
true	true	true	true	true	true	true	true	postgres	1	true	false	true	revenue_quality_improvement_actions_r2636
true	true	true	true	true	true	true	true	postgres	0	true	false	true	reverse_logistics_capa_actions_r3666
true	true	true	true	true	true	true	true	postgres	0	true	false	true	reverse_logistics_r3666
true	true	true	true	true	true	true	true	postgres	1	true	false	true	review_360_action_items_r2530
true	true	true	true	true	true	true	true	postgres	0	true	false	true	review_monitor_capa_actions_r3735
true	true	true	true	true	true	true	true	postgres	0	true	false	true	review_monitor_r3735
true	true	true	true	true	true	true	true	postgres	2	true	false	true	reviews
true	true	true	true	true	true	true	true	postgres	1	true	false	true	rework_incidents_r2906
true	true	true	true	true	true	true	true	postgres	0	true	false	true	rfa_generator_qc_capa_actions_r3562
true	true	true	true	true	true	true	true	postgres	0	true	false	true	rfa_generator_qc_r3562
true	true	true	true	true	true	true	true	postgres	3	true	false	true	rfq_bids
false	false	false	false	false	false	false	false	postgres	3	true	false	true	rfqs
false	false	false	false	true	true	true	true	postgres	1	true	false	true	ribbon_stock_movements_r3036
false	false	true	false	false	false	true	false	postgres	1	true	false	true	risk_score_snapshots
true	true	true	true	true	true	true	true	postgres	0	true	false	true	rnd_tax_credit_capa_actions_r3549
true	true	true	true	true	true	true	true	postgres	0	true	false	true	rnd_tax_credit_r3549
true	true	true	true	true	true	true	true	postgres	0	true	false	true	roa_board_capa_actions_r3605
true	true	true	true	true	true	true	true	postgres	0	true	false	true	roa_board_r3605
true	true	true	true	true	true	true	true	postgres	1	true	false	true	roadmap_promise_communications_r2753
true	true	true	true	true	true	true	true	postgres	1	true	false	true	roadmap_promises_r2753
true	true	true	true	true	true	true	true	postgres	0	true	false	true	roadmap_slippage_capa_actions_r3213
true	true	true	true	true	true	true	true	postgres	0	true	false	true	roadmap_slippage_r3213
false	false	false	false	true	true	true	true	postgres	1	true	false	true	robot_battery_audits_r3076
false	false	false	false	true	true	true	true	postgres	1	true	false	true	robot_path_coverage_r3076
true	true	true	true	true	true	true	true	postgres	0	true	false	true	roc_compliance_capa_actions_r3369
true	true	true	true	true	true	true	true	postgres	0	true	false	true	roc_compliance_r3369
true	true	true	true	true	true	true	true	postgres	0	true	false	true	roce_board_capa_actions_r3581
true	true	true	true	true	true	true	true	postgres	0	true	false	true	roce_board_r3581
true	true	true	true	true	true	true	true	postgres	0	true	false	true	roe_dupont_capa_actions_r3597
true	true	true	true	true	true	true	true	postgres	0	true	false	true	roe_dupont_r3597
true	true	true	true	true	true	true	true	postgres	1	true	false	true	rotation_outcome_catalog_r2688
true	true	true	true	true	true	true	true	postgres	1	true	false	true	rotation_slots_r2410
true	true	true	true	true	true	true	true	postgres	0	true	false	true	route_adherence_capa_actions_r3668
true	true	true	true	true	true	true	true	postgres	0	true	false	true	route_adherence_r3668
true	true	true	true	true	true	true	true	postgres	0	true	false	true	route_efficiency_capa_actions_r3184
true	true	true	true	true	true	true	true	postgres	0	true	false	true	route_efficiency_r3184
true	true	true	true	true	true	true	true	postgres	1	true	false	true	rude_engineer_summary_r2806
true	true	true	true	true	true	true	true	postgres	1	true	false	true	rude_incidents_r2806
true	true	true	true	true	true	true	true	postgres	0	true	false	true	runway_burn_capa_actions_r3201
true	true	true	true	true	true	true	true	postgres	0	true	false	true	runway_burn_r3201
true	true	true	true	true	true	true	true	postgres	0	true	false	true	saas_domain_ssl_license_capa_actions_r3245
true	true	true	true	true	true	true	true	postgres	0	true	false	true	saas_domain_ssl_license_r3245
true	true	true	true	true	true	true	true	postgres	0	true	false	true	saas_spend_capa_actions_r3673
true	true	true	true	true	true	true	true	postgres	0	true	false	true	saas_spend_r3673
true	true	true	true	true	true	true	true	postgres	1	true	false	true	sabbatical_pre_plan_audits_r3073
true	true	true	true	true	true	true	true	postgres	1	true	false	true	sabbatical_risk_register_r3073
true	true	true	true	true	true	true	true	postgres	1	true	false	true	safety_incident_metrics_r2450
true	true	true	true	true	true	true	true	postgres	0	true	false	true	salary_advance_loan_capa_actions_r3337
true	true	true	true	true	true	true	true	postgres	0	true	false	true	salary_advance_loan_r3337
false	false	false	false	true	true	true	true	postgres	1	true	false	true	salary_band_compression_findings_r2977
false	false	false	false	true	true	true	true	postgres	1	true	false	true	salary_band_snapshots_r2977
true	true	true	true	true	true	true	true	postgres	0	true	false	true	sales_commission_capa_actions_r3713
true	true	true	true	true	true	true	true	postgres	0	true	false	true	sales_commission_r3713
true	true	true	true	true	true	true	true	postgres	1	true	false	true	satisfaction_recovery_actions_r2244
true	true	true	true	true	true	true	true	postgres	1	true	false	true	satisfaction_recovery_cases_r2244
true	true	true	true	true	true	true	true	postgres	1	true	false	true	scd_sleeve_audit_actions_r3030
true	true	true	true	true	true	true	true	postgres	1	true	false	true	scd_sleeve_audits_r3030
true	true	true	true	true	true	true	true	postgres	0	true	false	true	search_gap_capa_actions_r3699
true	true	true	true	true	true	true	true	postgres	0	true	false	true	search_gap_r3699
true	true	true	true	true	true	true	true	postgres	1	true	false	true	second_life_equipment_listings
true	true	true	true	true	true	true	true	postgres	1	true	false	true	second_life_equipment_resales
true	true	true	true	true	true	true	true	postgres	1	true	false	true	second_opinion_learning_catalog_r2808
true	true	true	true	true	true	true	true	postgres	1	true	false	true	second_visit_prevention_actions_r2618
true	true	true	true	true	true	true	true	postgres	1	true	false	true	second_visit_prevention_jobs_r2820
true	true	true	true	true	true	true	true	postgres	1	true	false	true	secondary_market_counterparties
true	true	true	true	true	true	true	true	postgres	1	true	false	true	secondary_market_requests_r2761
true	true	true	true	true	true	true	true	postgres	1	true	false	true	secondary_market_transactions
true	true	true	true	true	true	true	true	postgres	1	true	false	true	secondary_market_valuation_signals_r2761
true	true	true	true	true	true	true	true	postgres	0	true	false	true	segment_bu_pnl_capa_actions_r3509
true	true	true	true	true	true	true	true	postgres	0	true	false	true	segment_bu_pnl_r3509
true	true	true	true	true	true	true	true	postgres	2	true	false	true	seller_verification_requests
true	true	true	true	true	true	true	true	postgres	1	true	false	true	sentiment_recovery_actions_r2657
true	true	true	true	true	true	true	true	postgres	0	true	false	true	server_room_capa_actions_r3683
true	true	true	true	true	true	true	true	postgres	0	true	false	true	server_room_r3683
true	true	true	true	true	true	true	true	postgres	0	true	false	true	service_charge_capture_capa_actions_r3280
true	true	true	true	true	true	true	true	postgres	0	true	false	true	service_charge_capture_r3280
true	true	true	true	true	true	true	true	postgres	1	true	false	true	service_cost_monthly_rollup_r2368
true	true	true	true	true	true	true	true	postgres	1	true	false	true	service_cost_per_job_r2368
true	true	true	true	true	true	true	true	postgres	0	true	false	true	service_coverage_gap_capa_actions_r3500
true	true	true	true	true	true	true	true	postgres	0	true	false	true	service_coverage_gap_r3500
true	true	true	true	true	true	true	true	postgres	0	true	false	true	service_quality_audit_capa_actions_r3524
true	true	true	true	true	true	true	true	postgres	0	true	false	true	service_quality_audit_r3524
true	true	true	true	true	true	true	true	postgres	1	true	false	true	service_recovery_events_r2380
true	true	true	true	true	true	true	true	postgres	1	true	false	true	service_recovery_playbooks_r2380
true	true	true	true	true	true	true	true	postgres	0	true	false	true	service_region_heatmap_audit
true	true	true	true	true	true	true	true	postgres	0	true	false	true	service_region_snapshots
true	true	true	true	true	true	true	true	postgres	0	true	false	true	sga_opex_ratio_capa_actions_r3595
true	true	true	true	true	true	true	true	postgres	0	true	false	true	sga_opex_ratio_r3595
true	true	true	true	true	true	true	true	postgres	1	true	false	true	sharps_biohazard_corrective_actions_r2970
true	true	true	true	true	true	true	true	postgres	1	true	false	true	sharps_biohazard_sweeps_r2970
true	true	true	true	true	true	true	true	postgres	0	true	false	true	shelf_life_capa_actions_r3651
true	true	true	true	true	true	true	true	postgres	0	true	false	true	shelf_life_r3651
true	true	true	true	true	true	true	true	postgres	0	true	false	true	shops_estab_capa_actions_r3681
true	true	true	true	true	true	true	true	postgres	0	true	false	true	shops_estab_r3681
false	false	false	false	true	true	true	true	postgres	1	true	false	true	signage_damage_reports_r2992
true	true	true	true	true	true	true	true	postgres	0	true	false	true	site_hse_ptw_capa_actions_r3300
true	true	true	true	true	true	true	true	postgres	0	true	false	true	site_hse_ptw_r3300
true	true	true	true	true	true	true	true	postgres	1	true	false	true	skill_decay_alerts_r2414
true	true	true	true	true	true	true	true	postgres	0	true	false	true	skill_utilisation_capa_actions_r3204
true	true	true	true	true	true	true	true	postgres	0	true	false	true	skill_utilisation_r3204
true	true	true	true	true	true	true	true	postgres	1	true	false	true	skip_level_pulse_sessions_r3033
true	true	true	true	true	true	true	true	postgres	1	true	false	true	skip_level_strategic_signals_r3033
true	true	true	true	true	true	true	true	postgres	0	true	false	true	sku_catalog_capa_actions_r3706
true	true	true	true	true	true	true	true	postgres	0	true	false	true	sku_catalog_r3706
true	true	true	true	true	true	true	true	postgres	1	true	false	true	sla_credit_actions_r2684
true	true	true	true	true	true	true	true	postgres	0	true	false	true	sleep_lab_qc_capa_actions_r3330
true	true	true	true	true	true	true	true	postgres	0	true	false	true	sleep_lab_qc_r3330
false	false	false	false	true	true	true	true	postgres	1	true	false	true	sling_recall_actions_r3054
true	true	true	true	true	true	true	true	postgres	1	true	false	true	smart_iv_stand_battery_audits_r3040
false	false	false	false	true	true	true	true	postgres	1	true	false	true	smoke_evac_filter_replacements_r3028
false	false	false	false	true	true	true	true	postgres	1	true	false	true	smoke_evac_hospital_scorecard_r3028
true	true	true	true	true	true	true	true	postgres	0	true	false	true	soda_lime_canister_audits_r3122
true	true	true	true	true	true	true	true	postgres	0	true	false	true	soda_lime_capa_followups_r3122
true	true	true	true	true	true	true	true	postgres	0	true	false	true	solvency_capa_actions_r3618
true	true	true	true	true	true	true	true	postgres	0	true	false	true	solvency_r3618
true	true	true	true	true	true	true	true	postgres	0	true	false	true	spare_consumption_capa_actions_r3192
true	true	true	true	true	true	true	true	postgres	0	true	false	true	spare_consumption_r3192
true	true	true	true	true	true	true	true	postgres	1	true	false	true	spare_counterfeit_signals_r2812
false	false	false	false	false	false	false	false	postgres	1	true	false	true	spare_part_demand_signals
true	true	true	false	true	true	true	false	postgres	3	true	false	true	spare_part_orders
true	true	true	true	true	true	true	true	postgres	0	true	false	true	spare_part_reorder_capa_actions_r3272
true	true	true	true	true	true	true	true	postgres	0	true	false	true	spare_part_reorder_r3272
true	true	true	true	true	true	true	true	postgres	1	true	false	true	spare_part_substitution_events_r2704
true	true	true	true	true	true	true	true	postgres	1	true	false	true	spare_part_substitution_feedback_r2704
true	true	true	true	true	true	true	true	postgres	4	true	false	true	spare_parts
false	false	false	false	false	false	false	false	postgres	0	true	false	true	spare_parts_demand_snapshots
true	true	true	true	true	true	true	true	postgres	0	true	false	true	spare_parts_obsolescence_capa_actions_r3329
true	true	true	true	true	true	true	true	postgres	0	true	false	true	spare_parts_obsolescence_r3329
false	false	false	false	false	false	false	false	postgres	0	true	false	true	spare_parts_reorder_actions
true	true	true	true	true	true	true	true	postgres	1	true	false	true	spare_reorder_history_r2444
true	true	true	true	true	true	true	true	postgres	1	true	false	true	spare_stock_levels_r2444
true	true	true	true	true	true	true	true	postgres	1	true	false	true	spare_stockouts_r2416
true	true	true	true	true	true	true	true	postgres	1	true	false	true	speaking_lead_attributions_r2621
true	true	true	true	true	true	true	true	postgres	0	true	false	true	specialty_bed_qc_capa_actions_r3374
true	true	true	true	true	true	true	true	postgres	0	true	false	true	specialty_bed_qc_r3374
false	false	false	false	true	true	true	true	postgres	1	true	false	true	specimen_bag_heat_seal_audits_r3068
false	false	false	false	true	true	true	true	postgres	1	true	false	true	specimen_bag_remediation_actions_r3068
true	true	true	true	true	true	true	true	postgres	0	true	false	true	spectrophotometer_qc_capa_actions_r3486
true	true	true	true	true	true	true	true	postgres	0	true	false	true	spectrophotometer_qc_r3486
true	true	true	true	true	true	true	true	postgres	0	true	false	true	spend_analysis_capa_actions_r3599
true	true	true	true	true	true	true	true	postgres	0	true	false	true	spend_analysis_r3599
true	true	true	true	true	true	true	true	postgres	1	true	false	true	spend_attribution_changes_r2573
true	true	true	true	true	true	true	true	postgres	1	true	false	true	spending_correction_actions_r2585
false	false	true	false	false	false	true	false	postgres	1	true	false	true	spot_audit_invitations
false	false	true	false	false	false	true	false	postgres	1	true	false	true	spot_audit_responses
true	true	true	true	true	true	true	true	postgres	0	true	false	true	spot_monitor_capa_actions_r3235
true	true	true	true	true	true	true	true	postgres	0	true	false	true	spot_monitor_r3235
true	true	true	true	true	true	true	true	postgres	0	true	false	true	sqa_coverage_capa_actions_r3656
true	true	true	true	true	true	true	true	postgres	0	true	false	true	sqa_coverage_r3656
true	true	true	true	true	true	true	true	postgres	0	true	false	true	stage_gate_portfolio_capa_actions_r3481
true	true	true	true	true	true	true	true	postgres	0	true	false	true	stage_gate_portfolio_r3481
true	true	true	true	true	true	true	true	postgres	0	true	false	true	standard_costing_capa_actions_r3545
true	true	true	true	true	true	true	true	postgres	0	true	false	true	standard_costing_r3545
true	true	true	true	true	true	true	true	postgres	1	true	false	true	standardization_recommendation_r2764
true	true	true	true	true	true	true	true	postgres	0	true	false	true	standby_swap_capa_actions_r3256
true	true	true	true	true	true	true	true	postgres	0	true	false	true	standby_swap_r3256
true	true	true	true	true	true	true	true	postgres	0	true	false	true	stat_audit_capa_actions_r3614
true	true	true	true	true	true	true	true	postgres	0	true	false	true	stat_audit_r3614
true	true	true	true	true	true	true	true	postgres	0	true	false	true	stat_bonus_capa_actions_r3746
true	true	true	true	true	true	true	true	postgres	0	true	false	true	stat_bonus_r3746
true	true	true	true	true	true	true	true	postgres	0	true	false	true	steril_valid_capa_actions_r3646
true	true	true	true	true	true	true	true	postgres	0	true	false	true	steril_valid_r3646
true	true	true	true	true	true	true	true	postgres	1	true	false	true	steriliser_gasket_audit_visits_r3062
true	true	true	true	true	true	true	true	postgres	1	true	false	true	steriliser_gasket_replacement_orders_r3062
true	true	true	true	true	true	true	true	postgres	0	true	false	true	sterility_assurance_qc_capa_actions_r3419
true	true	true	true	true	true	true	true	postgres	0	true	false	true	sterility_assurance_qc_r3419
true	true	true	true	true	true	true	true	postgres	1	true	false	true	stickiness_improvement_actions_r2656
true	true	true	true	true	true	true	true	postgres	1	true	false	true	stockout_supplier_scorecard_r2416
true	true	true	true	true	true	true	true	postgres	0	true	false	true	store_rating_capa_actions_r3695
true	true	true	true	true	true	true	true	postgres	0	true	false	true	store_rating_r3695
true	true	true	true	true	true	true	true	postgres	1	true	false	true	strategic_bets_r2737
true	true	true	true	true	true	true	true	postgres	1	true	false	true	strategic_debt_pay_off_plans_r2521
true	true	true	true	true	true	true	true	postgres	1	true	false	true	strategic_hire_interview_log_r2473
true	true	true	true	true	true	true	true	postgres	1	true	false	true	strategic_narratives_r2853
true	true	true	true	true	true	true	true	postgres	1	true	false	true	strategic_new_hires_r2885
true	true	true	true	true	true	true	true	postgres	1	true	false	true	strategy_doc_stakeholder_reviews_r2485
true	true	true	true	true	true	true	true	postgres	1	true	false	true	stretcher_drop_tests_r3060
true	true	true	true	true	true	true	true	postgres	1	true	false	true	stretcher_latch_inspections_r3060
true	true	true	true	true	true	true	true	postgres	1	true	false	true	stuck_point_resolution_outcomes_r2544
true	true	true	true	true	true	true	true	postgres	1	true	false	true	sub_district_expansion_plan_r2965
true	true	true	true	true	true	true	true	postgres	1	true	false	true	sub_district_white_space_r2965
true	true	true	true	true	true	true	true	postgres	0	true	false	true	subcontractor_field_work_capa_actions_r3264
true	true	true	true	true	true	true	true	postgres	0	true	false	true	subcontractor_field_work_r3264
true	true	true	true	true	true	true	true	postgres	1	true	false	true	success_story_distribution_log_r2607
true	true	true	true	true	true	true	true	postgres	1	true	false	true	suction_audit_findings_r3058
true	true	true	true	true	true	true	true	postgres	1	true	false	true	suction_canister_units_r3058
true	true	true	true	true	true	true	true	postgres	1	true	false	true	suction_filter_replacements_r3014
true	true	true	true	true	true	true	true	postgres	0	true	false	true	suction_oxygen_qc_capa_actions_r3363
true	true	true	true	true	true	true	true	postgres	0	true	false	true	suction_oxygen_qc_r3363
true	true	true	true	true	true	true	true	postgres	1	true	false	true	suction_system_audits_r3014
false	false	false	false	false	false	false	false	postgres	0	true	false	true	supervised_job_assignments
true	true	true	true	true	true	true	true	postgres	1	true	false	true	supervisor_assignments_r2246
true	true	true	true	true	true	true	true	postgres	1	true	false	true	supervisor_monthly_reviews_r2262
true	true	true	true	true	true	true	true	postgres	1	true	false	true	supervisor_ratio_thresholds_r2246
true	true	true	true	true	true	true	true	postgres	0	true	false	true	supplier_concentration_risk_capa_actions_r3441
true	true	true	true	true	true	true	true	postgres	0	true	false	true	supplier_concentration_risk_r3441
true	true	true	true	true	true	true	true	postgres	0	true	false	true	supplier_esg_capa_actions_r3710
true	true	true	true	true	true	true	true	postgres	0	true	false	true	supplier_esg_r3710
true	true	true	true	true	true	true	true	postgres	0	true	false	true	supplier_oem_risk_capa_actions_r3385
true	true	true	true	true	true	true	true	postgres	0	true	false	true	supplier_oem_risk_r3385
true	true	true	true	true	true	true	true	postgres	0	true	false	true	supplier_qual_capa_actions_r3657
true	true	true	true	true	true	true	true	postgres	0	true	false	true	supplier_qual_r3657
true	true	true	true	true	true	true	true	postgres	1	true	false	true	supplier_quarantine_actions_r2812
true	true	true	true	true	true	true	true	postgres	0	true	false	true	support_helpdesk_ticket_capa_actions_r3284
true	true	true	true	true	true	true	true	postgres	0	true	false	true	support_helpdesk_ticket_r3284
true	true	true	true	true	true	true	true	postgres	3	true	false	true	support_tickets
true	true	true	true	true	true	true	true	postgres	1	true	false	true	surgical_drape_burn_tests_r3000
true	true	true	true	true	true	true	true	postgres	0	true	false	true	surgical_drill_capa_actions_r3222
true	true	true	true	true	true	true	true	postgres	0	true	false	true	surgical_drill_r3222
true	true	true	true	true	true	true	true	postgres	0	true	false	true	surgical_robot_margin_pressure_events_r3095
true	true	true	true	true	true	true	true	postgres	0	true	false	true	surgical_robot_service_contracts_r3095
false	false	false	false	true	true	true	true	postgres	1	true	false	true	surgical_tower_boom_audits_r3051
false	false	false	false	true	true	true	true	postgres	1	true	false	true	surgical_tower_boom_findings_r3051
true	true	true	true	true	true	true	true	postgres	0	true	false	true	surgical_tray_count_capa_actions_r3294
true	true	true	true	true	true	true	true	postgres	0	true	false	true	surgical_tray_count_r3294
true	true	true	true	true	true	true	true	postgres	0	true	false	true	surgnav_imaging_capa_actions_r3338
true	true	true	true	true	true	true	true	postgres	0	true	false	true	surgnav_imaging_r3338
true	true	true	true	true	true	true	true	postgres	0	true	false	true	suspense_acct_capa_actions_r3630
true	true	true	true	true	true	true	true	postgres	0	true	false	true	suspense_acct_r3630
true	true	true	true	true	true	true	true	postgres	0	true	false	true	svc_appointment_adherence_capa_actions_r3312
true	true	true	true	true	true	true	true	postgres	0	true	false	true	svc_appointment_adherence_r3312
true	true	true	true	true	true	true	true	postgres	0	true	false	true	svc_report_signoff_capa_actions_r3432
true	true	true	true	true	true	true	true	postgres	0	true	false	true	svc_report_signoff_r3432
true	true	true	true	true	true	true	true	postgres	0	true	false	true	swallow_study_qc_capa_actions_r3315
true	true	true	true	true	true	true	true	postgres	0	true	false	true	swallow_study_qc_r3315
true	true	true	true	true	true	true	true	postgres	1	true	false	true	switch_pressure_counter_actions_r2583
false	false	false	false	true	true	true	true	postgres	1	true	false	true	tablet_charging_cable_inspections_r3072
true	true	true	true	true	true	true	true	postgres	0	true	false	true	talent_pipeline_hipo_capa_actions_r3353
true	true	true	true	true	true	true	true	postgres	0	true	false	true	talent_pipeline_hipo_r3353
true	true	true	true	true	true	true	true	postgres	0	true	false	true	tax_filing_capa_actions_r3241
true	true	true	true	true	true	true	true	postgres	0	true	false	true	tax_filing_r3241
true	true	true	true	true	true	true	true	postgres	0	true	false	true	tcb_bilirubin_qc_capa_actions_r3439
true	true	true	true	true	true	true	true	postgres	0	true	false	true	tcb_bilirubin_qc_r3439
false	false	true	false	false	false	true	false	postgres	1	true	false	true	tds_deductions
true	true	true	true	true	true	true	true	postgres	1	true	false	true	tea_acceptance_audits_r2884
true	true	true	true	true	true	true	true	postgres	1	true	false	true	tea_offers_r2884
true	true	true	true	true	true	true	true	postgres	1	true	false	true	team_1on1_commitments_r2869
true	true	true	true	true	true	true	true	postgres	1	true	false	true	team_1on1_sessions_r2869
true	true	true	true	true	true	true	true	postgres	1	true	false	true	team_energy_actions_r2697
true	true	true	true	true	true	true	true	postgres	1	true	false	true	team_energy_pulse_r2697
true	true	true	true	true	true	true	true	postgres	1	true	false	true	team_energy_pulse_surveys_r2241
true	true	true	true	true	true	true	true	postgres	1	true	false	true	team_energy_pulse_themes_r2241
true	true	true	true	true	true	true	true	postgres	1	true	false	true	team_mission_clarity_checks_r2845
true	true	true	true	true	true	true	true	postgres	1	true	false	true	team_mission_clarity_signals_r2845
true	true	true	true	true	true	true	true	postgres	1	true	false	true	team_pulse_response_themes_r2545
true	true	true	true	true	true	true	true	postgres	0	true	false	true	tech_onboarding_ramp_capa_actions_r3484
true	true	true	true	true	true	true	true	postgres	0	true	false	true	tech_onboarding_ramp_r3484
true	true	true	true	true	true	true	true	postgres	0	true	false	true	telecom_spend_capa_actions_r3676
true	true	true	true	true	true	true	true	postgres	0	true	false	true	telecom_spend_r3676
true	true	true	true	true	true	true	true	postgres	0	true	false	true	telemetry_station_capa_actions_r3223
true	true	true	true	true	true	true	true	postgres	0	true	false	true	telemetry_station_r3223
true	true	true	true	true	true	true	true	postgres	1	true	false	true	temperature_intervention_actions_r2652
true	true	true	true	true	true	true	true	postgres	0	true	false	true	tender_emd_bg_capa_actions_r3289
true	true	true	true	true	true	true	true	postgres	0	true	false	true	tender_emd_bg_r3289
true	true	true	true	true	true	true	true	postgres	1	true	false	true	tender_response_roi_r2219
true	true	true	true	true	true	true	true	postgres	1	true	false	true	tender_roi_milestones_r2219
true	true	true	true	true	true	true	true	postgres	1	true	false	true	thank_you_followup_actions_r2622
true	true	true	true	true	true	true	true	postgres	1	true	false	true	thank_you_notes_r2690
true	true	true	true	true	true	true	true	postgres	1	true	false	true	thank_you_outcomes_r2690
true	true	true	true	true	true	true	true	postgres	0	true	false	true	thoracoscope_qc_capa_actions_r3551
true	true	true	true	true	true	true	true	postgres	0	true	false	true	thoracoscope_qc_r3551
true	true	true	true	true	true	true	true	postgres	1	true	false	true	ticket_nps_correlation_actions_r2384
true	true	true	true	true	true	true	true	postgres	1	true	false	true	ticket_nps_correlation_samples_r2384
true	true	true	true	true	true	true	true	postgres	1	true	false	true	ticket_recurrence_clusters_r2284
true	true	true	true	true	true	true	true	postgres	1	true	false	true	ticket_recurrence_rca_log_r2284
true	true	true	true	true	true	true	true	postgres	0	true	false	true	ticket_reopen_capa_actions_r3548
true	true	true	true	true	true	true	true	postgres	0	true	false	true	ticket_reopen_r3548
true	true	true	true	true	true	true	true	postgres	1	true	false	true	tier2_outreach_followups_r3045
true	true	true	true	true	true	true	true	postgres	1	true	false	true	tier2_outreach_sessions_r3045
true	true	true	true	true	true	true	true	postgres	1	true	false	true	tier_promotion_log_r2644
true	true	true	true	true	true	true	true	postgres	1	true	false	true	tier_promotion_pipeline_r2506
true	true	true	true	true	true	true	true	postgres	1	true	false	true	time_allocation_corrections_r2633
true	true	true	true	true	true	true	true	postgres	1	true	false	true	time_distribution_insights_r2498
true	true	true	true	true	true	true	true	postgres	0	true	false	true	tomotherapy_qc_capa_actions_r3587
true	true	true	true	true	true	true	true	postgres	0	true	false	true	tomotherapy_qc_r3587
true	true	true	true	true	true	true	true	postgres	1	true	false	true	tone_drift_findings_r3057
true	true	true	true	true	true	true	true	postgres	0	true	false	true	tool_box_calibration_sticker_audits_r2922
true	true	true	true	true	true	true	true	postgres	0	true	false	true	tool_box_sticker_remediation_actions_r2922
true	true	true	true	true	true	true	true	postgres	1	true	false	true	tool_kit_audits_r2434
true	true	true	true	true	true	true	true	postgres	0	true	false	true	tool_kit_readiness_capa_actions_r3168
true	true	true	true	true	true	true	true	postgres	0	true	false	true	tool_kit_readiness_r3168
true	true	true	true	true	true	true	true	postgres	1	true	false	true	tool_loss_repeat_offenders_r2486
true	true	true	true	true	true	true	true	postgres	0	true	false	true	toolbox_talk_capa_actions_r3560
true	true	true	true	true	true	true	true	postgres	0	true	false	true	toolbox_talk_r3560
false	false	false	false	true	true	true	true	postgres	1	true	false	true	townhall_questions_r2981
false	false	false	false	true	true	true	true	postgres	1	true	false	true	townhall_sessions_r2981
true	true	true	true	true	true	true	true	postgres	0	true	false	true	traction_unit_qc_capa_actions_r3511
true	true	true	true	true	true	true	true	postgres	0	true	false	true	traction_unit_qc_r3511
true	true	true	true	true	true	true	true	postgres	0	true	false	true	trade_in_capa_actions_r3716
true	true	true	true	true	true	true	true	postgres	0	true	false	true	trade_in_r3716
true	true	true	true	true	true	true	true	postgres	0	true	false	true	trade_payables_capa_actions_r3333
true	true	true	true	true	true	true	true	postgres	0	true	false	true	trade_payables_r3333
true	true	true	true	true	true	true	true	postgres	0	true	false	true	trade_secret_vault_r2909
true	true	true	true	true	true	true	true	postgres	0	true	false	true	trade_union_capa_actions_r3750
true	true	true	true	true	true	true	true	postgres	0	true	false	true	trade_union_r3750
true	true	true	true	true	true	true	true	postgres	0	true	false	true	trademark_brand_capa_actions_r3365
true	true	true	true	true	true	true	true	postgres	0	true	false	true	trademark_brand_r3365
true	true	true	true	true	true	true	true	postgres	0	true	false	true	transcutaneous_po2_qc_capa_actions_r3526
true	true	true	true	true	true	true	true	postgres	0	true	false	true	transcutaneous_po2_qc_r3526
true	true	true	true	true	true	true	true	postgres	0	true	false	true	transit_damage_capa_actions_r3664
true	true	true	true	true	true	true	true	postgres	0	true	false	true	transit_damage_r3664
true	true	true	true	true	true	true	true	postgres	0	true	false	true	transport_incubator_qc_capa_actions_r3539
true	true	true	true	true	true	true	true	postgres	0	true	false	true	transport_incubator_qc_r3539
true	true	true	true	true	true	true	true	postgres	0	true	false	true	transport_vent_qc_capa_actions_r3362
true	true	true	true	true	true	true	true	postgres	0	true	false	true	transport_vent_qc_r3362
true	true	true	true	true	true	true	true	postgres	0	true	false	true	travel_desk_capa_actions_r3675
true	true	true	true	true	true	true	true	postgres	0	true	false	true	travel_desk_r3675
false	false	false	false	true	true	true	true	postgres	1	true	false	true	tray_window_audits_r3043
false	false	false	false	true	true	true	true	postgres	1	true	false	true	tray_window_findings_r3043
false	false	false	false	true	true	true	true	postgres	1	true	false	true	treasury_bond_holdings_r2961
true	true	true	true	true	true	true	true	postgres	0	true	false	true	treasury_cash_flow_capa_actions_r3421
true	true	true	true	true	true	true	true	postgres	0	true	false	true	treasury_cash_flow_r3421
true	true	true	true	true	true	true	true	postgres	0	true	false	true	treasury_surplus_fund_capa_actions_r3401
true	true	true	true	true	true	true	true	postgres	0	true	false	true	treasury_surplus_fund_r3401
false	false	false	false	true	true	true	true	postgres	1	true	false	true	treasury_yield_curve_points_r2961
true	true	true	true	true	true	true	true	postgres	1	true	false	true	trend_alert_actions_r2592
true	true	true	true	true	true	true	true	postgres	0	true	false	true	truck_audit_discrepancies_r2914
true	true	true	true	true	true	true	true	postgres	1	true	false	true	truck_roll_avoidability_analysis_r2502
false	false	false	false	true	true	true	true	postgres	1	true	false	true	trust_channel_sessions_r3061
false	false	false	false	true	true	true	true	postgres	1	true	false	true	trust_channel_themes_r3061
true	true	true	true	true	true	true	true	postgres	1	true	false	true	trust_event_log_r2574
true	true	true	true	true	true	true	true	postgres	1	true	false	true	trust_recovery_steps_r2626
true	true	true	true	true	true	true	true	postgres	1	true	false	true	trust_temperature_interventions_r2722
true	true	true	true	true	true	true	true	postgres	1	true	false	true	trustee_touch_events_r2579
true	true	true	true	true	true	true	true	postgres	0	true	false	true	ttm_readiness_capa_actions_r3259
true	true	true	true	true	true	true	true	postgres	0	true	false	true	ttm_readiness_r3259
true	true	true	true	true	true	true	true	postgres	0	true	false	true	tympanometer_qc_capa_actions_r3454
true	true	true	true	true	true	true	true	postgres	0	true	false	true	tympanometer_qc_r3454
true	true	true	true	true	true	true	true	postgres	0	true	false	true	udi_trace_capa_actions_r3639
true	true	true	true	true	true	true	true	postgres	0	true	false	true	udi_trace_r3639
true	true	true	true	true	true	true	true	postgres	1	true	false	true	ugc_inspections_r2718
true	true	true	true	true	true	true	true	postgres	1	true	false	true	ugc_violations_r2718
true	true	true	true	true	true	true	true	postgres	0	true	false	true	ult_freezer_qc_capa_actions_r3474
true	true	true	true	true	true	true	true	postgres	0	true	false	true	ult_freezer_qc_r3474
false	false	false	false	true	true	true	true	postgres	1	true	false	true	ultrasound_probe_audit_findings_r2967
true	true	true	true	true	true	true	true	postgres	0	true	false	true	ultrasound_probe_capa_actions_r3167
false	false	false	false	true	true	true	true	postgres	1	true	false	true	ultrasound_probe_fleet_r2967
true	true	true	true	true	true	true	true	postgres	0	true	false	true	ultrasound_probe_r3167
true	true	true	true	true	true	true	true	postgres	1	true	false	true	uniform_compliance_actions_r2736
true	true	true	true	true	true	true	true	postgres	1	true	false	true	uniform_photo_captures_r2736
true	true	true	true	true	true	true	true	postgres	0	true	false	true	unit_economics_capa_actions_r3189
true	true	true	true	true	true	true	true	postgres	0	true	false	true	unit_economics_r3189
true	true	true	true	true	true	true	true	postgres	1	true	false	true	update_followup_actions_r2669
true	true	true	true	true	true	true	true	postgres	1	true	false	true	update_recipient_replies_r2441
true	true	true	true	true	true	true	true	postgres	0	true	false	true	ups_backup_coverage_targets_r2926
true	true	true	true	true	true	true	true	postgres	0	true	false	true	ups_backup_tests_r2926
true	true	true	true	true	true	true	true	postgres	0	true	false	true	ups_battery_capa_actions_r3199
true	true	true	true	true	true	true	true	postgres	0	true	false	true	ups_battery_r3199
true	true	true	true	true	true	true	true	postgres	1	true	false	true	ups_bypass_events_r2974
true	true	true	true	true	true	true	true	postgres	1	true	false	true	uptime_breach_actions_r2612
true	true	true	true	true	true	true	true	postgres	1	true	false	true	uptime_credit_payment_log_r2568
true	true	true	true	true	true	true	true	postgres	1	true	false	true	uptime_sla_records_r2684
true	true	true	true	true	true	true	true	postgres	0	true	false	true	ureteroscope_qc_capa_actions_r3390
true	true	true	true	true	true	true	true	postgres	0	true	false	true	ureteroscope_qc_r3390
true	true	true	true	true	true	true	true	postgres	0	true	false	true	urine_analyzer_qc_capa_actions_r3463
true	true	true	true	true	true	true	true	postgres	0	true	false	true	urine_analyzer_qc_r3463
true	true	true	true	true	true	true	true	postgres	0	true	false	true	urodynamics_uroflow_qc_capa_actions_r3255
true	true	true	true	true	true	true	true	postgres	0	true	false	true	urodynamics_uroflow_qc_r3255
true	true	true	true	true	true	true	true	postgres	0	true	false	true	usage_hours_meter_capa_actions_r3532
true	true	true	true	true	true	true	true	postgres	0	true	false	true	usage_hours_meter_r3532
true	true	true	true	true	true	true	true	postgres	4	true	false	true	user_addresses
true	true	true	true	true	true	true	true	postgres	3	true	false	true	user_blocks
true	true	true	true	true	true	true	true	postgres	0	true	false	true	user_cert_capa_actions_r3738
true	true	true	true	true	true	true	true	postgres	0	true	false	true	user_cert_r3738
true	true	true	true	true	true	true	true	postgres	4	true	false	true	user_profile_settings
true	true	true	true	true	true	true	true	postgres	1	true	false	true	util_gap_cause_action_r2700
true	true	true	true	true	true	true	true	postgres	1	true	false	true	utilization_action_log_r2440
true	true	true	true	true	true	true	true	postgres	1	true	false	true	utilization_growth_lever_actions_r2580
true	true	true	true	true	true	true	true	postgres	1	true	false	true	utilization_improvement_actions_r2664
true	true	true	true	true	true	true	true	postgres	0	true	false	true	uvc_disinfection_qc_capa_actions_r3578
true	true	true	true	true	true	true	true	postgres	0	true	false	true	uvc_disinfection_qc_r3578
true	true	true	true	true	true	true	true	postgres	0	true	false	true	van_stock_capa_actions_r3148
true	true	true	true	true	true	true	true	postgres	0	true	false	true	van_stock_r3148
true	true	true	true	true	true	true	true	postgres	0	true	false	true	vaporizer_calibration_logs_r3096
true	true	true	true	true	true	true	true	postgres	0	true	false	true	vaporizer_capa_queue_r3096
true	true	true	true	true	true	true	true	postgres	1	true	false	true	vaporizer_discipline_scorecards_r3086
true	true	true	true	true	true	true	true	postgres	1	true	false	true	vaporizer_refill_visits_r3086
true	true	true	true	true	true	true	true	postgres	1	true	false	true	variance_dispute_outcomes_r2836
true	true	true	true	true	true	true	true	postgres	0	true	false	true	vascular_doppler_abi_qc_capa_actions_r3522
true	true	true	true	true	true	true	true	postgres	0	true	false	true	vascular_doppler_abi_qc_r3522
true	true	true	true	true	true	true	true	postgres	1	true	false	true	vehicle_maintenance_log_r2710
true	true	true	true	true	true	true	true	postgres	1	true	false	true	vehicle_outlier_flags_r2426
true	true	true	true	true	true	true	true	postgres	0	true	false	true	vein_finder_qc_capa_actions_r3530
true	true	true	true	true	true	true	true	postgres	0	true	false	true	vein_finder_qc_r3530
false	false	false	false	true	true	true	true	postgres	1	true	false	true	vendor_action_log_r2225
true	true	true	true	true	true	true	true	postgres	0	true	false	true	vendor_advance_capa_actions_r3616
true	true	true	true	true	true	true	true	postgres	0	true	false	true	vendor_advance_r3616
true	true	true	true	true	true	true	true	postgres	1	true	false	true	vendor_comparison_win_loss_log_r2567
true	true	true	true	true	true	true	true	postgres	1	true	false	true	vendor_contracts_r2449
true	true	true	true	true	true	true	true	postgres	0	true	false	true	vendor_debar_capa_actions_r3723
true	true	true	true	true	true	true	true	postgres	0	true	false	true	vendor_debar_r3723
true	true	true	true	true	true	true	true	postgres	0	true	false	true	vendor_invoice_match_capa_actions_r3404
true	true	true	true	true	true	true	true	postgres	0	true	false	true	vendor_invoice_match_r3404
true	true	true	true	true	true	true	true	postgres	0	true	false	true	vendor_ledger_capa_actions_r3624
true	true	true	true	true	true	true	true	postgres	0	true	false	true	vendor_ledger_r3624
true	true	true	true	true	true	true	true	postgres	0	true	false	true	vendor_rebate_accrual_capa_actions_r3517
true	true	true	true	true	true	true	true	postgres	0	true	false	true	vendor_rebate_accrual_r3517
false	false	false	false	true	true	true	true	postgres	1	true	false	true	vendor_relationship_scores_r2225
true	true	true	true	true	true	true	true	postgres	1	true	false	true	vendor_replacement_queue_v2
true	true	true	true	true	true	true	true	postgres	1	true	false	true	vendor_risk_review_log_r2449
true	true	true	true	true	true	true	true	postgres	0	true	false	true	vendor_sla_capa_actions_r3157
true	true	true	true	true	true	true	true	postgres	0	true	false	true	vendor_sla_r3157
true	true	true	true	true	true	true	true	postgres	1	true	false	true	vendor_sla_scorecards_v2
true	true	true	true	true	true	true	true	postgres	1	true	false	true	ventilator_calibration_runs_r3106
true	true	true	true	true	true	true	true	postgres	1	true	false	true	ventilator_capa_actions_r3106
true	true	true	true	true	true	true	true	postgres	0	true	false	true	ventilator_pm_capa_actions_r3142
true	true	true	true	true	true	true	true	postgres	0	true	false	true	ventilator_pm_r3142
true	true	true	true	true	true	true	true	postgres	1	true	false	true	vesting_events_r2741
true	true	true	true	true	true	true	true	postgres	0	true	false	true	video_eeg_emu_qc_capa_actions_r3571
true	true	true	true	true	true	true	true	postgres	0	true	false	true	video_eeg_emu_qc_r3571
true	true	true	true	true	true	true	true	postgres	0	true	false	true	video_laryngoscope_qc_capa_actions_r3459
true	true	true	true	true	true	true	true	postgres	0	true	false	true	video_laryngoscope_qc_r3459
true	true	true	true	true	true	true	true	postgres	1	true	false	true	vip_concierge_accounts
true	true	true	true	true	true	true	true	postgres	1	true	false	true	vip_concierge_touchpoints
false	false	false	false	true	true	true	true	postgres	1	true	false	true	vip_recognition_events_r2946
true	true	true	true	true	true	true	true	postgres	1	true	false	true	vip_white_glove_events_r2471
false	false	false	false	true	true	true	true	postgres	1	true	false	true	virtual_call_sessions
true	true	true	true	true	true	true	true	postgres	0	true	false	true	viscoelastic_poct_qc_capa_actions_r3410
true	true	true	true	true	true	true	true	postgres	0	true	false	true	viscoelastic_poct_qc_r3410
true	true	true	true	true	true	true	true	postgres	1	true	false	true	vision_alignment_practices_r2637
true	true	true	true	true	true	true	true	postgres	0	true	false	true	visit_photo_authenticity_checks_r2924
false	false	false	false	true	true	true	true	postgres	1	true	false	true	visitor_wifi_throttle_events_r2984
true	true	true	true	true	true	true	true	postgres	0	true	false	true	vital_signs_spo2_nibp_qc_capa_actions_r3431
true	true	true	true	true	true	true	true	postgres	0	true	false	true	vital_signs_spo2_nibp_qc_r3431
true	true	true	true	true	true	true	true	postgres	0	true	false	true	vortex_shaker_qc_capa_actions_r3499
true	true	true	true	true	true	true	true	postgres	0	true	false	true	vortex_shaker_qc_r3499
true	true	true	true	true	true	true	true	postgres	0	true	false	true	vuln_sla_capa_actions_r3660
true	true	true	true	true	true	true	true	postgres	0	true	false	true	vuln_sla_r3660
true	true	true	true	true	true	true	true	postgres	0	true	false	true	wacc_hurdle_rate_capa_actions_r3525
true	true	true	true	true	true	true	true	postgres	0	true	false	true	wacc_hurdle_rate_r3525
true	true	true	true	true	true	true	true	postgres	0	true	false	true	warehouse_gdp_capa_actions_r3684
true	true	true	true	true	true	true	true	postgres	0	true	false	true	warehouse_gdp_r3684
true	true	true	true	true	true	true	true	postgres	0	true	false	true	warming_device_qc_capa_actions_r3366
true	true	true	true	true	true	true	true	postgres	0	true	false	true	warming_device_qc_r3366
true	true	true	true	true	true	true	true	postgres	0	true	false	true	warranty_billable_class_capa_actions_r3516
true	true	true	true	true	true	true	true	postgres	0	true	false	true	warranty_billable_class_r3516
true	true	true	true	true	true	true	true	postgres	0	true	false	true	warranty_claim_capa_actions_r3176
true	true	true	true	true	true	true	true	postgres	1	true	false	true	warranty_claim_decisions_r2488
true	true	true	true	true	true	true	true	postgres	1	true	false	true	warranty_claim_disposition_r2680
true	true	true	true	true	true	true	true	postgres	1	true	false	true	warranty_claim_dispute_notes_r2680
true	true	true	true	true	true	true	true	postgres	1	true	false	true	warranty_claim_losses_r2227
true	true	true	true	true	true	true	true	postgres	0	true	false	true	warranty_claim_r3176
true	true	true	true	true	true	true	true	postgres	1	true	false	true	warranty_claims_r2424
true	true	true	true	true	true	true	true	postgres	1	true	false	true	warranty_conversion_touches_r2239
true	true	true	true	true	true	true	true	postgres	1	true	false	true	warranty_expiry_pipeline_r2239
true	true	true	true	true	true	true	true	postgres	1	true	false	true	warranty_extension_cohort_snapshots_r2392
true	true	true	true	true	true	true	true	postgres	1	true	false	true	warranty_extension_offers_r2392
true	true	true	true	true	true	true	true	postgres	1	true	false	true	warranty_extension_outcomes_r2744
true	true	true	true	true	true	true	true	postgres	1	true	false	true	warranty_extension_pitches_r2744
true	true	true	true	true	true	true	true	postgres	0	true	false	true	warranty_provision_reserve_capa_actions_r3437
true	true	true	true	true	true	true	true	postgres	0	true	false	true	warranty_provision_reserve_r3437
true	true	true	true	true	true	true	true	postgres	1	true	false	true	warranty_renewal_outcomes_r2620
true	true	true	true	true	true	true	true	postgres	1	true	false	true	warranty_supplier_liability_r2424
true	true	true	true	true	true	true	true	postgres	1	true	false	true	warranty_vendor_recoveries_r2227
true	true	true	true	true	true	true	true	postgres	0	true	false	true	water_hygiene_capa_actions_r3690
true	true	true	true	true	true	true	true	postgres	0	true	false	true	water_hygiene_r3690
true	true	true	true	true	true	true	true	postgres	0	true	false	true	water_still_qc_capa_actions_r3491
true	true	true	true	true	true	true	true	postgres	0	true	false	true	water_still_qc_r3491
true	true	true	true	true	true	true	true	postgres	0	true	false	true	wc_claims_capa_actions_r3753
true	true	true	true	true	true	true	true	postgres	0	true	false	true	wc_claims_r3753
true	true	true	true	true	true	true	true	postgres	1	true	false	true	weekend_ot_fairness_metrics_r2526
true	true	true	true	true	true	true	true	postgres	0	true	false	true	weekly_ccc_snapshots_r2897
true	true	true	true	true	true	true	true	postgres	1	true	false	true	weekly_inbox_zero_emails_r2389
true	true	true	true	true	true	true	true	postgres	1	true	false	true	weekly_inbox_zero_snapshots_r2389
true	true	true	true	true	true	true	true	postgres	1	true	false	true	weekly_metric_anomaly_reviews_r2203
true	true	true	true	true	true	true	true	postgres	1	true	false	true	weekly_metric_snapshots_r2203
true	true	true	true	true	true	true	true	postgres	1	true	false	true	weekly_no_show_metrics_r2465
false	false	false	false	true	true	true	true	postgres	1	true	false	true	weighing_scale_calibration_visits_r3006
false	false	false	false	true	true	true	true	postgres	1	true	false	true	weighing_scale_patient_incidents_r3006
true	true	true	true	true	true	true	true	postgres	0	true	false	true	weighscale_capa_actions_r3687
true	true	true	true	true	true	true	true	postgres	0	true	false	true	weighscale_r3687
true	true	true	true	true	true	true	true	postgres	0	true	false	true	wo_esign_capa_actions_r3380
true	true	true	true	true	true	true	true	postgres	0	true	false	true	wo_esign_r3380
true	true	true	true	true	true	true	true	postgres	0	true	false	true	working_capital_facilities_r2933
true	true	true	true	true	true	true	true	postgres	0	true	false	true	workshop_bench_repair_capa_actions_r3260
true	true	true	true	true	true	true	true	postgres	0	true	false	true	workshop_bench_repair_r3260
true	true	true	true	true	true	true	true	postgres	1	true	false	true	wrapper_audit_corrective_actions_r3035
false	false	false	false	true	true	true	true	postgres	1	true	false	true	wristband_printers_r3036
true	true	true	true	true	true	true	true	postgres	0	true	false	true	zbb_cost_line_challenge_capa_actions_r3413
true	true	true	true	true	true	true	true	postgres	0	true	false	true	zbb_cost_line_challenge_r3413
true	true	true	true	true	true	true	true	postgres	1	true	false	true	zone_demand_forecast_r2350
